time,open,high,low,close,tick_volume,spread
2026-04-28 08:02:00,1.17114,1.17124,1.17114,1.17123,18,19
2026-04-28 08:03:00,1.17123,1.17123,1.17114,1.17115,20,19
2026-04-28 08:04:00,1.17115,1.17121,1.17115,1.17121,13,19
2026-04-28 08:05:00,1.1712,1.17121,1.17115,1.17115,14,19
2026-04-28 08:06:00,1.17115,1.17115,1.1710099999999999,1.17105,29,19
2026-04-28 08:07:00,1.17105,1.17108,1.171,1.17104,23,19
2026-04-28 08:08:00,1.17102,1.17102,1.1709,1.17096,25,19
2026-04-28 08:09:00,1.17095,1.17099,1.1709100000000001,1.17099,20,19
2026-04-28 08:10:00,1.171,1.17104,1.17098,1.1710099999999999,24,19
2026-04-28 08:11:00,1.1710099999999999,1.1710099999999999,1.17093,1.17094,43,19
2026-04-28 08:12:00,1.17093,1.17094,1.17085,1.17087,28,19
2026-04-28 08:13:00,1.17086,1.1709100000000001,1.17084,1.1709,25,20
2026-04-28 08:14:00,1.1709100000000001,1.17096,1.17086,1.17096,17,20
2026-04-28 08:15:00,1.17097,1.17099,1.1709,1.1709100000000001,25,19
2026-04-28 08:16:00,1.17092,1.17096,1.1709100000000001,1.17095,22,19
2026-04-28 08:17:00,1.17094,1.17095,1.17089,1.1709,13,19
2026-04-28 08:18:00,1.1709,1.17095,1.1709,1.17095,3,20
2026-04-28 08:19:00,1.17096,1.171,1.17095,1.171,8,20
2026-04-28 08:20:00,1.1710099999999999,1.17102,1.171,1.1710099999999999,13,20
2026-04-28 08:21:00,1.1710099999999999,1.17111,1.171,1.17108,28,20
2026-04-28 08:22:00,1.17109,1.17111,1.17109,1.17111,2,20
2026-04-28 08:23:00,1.17111,1.17116,1.17106,1.17116,24,19
2026-04-28 08:24:00,1.17117,1.1712,1.17116,1.17119,20,19
2026-04-28 08:25:00,1.17118,1.1712,1.17112,1.17113,28,19
2026-04-28 08:26:00,1.17114,1.17116,1.17112,1.17115,26,19
2026-04-28 08:27:00,1.17115,1.17116,1.17111,1.17112,9,19
2026-04-28 08:28:00,1.17112,1.17115,1.17112,1.17115,4,19
2026-04-28 08:29:00,1.17116,1.17119,1.17114,1.17118,10,19
2026-04-28 08:30:00,1.17117,1.17117,1.17103,1.1711,31,19
2026-04-28 08:31:00,1.17107,1.17111,1.17106,1.1711,23,19
2026-04-28 08:32:00,1.1711,1.17114,1.17107,1.17107,12,19
2026-04-28 08:33:00,1.17106,1.17116,1.17103,1.17111,32,19
2026-04-28 08:34:00,1.1711,1.1711,1.171,1.171,26,19
2026-04-28 08:35:00,1.17099,1.171,1.1709100000000001,1.1709100000000001,35,19
2026-04-28 08:36:00,1.1709,1.1709,1.17074,1.17077,36,19
2026-04-28 08:37:00,1.17077,1.17081,1.17073,1.17075,36,19
2026-04-28 08:38:00,1.17075,1.17075,1.17066,1.17068,60,19
2026-04-28 08:39:00,1.1706699999999999,1.17077,1.1706699999999999,1.17074,36,19
2026-04-28 08:40:00,1.17073,1.17075,1.1706699999999999,1.17074,47,19
2026-04-28 08:41:00,1.17075,1.17075,1.17064,1.17068,26,20
2026-04-28 08:42:00,1.1706699999999999,1.17073,1.17063,1.17072,27,19
2026-04-28 08:43:00,1.17073,1.17074,1.17068,1.17068,39,19
2026-04-28 08:44:00,1.17068,1.1707,1.17066,1.17069,28,19
2026-04-28 08:45:00,1.17068,1.1707,1.17064,1.17065,20,19
2026-04-28 08:46:00,1.17065,1.1707,1.17063,1.1707,32,19
2026-04-28 08:47:00,1.1707,1.17084,1.1707,1.17081,15,19
2026-04-28 08:48:00,1.17082,1.17082,1.17077,1.17078,12,19
2026-04-28 08:49:00,1.17078,1.17079,1.17073,1.17074,15,19
2026-04-28 08:50:00,1.17073,1.17075,1.17069,1.17074,31,19
2026-04-28 08:51:00,1.17073,1.17076,1.17072,1.17075,27,19
2026-04-28 08:52:00,1.17075,1.17078,1.17069,1.17072,27,19
2026-04-28 08:53:00,1.17071,1.17074,1.17069,1.1707,23,19
2026-04-28 08:54:00,1.17071,1.17072,1.17062,1.17063,23,19
2026-04-28 08:55:00,1.17064,1.17074,1.17064,1.17069,41,19
2026-04-28 08:56:00,1.17069,1.17071,1.17063,1.17065,35,20
2026-04-28 08:57:00,1.17066,1.17071,1.1706,1.17063,35,19
2026-04-28 08:58:00,1.17063,1.17063,1.17043,1.17053,46,19
2026-04-28 08:59:00,1.17054,1.17055,1.17047,1.17051,50,19
2026-04-28 09:00:00,1.17048,1.17048,1.1702,1.17023,77,19
2026-04-28 09:01:00,1.17021,1.17021,1.17005,1.17007,62,19
2026-04-28 09:02:00,1.17007,1.17024,1.17007,1.17019,52,19
2026-04-28 09:03:00,1.1702,1.17034,1.17019,1.17025,43,19
2026-04-28 09:04:00,1.17028,1.1703999999999999,1.17027,1.17039,51,19
2026-04-28 09:05:00,1.17038,1.17051,1.17037,1.17049,36,19
2026-04-28 09:06:00,1.17048,1.17059,1.17048,1.17057,25,19
2026-04-28 09:07:00,1.17057,1.17063,1.17055,1.1706,27,19
2026-04-28 09:08:00,1.17061,1.17068,1.17061,1.17066,35,19
2026-04-28 09:09:00,1.1706699999999999,1.17071,1.17064,1.17065,34,19
2026-04-28 09:10:00,1.1706699999999999,1.17068,1.17061,1.17061,23,19
2026-04-28 09:11:00,1.17061,1.17061,1.17045,1.17053,27,19
2026-04-28 09:12:00,1.17053,1.17053,1.17043,1.17044,23,19
2026-04-28 09:13:00,1.17043,1.17043,1.1703000000000001,1.17031,31,19
2026-04-28 09:14:00,1.17031,1.17042,1.17028,1.1703999999999999,21,19
2026-04-28 09:15:00,1.1703999999999999,1.17045,1.17026,1.17026,31,19
2026-04-28 09:16:00,1.17026,1.17035,1.17026,1.17035,18,19
2026-04-28 09:17:00,1.17035,1.17035,1.17015,1.17016,25,19
2026-04-28 09:18:00,1.17015,1.17018,1.17011,1.17012,36,19
2026-04-28 09:19:00,1.17013,1.17025,1.17011,1.17013,34,19
2026-04-28 09:20:00,1.17012,1.17016,1.17007,1.17011,41,19
2026-04-28 09:21:00,1.17013,1.17016,1.17011,1.17014,22,19
2026-04-28 09:22:00,1.17014,1.17015,1.1701,1.1701,11,19
2026-04-28 09:23:00,1.17011,1.17015,1.1701,1.17014,17,19
2026-04-28 09:24:00,1.17013,1.17014,1.17,1.17009,59,19
2026-04-28 09:25:00,1.1701,1.17017,1.17009,1.17011,40,19
2026-04-28 09:26:00,1.17013,1.17026,1.1701,1.17024,42,19
2026-04-28 09:27:00,1.17023,1.17033,1.17023,1.17027,24,19
2026-04-28 09:28:00,1.17026,1.17035,1.17026,1.17033,35,19
2026-04-28 09:29:00,1.17034,1.17036,1.17027,1.1703000000000001,30,19
2026-04-28 09:30:00,1.1703000000000001,1.17035,1.17027,1.17027,20,19
2026-04-28 09:31:00,1.17024,1.17027,1.17016,1.17021,32,19
2026-04-28 09:32:00,1.17022,1.17027,1.17021,1.17022,34,19
2026-04-28 09:33:00,1.17022,1.17022,1.17004,1.17014,38,19
2026-04-28 09:34:00,1.17013,1.17016,1.17005,1.17016,38,19
2026-04-28 09:35:00,1.17016,1.17016,1.17001,1.17001,29,19
2026-04-28 09:36:00,1.17001,1.17007,1.16993,1.17,42,19
2026-04-28 09:37:00,1.17001,1.17001,1.16992,1.16997,37,19
2026-04-28 09:38:00,1.16996,1.17002,1.16985,1.16992,62,19
2026-04-28 09:39:00,1.16994,1.17007,1.16989,1.1700599999999999,37,19
2026-04-28 09:40:00,1.17007,1.17012,1.17005,1.1700599999999999,19,19
2026-04-28 09:41:00,1.1700599999999999,1.17013,1.17003,1.17003,31,19
2026-04-28 09:42:00,1.17004,1.17018,1.17003,1.17018,20,19
2026-04-28 09:43:00,1.17016,1.17022,1.16996,1.17,48,19
2026-04-28 09:44:00,1.16999,1.17004,1.16991,1.16991,52,19
2026-04-28 09:45:00,1.16993,1.17,1.1699,1.1699,52,19
2026-04-28 09:46:00,1.16991,1.16991,1.16984,1.16984,54,19
2026-04-28 09:47:00,1.16984,1.16984,1.16929,1.16932,112,19
2026-04-28 09:48:00,1.16932,1.16933,1.1690800000000001,1.1692,59,19
2026-04-28 09:49:00,1.1691799999999999,1.16926,1.16903,1.16926,67,19
2026-04-28 09:50:00,1.16926,1.16931,1.16923,1.16931,44,19
2026-04-28 09:51:00,1.16931,1.16936,1.16921,1.16923,48,19
2026-04-28 09:52:00,1.16921,1.16921,1.16912,1.16916,39,19
2026-04-28 09:53:00,1.16916,1.16925,1.16913,1.16916,57,19
2026-04-28 09:54:00,1.16915,1.16916,1.1691,1.16916,35,19
2026-04-28 09:55:00,1.16915,1.16915,1.16893,1.16899,79,19
2026-04-28 09:56:00,1.16898,1.16905,1.16891,1.16901,75,19
2026-04-28 09:57:00,1.169,1.16901,1.16886,1.16891,87,19
2026-04-28 09:58:00,1.16891,1.16891,1.16865,1.16869,86,19
2026-04-28 09:59:00,1.16867,1.16876,1.16862,1.16867,82,19
2026-04-28 10:00:00,1.16863,1.16877,1.16851,1.16863,109,19
2026-04-28 10:01:00,1.16863,1.1688,1.1686,1.16866,134,19
2026-04-28 10:02:00,1.16865,1.16891,1.16851,1.16888,117,19
2026-04-28 10:03:00,1.16889,1.16892,1.16864,1.16872,78,19
2026-04-28 10:04:00,1.16872,1.1688399999999999,1.16867,1.16882,52,19
2026-04-28 10:05:00,1.16882,1.16891,1.16876,1.16886,58,19
2026-04-28 10:06:00,1.16886,1.16901,1.16886,1.169,32,19
2026-04-28 10:07:00,1.169,1.16903,1.16892,1.16902,27,19
2026-04-28 10:08:00,1.16904,1.16907,1.16902,1.16906,33,19
2026-04-28 10:09:00,1.16906,1.16913,1.16899,1.16912,53,19
2026-04-28 10:10:00,1.16912,1.16913,1.1690800000000001,1.16912,47,19
2026-04-28 10:11:00,1.1691,1.16933,1.16909,1.16933,21,19
2026-04-28 10:12:00,1.16932,1.16933,1.16917,1.16917,42,19
2026-04-28 10:13:00,1.16915,1.1692,1.16909,1.16915,41,19
2026-04-28 10:14:00,1.16913,1.16923,1.1690800000000001,1.16923,38,19
2026-04-28 10:15:00,1.16927,1.16937,1.16927,1.16927,28,19
2026-04-28 10:16:00,1.16927,1.16949,1.16921,1.16946,50,19
2026-04-28 10:17:00,1.16947,1.16962,1.16947,1.16962,41,19
2026-04-28 10:18:00,1.16963,1.16973,1.16962,1.16972,41,19
2026-04-28 10:19:00,1.16972,1.16978,1.1696,1.16977,41,19
2026-04-28 10:20:00,1.1697899999999999,1.16989,1.1697899999999999,1.16989,21,19
2026-04-28 10:21:00,1.16989,1.16992,1.16983,1.16986,36,19
2026-04-28 10:22:00,1.16985,1.16987,1.1698,1.16987,24,19
2026-04-28 10:23:00,1.16985,1.16987,1.1698,1.16983,40,19
2026-04-28 10:24:00,1.16983,1.16992,1.16982,1.16992,40,19
2026-04-28 10:25:00,1.16993,1.16998,1.16977,1.16977,51,19
2026-04-28 10:26:00,1.16977,1.1697899999999999,1.16957,1.16964,60,19
2026-04-28 10:27:00,1.16963,1.16964,1.16942,1.16943,54,19
2026-04-28 10:28:00,1.16943,1.16965,1.16938,1.16964,78,19
2026-04-28 10:29:00,1.16963,1.16964,1.16944,1.16951,64,19
2026-04-28 10:30:00,1.1695,1.16958,1.16948,1.16952,40,19
2026-04-28 10:31:00,1.16952,1.1697,1.16952,1.16965,45,19
2026-04-28 10:32:00,1.16964,1.1697,1.16962,1.16967,29,19
2026-04-28 10:33:00,1.16965,1.16967,1.16958,1.1696,35,19
2026-04-28 10:34:00,1.16959,1.16959,1.16947,1.16948,33,19
2026-04-28 10:35:00,1.16946,1.16965,1.16933,1.16961,60,19
2026-04-28 10:36:00,1.16962,1.16962,1.16939,1.16939,66,19
2026-04-28 10:37:00,1.16939,1.16943,1.16936,1.16943,19,19
2026-04-28 10:38:00,1.16942,1.16944,1.16937,1.16937,31,19
2026-04-28 10:39:00,1.16936,1.16937,1.16928,1.16933,52,19
2026-04-28 10:40:00,1.16934,1.16946,1.16926,1.16932,35,19
2026-04-28 10:41:00,1.16934,1.1694,1.16929,1.1694,29,19
2026-04-28 10:42:00,1.16941,1.16957,1.1694,1.16952,40,19
2026-04-28 10:43:00,1.16953,1.16958,1.16936,1.16937,58,19
2026-04-28 10:44:00,1.16936,1.1694499999999999,1.16933,1.16944,21,19
2026-04-28 10:45:00,1.16946,1.16948,1.16936,1.16939,38,19
2026-04-28 10:46:00,1.16938,1.16944,1.1693500000000001,1.1693500000000001,36,19
2026-04-28 10:47:00,1.16934,1.16939,1.16932,1.16938,39,19
2026-04-28 10:48:00,1.16937,1.16938,1.1693,1.16932,45,19
2026-04-28 10:49:00,1.16934,1.16944,1.1693,1.16941,43,19
2026-04-28 10:50:00,1.16936,1.16938,1.16923,1.16926,45,19
2026-04-28 10:51:00,1.16926,1.16933,1.1691799999999999,1.16933,41,19
2026-04-28 10:52:00,1.16931,1.16939,1.16926,1.16938,27,19
2026-04-28 10:53:00,1.16938,1.16953,1.16938,1.16952,23,19
2026-04-28 10:54:00,1.16952,1.16978,1.16952,1.16978,57,19
2026-04-28 10:55:00,1.16978,1.16978,1.16957,1.16958,43,19
2026-04-28 10:56:00,1.16957,1.16973,1.16956,1.16962,52,19
2026-04-28 10:57:00,1.16962,1.16976,1.16962,1.16973,29,19
2026-04-28 10:58:00,1.16973,1.16988,1.16971,1.1697899999999999,32,19
2026-04-28 10:59:00,1.1697899999999999,1.1697899999999999,1.16956,1.16956,49,19
2026-04-28 11:00:00,1.16957,1.16986,1.1695,1.16956,122,19
2026-04-28 11:01:00,1.16955,1.16957,1.16941,1.16952,87,19
2026-04-28 11:02:00,1.16953,1.16974,1.16946,1.16963,77,19
2026-04-28 11:03:00,1.16964,1.16964,1.16951,1.16956,95,19
2026-04-28 11:04:00,1.16957,1.1696,1.1694,1.16946,87,19
2026-04-28 11:05:00,1.16946,1.16965,1.16944,1.16963,87,19
2026-04-28 11:06:00,1.16962,1.17011,1.16961,1.17007,98,19
2026-04-28 11:07:00,1.17007,1.1701,1.17002,1.17009,38,19
2026-04-28 11:08:00,1.17008,1.17022,1.17008,1.17021,69,19
2026-04-28 11:09:00,1.17022,1.17026,1.17014,1.17016,45,19
2026-04-28 11:10:00,1.17016,1.17031,1.17011,1.17022,58,19
2026-04-28 11:11:00,1.17021,1.17032,1.17012,1.17021,42,19
2026-04-28 11:12:00,1.17021,1.17024,1.16992,1.16994,49,19
2026-04-28 11:13:00,1.16994,1.17008,1.16992,1.17002,33,19
2026-04-28 11:14:00,1.17003,1.1700599999999999,1.16996,1.16998,61,19
2026-04-28 11:15:00,1.16998,1.17033,1.16998,1.17032,51,19
2026-04-28 11:16:00,1.17032,1.17058,1.17032,1.17052,46,19
2026-04-28 11:17:00,1.17052,1.17061,1.17049,1.17058,49,19
2026-04-28 11:18:00,1.17059,1.1706699999999999,1.17052,1.17053,44,19
2026-04-28 11:19:00,1.17052,1.17058,1.17042,1.17042,20,19
2026-04-28 11:20:00,1.17042,1.17042,1.17032,1.17039,57,19
2026-04-28 11:21:00,1.1703999999999999,1.17041,1.17023,1.17024,34,19
2026-04-28 11:22:00,1.17024,1.17033,1.17022,1.17026,36,19
2026-04-28 11:23:00,1.17026,1.1703000000000001,1.17021,1.17024,33,19
2026-04-28 11:24:00,1.17023,1.17026,1.17016,1.17016,33,19
2026-04-28 11:25:00,1.17015,1.17031,1.17012,1.17027,47,19
2026-04-28 11:26:00,1.17026,1.17026,1.17014,1.17017,30,19
2026-04-28 11:27:00,1.17017,1.17021,1.17012,1.17014,23,19
2026-04-28 11:28:00,1.17013,1.17015,1.17011,1.17011,14,19
2026-04-28 11:29:00,1.17012,1.17057,1.17012,1.17057,65,19
2026-04-28 11:30:00,1.17058,1.17061,1.17044,1.17051,88,19
2026-04-28 11:31:00,1.17051,1.17056,1.17046,1.17048,45,19
2026-04-28 11:32:00,1.17047,1.17051,1.17036,1.17051,48,19
2026-04-28 11:33:00,1.17051,1.17051,1.17042,1.17047,44,19
2026-04-28 11:34:00,1.17044,1.17044,1.17035,1.17042,31,19
2026-04-28 11:35:00,1.17042,1.17042,1.17034,1.1703999999999999,27,19
2026-04-28 11:36:00,1.17039,1.17041,1.17013,1.17018,36,19
2026-04-28 11:37:00,1.17019,1.17022,1.1700599999999999,1.17012,38,19
2026-04-28 11:38:00,1.17013,1.17022,1.17013,1.17016,29,19
2026-04-28 11:39:00,1.17015,1.17018,1.16998,1.16998,23,19
2026-04-28 11:40:00,1.16999,1.1700599999999999,1.16993,1.16995,41,19
2026-04-28 11:41:00,1.16994,1.16995,1.16985,1.16986,44,19
2026-04-28 11:42:00,1.16987,1.16988,1.16983,1.16986,32,19
2026-04-28 11:43:00,1.16985,1.16999,1.16985,1.16993,31,19
2026-04-28 11:44:00,1.16993,1.17003,1.16993,1.17002,25,19
2026-04-28 11:45:00,1.17001,1.17003,1.16993,1.17001,33,19
2026-04-28 11:46:00,1.17002,1.17008,1.17002,1.17008,29,19
2026-04-28 11:47:00,1.17008,1.17017,1.1700599999999999,1.17016,32,19
2026-04-28 11:48:00,1.17017,1.17017,1.17003,1.17014,27,19
2026-04-28 11:49:00,1.17013,1.17023,1.1701,1.1702,34,19
2026-04-28 11:50:00,1.17021,1.17028,1.1702,1.17025,17,19
2026-04-28 11:51:00,1.17025,1.17027,1.17013,1.17013,32,19
2026-04-28 11:52:00,1.17013,1.17024,1.17011,1.1702,21,19
2026-04-28 11:53:00,1.17021,1.17024,1.17019,1.17019,20,19
2026-04-28 11:54:00,1.17019,1.17023,1.17009,1.17011,22,19
2026-04-28 11:55:00,1.17013,1.17013,1.17004,1.17004,22,19
2026-04-28 11:56:00,1.17009,1.17019,1.17004,1.17004,22,19
2026-04-28 11:57:00,1.17004,1.17016,1.16995,1.17014,45,19
2026-04-28 11:58:00,1.17013,1.17013,1.17008,1.17012,24,19
2026-04-28 11:59:00,1.17012,1.17012,1.17004,1.17011,34,19
2026-04-28 12:00:00,1.17011,1.17011,1.16991,1.16991,74,19
2026-04-28 12:01:00,1.16992,1.16996,1.16987,1.16987,51,19
2026-04-28 12:02:00,1.16988,1.16997,1.16986,1.16993,47,19
2026-04-28 12:03:00,1.16993,1.16997,1.16989,1.16996,23,19
2026-04-28 12:04:00,1.16996,1.17,1.16988,1.16999,39,19
2026-04-28 12:05:00,1.16998,1.16999,1.16995,1.16998,16,19
2026-04-28 12:06:00,1.16999,1.17004,1.16997,1.16997,36,19
2026-04-28 12:07:00,1.16997,1.17003,1.16977,1.16977,58,19
2026-04-28 12:08:00,1.16977,1.16994,1.16976,1.16993,70,19
2026-04-28 12:09:00,1.16994,1.17001,1.16986,1.16992,68,19
2026-04-28 12:10:00,1.16993,1.16997,1.16983,1.16984,67,19
2026-04-28 12:11:00,1.16983,1.16983,1.1696900000000001,1.1697899999999999,46,19
2026-04-28 12:12:00,1.1698,1.16988,1.16978,1.16988,53,19
2026-04-28 12:13:00,1.16988,1.17011,1.16988,1.17011,42,19
2026-04-28 12:14:00,1.17011,1.17011,1.16993,1.16993,21,19
2026-04-28 12:15:00,1.16992,1.16992,1.16962,1.16972,54,19
2026-04-28 12:16:00,1.16971,1.16971,1.16962,1.16968,55,19
2026-04-28 12:17:00,1.16967,1.1696900000000001,1.16967,1.16968,18,19
2026-04-28 12:18:00,1.1696900000000001,1.16993,1.16963,1.1697899999999999,76,19
2026-04-28 12:19:00,1.16977,1.16978,1.16956,1.16957,58,19
2026-04-28 12:20:00,1.16958,1.16966,1.1695,1.16957,42,19
2026-04-28 12:21:00,1.16957,1.16957,1.16952,1.16952,29,19
2026-04-28 12:22:00,1.16952,1.16959,1.16948,1.16956,70,19
2026-04-28 12:23:00,1.16956,1.16959,1.16953,1.16953,28,19
2026-04-28 12:24:00,1.16952,1.16961,1.16952,1.16957,32,19
2026-04-28 12:25:00,1.1696,1.1696,1.16947,1.16949,23,19
2026-04-28 12:26:00,1.16948,1.16949,1.16942,1.16947,44,19
2026-04-28 12:27:00,1.16948,1.16948,1.16941,1.16941,23,19
2026-04-28 12:28:00,1.16942,1.16951,1.16941,1.16947,28,19
2026-04-28 12:29:00,1.16946,1.16946,1.1694,1.16942,35,19
2026-04-28 12:30:00,1.16944,1.16946,1.1692,1.1692,61,19
2026-04-28 12:31:00,1.1692,1.16926,1.16912,1.16915,28,19
2026-04-28 12:32:00,1.16916,1.16916,1.16897,1.169,38,19
2026-04-28 12:33:00,1.169,1.169,1.16881,1.16886,51,19
2026-04-28 12:34:00,1.16886,1.16891,1.16881,1.16881,45,19
2026-04-28 12:35:00,1.16881,1.16881,1.1687,1.16871,54,19
2026-04-28 12:36:00,1.16872,1.16872,1.1686,1.16866,64,19
2026-04-28 12:37:00,1.16867,1.16867,1.16855,1.16856,61,19
2026-04-28 12:38:00,1.1685699999999999,1.16862,1.16853,1.16859,53,19
2026-04-28 12:39:00,1.16859,1.16869,1.16859,1.16865,39,19
2026-04-28 12:40:00,1.16866,1.16877,1.16866,1.16877,24,19
2026-04-28 12:41:00,1.16881,1.16891,1.1688,1.16887,33,19
2026-04-28 12:42:00,1.16888,1.16898,1.16887,1.16894,28,19
2026-04-28 12:43:00,1.16897,1.16899,1.16894,1.16899,18,19
2026-04-28 12:44:00,1.16899,1.16903,1.16894,1.16903,23,19
2026-04-28 12:45:00,1.16902,1.16907,1.16894,1.16907,21,19
2026-04-28 12:46:00,1.16909,1.16931,1.16909,1.16928,42,19
2026-04-28 12:47:00,1.16928,1.16958,1.16928,1.16938,49,19
2026-04-28 12:48:00,1.16938,1.16954,1.1693500000000001,1.16952,59,19
2026-04-28 12:49:00,1.16952,1.16962,1.1695,1.16951,35,19
2026-04-28 12:50:00,1.1695,1.16973,1.1695,1.16973,37,19
2026-04-28 12:51:00,1.16973,1.16982,1.1697,1.16973,28,19
2026-04-28 12:52:00,1.16973,1.1697899999999999,1.16958,1.16958,41,19
2026-04-28 12:53:00,1.1696,1.16963,1.16937,1.16937,56,19
2026-04-28 12:54:00,1.16938,1.16938,1.16926,1.16928,34,19
2026-04-28 12:55:00,1.16929,1.1694,1.16913,1.16919,61,19
2026-04-28 12:56:00,1.1691799999999999,1.16922,1.16903,1.1692,49,19
2026-04-28 12:57:00,1.16921,1.16927,1.16906,1.16914,58,19
2026-04-28 12:58:00,1.16914,1.16914,1.16902,1.1690800000000001,53,19
2026-04-28 12:59:00,1.16909,1.16917,1.16909,1.16912,35,19
2026-04-28 13:00:00,1.16911,1.16922,1.16907,1.16919,95,19
2026-04-28 13:01:00,1.1691799999999999,1.16919,1.16905,1.16907,65,19
2026-04-28 13:02:00,1.1690800000000001,1.16931,1.16907,1.1692,63,19
2026-04-28 13:03:00,1.16921,1.16928,1.16919,1.1692,55,19
2026-04-28 13:04:00,1.1692,1.16929,1.16917,1.1691799999999999,45,19
2026-04-28 13:05:00,1.1691799999999999,1.16919,1.16912,1.1691799999999999,28,19
2026-04-28 13:06:00,1.1691799999999999,1.1691799999999999,1.16909,1.1691,36,19
2026-04-28 13:07:00,1.1691,1.1691,1.16901,1.16906,28,19
2026-04-28 13:08:00,1.16906,1.16917,1.16903,1.16903,24,19
2026-04-28 13:09:00,1.16905,1.16907,1.16901,1.16903,24,19
2026-04-28 13:10:00,1.169,1.16909,1.16899,1.16909,25,19
2026-04-28 13:11:00,1.1690800000000001,1.1690800000000001,1.16896,1.16898,19,19
2026-04-28 13:12:00,1.16899,1.16902,1.16895,1.16897,27,19
2026-04-28 13:13:00,1.16898,1.16909,1.16898,1.16909,23,19
2026-04-28 13:14:00,1.16909,1.16911,1.16902,1.16904,13,19
2026-04-28 13:15:00,1.16903,1.16903,1.16894,1.16898,18,19
2026-04-28 13:16:00,1.16897,1.16903,1.16897,1.16903,22,19
2026-04-28 13:17:00,1.16902,1.16903,1.16898,1.16902,22,19
2026-04-28 13:18:00,1.16903,1.16907,1.16902,1.16906,26,19
2026-04-28 13:19:00,1.16906,1.16911,1.16896,1.16902,57,19
2026-04-28 13:20:00,1.16902,1.16913,1.16896,1.16912,41,19
2026-04-28 13:21:00,1.16913,1.16923,1.16912,1.16913,43,19
2026-04-28 13:22:00,1.16914,1.16917,1.16911,1.16911,38,19
2026-04-28 13:23:00,1.16911,1.16912,1.16896,1.1690800000000001,32,19
2026-04-28 13:24:00,1.16907,1.16909,1.16903,1.16903,31,19
2026-04-28 13:25:00,1.16902,1.16912,1.16901,1.16909,32,19
2026-04-28 13:26:00,1.16911,1.1691799999999999,1.1691,1.1691799999999999,29,19
2026-04-28 13:27:00,1.16917,1.16919,1.16914,1.16917,15,19
2026-04-28 13:28:00,1.16917,1.16923,1.16914,1.1691799999999999,34,19
2026-04-28 13:29:00,1.16917,1.16923,1.16905,1.16905,52,19
2026-04-28 13:30:00,1.16906,1.16919,1.16903,1.16917,45,19
2026-04-28 13:31:00,1.1691799999999999,1.16923,1.1690800000000001,1.16913,49,19
2026-04-28 13:32:00,1.16912,1.16919,1.1690800000000001,1.16919,44,19
2026-04-28 13:33:00,1.16919,1.16923,1.16917,1.16923,24,19
2026-04-28 13:34:00,1.16922,1.16923,1.16916,1.16916,31,19
2026-04-28 13:35:00,1.16915,1.16932,1.1690800000000001,1.16932,32,19
2026-04-28 13:36:00,1.16932,1.16936,1.16921,1.16924,40,19
2026-04-28 13:37:00,1.16924,1.16933,1.16924,1.16932,37,19
2026-04-28 13:38:00,1.16931,1.16936,1.16929,1.16934,11,19
2026-04-28 13:39:00,1.16934,1.16938,1.16934,1.16938,22,19
2026-04-28 13:40:00,1.16939,1.16947,1.16938,1.16944,34,19
2026-04-28 13:41:00,1.1694499999999999,1.16946,1.16938,1.16941,30,19
2026-04-28 13:42:00,1.16942,1.16946,1.16939,1.16944,19,19
2026-04-28 13:43:00,1.16944,1.16944,1.16934,1.16939,35,19
2026-04-28 13:44:00,1.16938,1.16939,1.16929,1.16933,35,19
2026-04-28 13:45:00,1.1693,1.1693500000000001,1.16902,1.16903,43,19
2026-04-28 13:46:00,1.16903,1.16927,1.16903,1.16927,42,19
2026-04-28 13:47:00,1.16927,1.16936,1.16927,1.16929,31,19
2026-04-28 13:48:00,1.1693,1.1693,1.16925,1.16928,23,19
2026-04-28 13:49:00,1.16928,1.16929,1.16924,1.16927,15,19
2026-04-28 13:50:00,1.16927,1.16937,1.16925,1.16931,37,19
2026-04-28 13:51:00,1.16932,1.16938,1.16932,1.16938,9,19
2026-04-28 13:52:00,1.16938,1.16946,1.16934,1.16946,24,19
2026-04-28 13:53:00,1.16944,1.16948,1.16941,1.16944,31,19
2026-04-28 13:54:00,1.16943,1.16943,1.16929,1.16932,25,19
2026-04-28 13:55:00,1.16933,1.16933,1.16922,1.16931,37,19
2026-04-28 13:56:00,1.1693500000000001,1.16941,1.1691799999999999,1.16919,39,19
2026-04-28 13:57:00,1.16919,1.16925,1.16916,1.16917,38,19
2026-04-28 13:58:00,1.16917,1.1691799999999999,1.16912,1.16913,29,19
2026-04-28 13:59:00,1.16914,1.16926,1.16914,1.16922,44,19
2026-04-28 14:00:00,1.16922,1.16943,1.16919,1.1694,43,19
2026-04-28 14:01:00,1.1694,1.16953,1.1693500000000001,1.1693500000000001,54,19
2026-04-28 14:02:00,1.16936,1.16946,1.16934,1.16943,42,19
2026-04-28 14:03:00,1.16941,1.16941,1.16931,1.16933,20,19
2026-04-28 14:04:00,1.16934,1.16934,1.1691799999999999,1.16923,42,19
2026-04-28 14:05:00,1.16924,1.1697899999999999,1.1692,1.1697899999999999,52,19
2026-04-28 14:06:00,1.1698,1.16982,1.16959,1.16968,68,19
2026-04-28 14:07:00,1.16967,1.16967,1.1694499999999999,1.16958,49,19
2026-04-28 14:08:00,1.16958,1.16966,1.16958,1.16964,29,19
2026-04-28 14:09:00,1.16967,1.16978,1.16963,1.16978,38,19
2026-04-28 14:10:00,1.1697899999999999,1.16985,1.16966,1.16972,44,19
2026-04-28 14:11:00,1.16973,1.16977,1.1696,1.16961,57,19
2026-04-28 14:12:00,1.16962,1.16966,1.16957,1.16957,47,19
2026-04-28 14:13:00,1.16958,1.16967,1.16947,1.16947,44,19
2026-04-28 14:14:00,1.16946,1.16957,1.16943,1.1695,50,19
2026-04-28 14:15:00,1.1695,1.16962,1.16942,1.16946,70,19
2026-04-28 14:16:00,1.16947,1.16957,1.16936,1.16955,43,19
2026-04-28 14:17:00,1.16956,1.16956,1.16943,1.16949,66,19
2026-04-28 14:18:00,1.16949,1.16952,1.16947,1.16947,54,19
2026-04-28 14:19:00,1.16947,1.1695,1.1694,1.16944,51,19
2026-04-28 14:20:00,1.16946,1.16957,1.16943,1.16943,54,19
2026-04-28 14:21:00,1.16944,1.16951,1.16943,1.1695,45,19
2026-04-28 14:22:00,1.16951,1.16955,1.16942,1.16954,62,19
2026-04-28 14:23:00,1.16956,1.16962,1.16953,1.16958,50,19
2026-04-28 14:24:00,1.16958,1.16966,1.16956,1.16958,54,19
2026-04-28 14:25:00,1.16958,1.16968,1.16948,1.16952,50,19
2026-04-28 14:26:00,1.16953,1.16954,1.16933,1.16938,64,19
2026-04-28 14:27:00,1.16937,1.16937,1.16923,1.16923,58,19
2026-04-28 14:28:00,1.16922,1.1694,1.16921,1.16939,72,19
2026-04-28 14:29:00,1.16939,1.16939,1.16933,1.16937,39,19
2026-04-28 14:30:00,1.16937,1.16937,1.16926,1.16928,46,19
2026-04-28 14:31:00,1.16928,1.1693,1.16913,1.1691799999999999,64,19
2026-04-28 14:32:00,1.16917,1.16921,1.1691,1.16916,61,19
2026-04-28 14:33:00,1.16916,1.1691799999999999,1.16905,1.1690800000000001,47,19
2026-04-28 14:34:00,1.16907,1.16911,1.16892,1.16893,75,19
2026-04-28 14:35:00,1.16894,1.16895,1.16876,1.16883,57,19
2026-04-28 14:36:00,1.16882,1.16883,1.16871,1.1688,97,19
2026-04-28 14:37:00,1.16879,1.16879,1.16871,1.16873,23,19
2026-04-28 14:38:00,1.16873,1.16881,1.1687,1.1687400000000001,65,19
2026-04-28 14:39:00,1.16876,1.16889,1.16872,1.16883,63,19
2026-04-28 14:40:00,1.16883,1.16903,1.16878,1.16899,82,19
2026-04-28 14:41:00,1.169,1.16904,1.16885,1.16901,73,19
2026-04-28 14:42:00,1.16902,1.16914,1.16894,1.169,47,19
2026-04-28 14:43:00,1.16899,1.169,1.16885,1.16895,50,19
2026-04-28 14:44:00,1.16896,1.169,1.1689,1.16894,36,19
2026-04-28 14:45:00,1.16893,1.16894,1.16885,1.16887,35,19
2026-04-28 14:46:00,1.16887,1.16888,1.1688,1.16881,63,19
2026-04-28 14:47:00,1.1688,1.16881,1.16866,1.16869,84,19
2026-04-28 14:48:00,1.16869,1.16869,1.16839,1.1684,89,19
2026-04-28 14:49:00,1.16839,1.16839,1.16817,1.16819,91,19
2026-04-28 14:50:00,1.16819,1.16831,1.16811,1.16816,96,19
2026-04-28 14:51:00,1.16816,1.16829,1.16815,1.16828,83,19
2026-04-28 14:52:00,1.16826,1.16832,1.16818,1.16822,96,19
2026-04-28 14:53:00,1.1682299999999999,1.16831,1.16814,1.16824,125,19
2026-04-28 14:54:00,1.16825,1.16836,1.16818,1.16836,96,19
2026-04-28 14:55:00,1.16838,1.16852,1.16833,1.16849,99,19
2026-04-28 14:56:00,1.16848,1.1686,1.1684,1.16855,67,19
2026-04-28 14:57:00,1.16855,1.16856,1.16821,1.16827,93,19
2026-04-28 14:58:00,1.16826,1.16832,1.16822,1.16825,73,19
2026-04-28 14:59:00,1.16826,1.1683,1.16818,1.1682,56,19
2026-04-28 15:00:00,1.16821,1.16828,1.16792,1.16792,104,19
2026-04-28 15:01:00,1.16793,1.16794,1.16784,1.16787,42,19
2026-04-28 15:02:00,1.16788,1.16789,1.16774,1.16778,107,19
2026-04-28 15:03:00,1.16777,1.16785,1.16776,1.16778,62,19
2026-04-28 15:04:00,1.16779,1.1678600000000001,1.16771,1.16784,59,19
2026-04-28 15:05:00,1.16784,1.16812,1.16778,1.16811,67,19
2026-04-28 15:06:00,1.16809,1.16821,1.16802,1.16806,81,19
2026-04-28 15:07:00,1.16806,1.1681300000000001,1.1679,1.16797,73,19
2026-04-28 15:08:00,1.16799,1.16811,1.1679599999999999,1.1681,30,19
2026-04-28 15:09:00,1.1681,1.16811,1.1678600000000001,1.1678600000000001,54,19
2026-04-28 15:10:00,1.16785,1.16789,1.16775,1.16788,59,19
2026-04-28 15:11:00,1.16789,1.16789,1.16764,1.16767,62,19
2026-04-28 15:12:00,1.16766,1.16806,1.16766,1.16803,123,19
2026-04-28 15:13:00,1.16803,1.1681300000000001,1.16799,1.16812,60,19
2026-04-28 15:14:00,1.16812,1.16819,1.16808,1.16819,39,19
2026-04-28 15:15:00,1.16819,1.16822,1.16814,1.16817,48,19
2026-04-28 15:16:00,1.16817,1.16829,1.16817,1.16828,56,19
2026-04-28 15:17:00,1.16828,1.16837,1.16825,1.16835,38,19
2026-04-28 15:18:00,1.16835,1.16843,1.16828,1.16828,38,19
2026-04-28 15:19:00,1.16828,1.1683,1.16818,1.1682,40,19
2026-04-28 15:20:00,1.1682,1.16922,1.1682,1.16875,309,19
2026-04-28 15:21:00,1.1687400000000001,1.1687400000000001,1.16829,1.16832,184,19
2026-04-28 15:22:00,1.16833,1.16853,1.16822,1.1685,121,19
2026-04-28 15:23:00,1.16848,1.16863,1.16845,1.16862,51,19
2026-04-28 15:24:00,1.16862,1.16866,1.1684,1.1684,45,19
2026-04-28 15:25:00,1.1684,1.16846,1.16834,1.16843,73,19
2026-04-28 15:26:00,1.16844,1.16865,1.16834,1.16865,43,19
2026-04-28 15:27:00,1.16864,1.1687400000000001,1.16859,1.16869,55,19
2026-04-28 15:28:00,1.1687,1.16875,1.16861,1.16869,53,19
2026-04-28 15:29:00,1.16868,1.16886,1.16868,1.1688399999999999,48,19
2026-04-28 15:30:00,1.1688399999999999,1.1688399999999999,1.16869,1.16875,54,19
2026-04-28 15:31:00,1.16876,1.16878,1.16846,1.16862,54,19
2026-04-28 15:32:00,1.16862,1.16876,1.16861,1.16861,42,19
2026-04-28 15:33:00,1.16863,1.16876,1.16862,1.1687400000000001,28,19
2026-04-28 15:34:00,1.16873,1.169,1.16872,1.16899,46,19
2026-04-28 15:35:00,1.16899,1.1694,1.16899,1.1693500000000001,65,19
2026-04-28 15:36:00,1.1693,1.16938,1.16919,1.16929,49,19
2026-04-28 15:37:00,1.16928,1.16936,1.1691799999999999,1.1693500000000001,57,19
2026-04-28 15:38:00,1.1693500000000001,1.16938,1.16924,1.16924,60,19
2026-04-28 15:39:00,1.16925,1.1694,1.16924,1.16938,59,19
2026-04-28 15:40:00,1.16939,1.16948,1.16934,1.16948,55,19
2026-04-28 15:41:00,1.16947,1.16958,1.16947,1.16957,37,19
2026-04-28 15:42:00,1.16954,1.16958,1.16951,1.16951,41,19
2026-04-28 15:43:00,1.1695,1.1696,1.16944,1.16947,50,19
2026-04-28 15:44:00,1.16946,1.16952,1.16937,1.16937,52,19
2026-04-28 15:45:00,1.16937,1.16954,1.16937,1.1695,65,19
2026-04-28 15:46:00,1.16949,1.16958,1.16949,1.16953,38,19
2026-04-28 15:47:00,1.16953,1.16966,1.16953,1.1696,32,19
2026-04-28 15:48:00,1.16961,1.16972,1.16954,1.16968,70,19
2026-04-28 15:49:00,1.16967,1.16983,1.16967,1.16982,51,19
2026-04-28 15:50:00,1.16982,1.16988,1.16978,1.16988,54,19
2026-04-28 15:51:00,1.16989,1.1699,1.16972,1.16981,46,19
2026-04-28 15:52:00,1.16981,1.16986,1.16974,1.16977,61,19
2026-04-28 15:53:00,1.16977,1.16977,1.1694499999999999,1.16947,66,19
2026-04-28 15:54:00,1.16947,1.16952,1.16936,1.1694499999999999,91,19
2026-04-28 15:55:00,1.16944,1.16956,1.1694,1.16956,77,19
2026-04-28 15:56:00,1.16957,1.16972,1.16957,1.16966,55,19
2026-04-28 15:57:00,1.16965,1.16977,1.16956,1.16956,66,19
2026-04-28 15:58:00,1.16957,1.16971,1.16957,1.16964,67,19
2026-04-28 15:59:00,1.16963,1.16963,1.16943,1.16959,66,19
2026-04-28 16:00:00,1.1696,1.16964,1.16943,1.16946,103,19
2026-04-28 16:01:00,1.16947,1.16957,1.1694499999999999,1.16955,63,19
2026-04-28 16:02:00,1.16953,1.16957,1.16946,1.16951,52,19
2026-04-28 16:03:00,1.1695,1.16955,1.16948,1.16951,42,19
2026-04-28 16:04:00,1.16951,1.1696,1.16938,1.16944,63,19
2026-04-28 16:05:00,1.16943,1.16948,1.16937,1.16946,57,19
2026-04-28 16:06:00,1.16947,1.16947,1.16932,1.16936,69,19
2026-04-28 16:07:00,1.16934,1.1694,1.16932,1.16937,58,19
2026-04-28 16:08:00,1.16936,1.16942,1.16928,1.16933,61,19
2026-04-28 16:09:00,1.16933,1.16941,1.16926,1.16931,64,19
2026-04-28 16:10:00,1.16931,1.16941,1.16926,1.16938,44,19
2026-04-28 16:11:00,1.16938,1.1694,1.16932,1.16936,35,19
2026-04-28 16:12:00,1.16936,1.16967,1.16936,1.16966,61,19
2026-04-28 16:13:00,1.16966,1.16966,1.1694499999999999,1.16946,51,19
2026-04-28 16:14:00,1.16947,1.16951,1.16934,1.16934,56,19
2026-04-28 16:15:00,1.1693500000000001,1.16938,1.16925,1.16932,87,19
2026-04-28 16:16:00,1.16932,1.16932,1.16905,1.16909,63,19
2026-04-28 16:17:00,1.1690800000000001,1.16912,1.16893,1.16896,51,19
2026-04-28 16:18:00,1.16897,1.16897,1.16881,1.1689,73,19
2026-04-28 16:19:00,1.16888,1.16895,1.16883,1.16887,58,19
2026-04-28 16:20:00,1.16889,1.16901,1.16879,1.1688,87,19
2026-04-28 16:21:00,1.1688,1.16881,1.16876,1.1688,83,19
2026-04-28 16:22:00,1.16881,1.16891,1.16881,1.16882,44,19
2026-04-28 16:23:00,1.16882,1.16911,1.16882,1.16906,57,19
2026-04-28 16:24:00,1.16905,1.1691,1.16902,1.16906,40,19
2026-04-28 16:25:00,1.16904,1.1691799999999999,1.16903,1.16911,66,19
2026-04-28 16:26:00,1.16911,1.16924,1.16904,1.16921,35,19
2026-04-28 16:27:00,1.16921,1.16922,1.16901,1.16902,43,19
2026-04-28 16:28:00,1.16902,1.16914,1.16902,1.16907,44,19
2026-04-28 16:29:00,1.16907,1.16988,1.16902,1.16981,276,19
2026-04-28 16:30:00,1.16982,1.16985,1.16928,1.1693500000000001,272,19
2026-04-28 16:31:00,1.16938,1.16942,1.16917,1.16919,140,19
2026-04-28 16:32:00,1.16919,1.16927,1.16903,1.16922,186,19
2026-04-28 16:33:00,1.16921,1.1693,1.16915,1.1693,119,19
2026-04-28 16:34:00,1.16932,1.16953,1.16925,1.16943,74,19
2026-04-28 16:35:00,1.16943,1.16992,1.16937,1.16986,111,19
2026-04-28 16:36:00,1.16987,1.16995,1.1696900000000001,1.16982,123,19
2026-04-28 16:37:00,1.16981,1.1702,1.16978,1.17018,114,19
2026-04-28 16:38:00,1.1702,1.17028,1.17,1.17001,98,19
2026-04-28 16:39:00,1.17001,1.17022,1.16993,1.17013,90,19
2026-04-28 16:40:00,1.17012,1.17012,1.17,1.17007,71,19
2026-04-28 16:41:00,1.1700599999999999,1.17018,1.16997,1.17011,57,19
2026-04-28 16:42:00,1.17013,1.17024,1.17011,1.17017,113,19
2026-04-28 16:43:00,1.17017,1.17026,1.17007,1.17011,91,19
2026-04-28 16:44:00,1.17011,1.17011,1.16999,1.17004,56,19
2026-04-28 16:45:00,1.17004,1.17004,1.16995,1.17,63,19
2026-04-28 16:46:00,1.16999,1.17008,1.16996,1.17001,79,19
2026-04-28 16:47:00,1.17003,1.17012,1.17002,1.17012,76,19
2026-04-28 16:48:00,1.17011,1.17016,1.16987,1.16997,86,19
2026-04-28 16:49:00,1.16997,1.16997,1.16977,1.16978,88,19
2026-04-28 16:50:00,1.1697899999999999,1.16984,1.16971,1.16972,86,19
2026-04-28 16:51:00,1.16972,1.16991,1.1697,1.16988,67,19
2026-04-28 16:52:00,1.1699,1.16995,1.16985,1.1699,94,19
2026-04-28 16:53:00,1.16991,1.16991,1.16975,1.16983,78,19
2026-04-28 16:54:00,1.16981,1.16981,1.16962,1.16967,87,19
2026-04-28 16:55:00,1.16968,1.16981,1.16965,1.16978,64,19
2026-04-28 16:56:00,1.16977,1.16982,1.16958,1.16963,36,19
2026-04-28 16:57:00,1.16963,1.16981,1.16963,1.16978,76,19
2026-04-28 16:58:00,1.1697899999999999,1.16981,1.16958,1.16958,50,19
2026-04-28 16:59:00,1.1696,1.16972,1.16957,1.16961,56,19
2026-04-28 17:00:00,1.16959,1.16961,1.16941,1.16947,106,19
2026-04-28 17:01:00,1.16947,1.16961,1.16931,1.16932,79,19
2026-04-28 17:02:00,1.16932,1.16936,1.16895,1.169,123,19
2026-04-28 17:03:00,1.16905,1.1691799999999999,1.16901,1.1691799999999999,118,19
2026-04-28 17:04:00,1.16919,1.16927,1.1690800000000001,1.16916,75,19
2026-04-28 17:05:00,1.16917,1.16937,1.16916,1.16937,62,19
2026-04-28 17:06:00,1.16937,1.1695,1.16936,1.16947,84,19
2026-04-28 17:07:00,1.16946,1.16947,1.16931,1.16937,80,19
2026-04-28 17:08:00,1.16938,1.16953,1.16937,1.16953,36,19
2026-04-28 17:09:00,1.16953,1.1696,1.16943,1.16952,56,19
2026-04-28 17:10:00,1.16951,1.16956,1.16941,1.16948,68,19
2026-04-28 17:11:00,1.16946,1.16965,1.16946,1.16965,45,19
2026-04-28 17:12:00,1.16965,1.16972,1.16962,1.1697,50,19
2026-04-28 17:13:00,1.1697,1.16977,1.1696,1.16962,46,19
2026-04-28 17:14:00,1.16961,1.16966,1.16959,1.16963,49,19
2026-04-28 17:15:00,1.16964,1.16967,1.1695,1.16957,55,19
2026-04-28 17:16:00,1.16956,1.16962,1.16943,1.16962,83,19
2026-04-28 17:17:00,1.16963,1.16975,1.16959,1.16966,99,19
2026-04-28 17:18:00,1.16966,1.16983,1.16964,1.16966,73,19
2026-04-28 17:19:00,1.16967,1.16972,1.16948,1.16951,69,19
2026-04-28 17:20:00,1.16951,1.16973,1.1695,1.16963,85,19
2026-04-28 17:21:00,1.16962,1.1696900000000001,1.16956,1.16957,53,19
2026-04-28 17:22:00,1.16958,1.1696,1.1693,1.16936,45,19
2026-04-28 17:23:00,1.16936,1.16937,1.16929,1.1693,41,19
2026-04-28 17:24:00,1.1693,1.16941,1.16927,1.16941,50,19
2026-04-28 17:25:00,1.16941,1.16962,1.16941,1.16962,71,19
2026-04-28 17:26:00,1.16962,1.16963,1.16944,1.1694499999999999,71,19
2026-04-28 17:27:00,1.16946,1.1696,1.16939,1.16959,50,19
2026-04-28 17:28:00,1.16961,1.16974,1.16953,1.16955,86,19
2026-04-28 17:29:00,1.16955,1.16959,1.16948,1.16957,58,19
2026-04-28 17:30:00,1.16957,1.16972,1.16956,1.16968,62,19
2026-04-28 17:31:00,1.16967,1.17008,1.16963,1.17008,73,19
2026-04-28 17:32:00,1.17007,1.17023,1.17004,1.17023,55,19
2026-04-28 17:33:00,1.17022,1.17022,1.16993,1.16994,63,19
2026-04-28 17:34:00,1.16996,1.16996,1.16972,1.16983,73,19
2026-04-28 17:35:00,1.16984,1.17001,1.16977,1.16988,81,19
2026-04-28 17:36:00,1.16989,1.16991,1.16975,1.16983,66,19
2026-04-28 17:37:00,1.16983,1.16983,1.16968,1.16973,80,19
2026-04-28 17:38:00,1.16974,1.16978,1.16968,1.16968,63,19
2026-04-28 17:39:00,1.1696900000000001,1.1696900000000001,1.16947,1.16949,69,19
2026-04-28 17:40:00,1.16946,1.16953,1.16939,1.16943,65,19
2026-04-28 17:41:00,1.1694499999999999,1.1697,1.16942,1.1697,143,19
2026-04-28 17:42:00,1.16971,1.1697899999999999,1.16956,1.16957,98,19
2026-04-28 17:43:00,1.16955,1.16962,1.16946,1.16955,71,19
2026-04-28 17:44:00,1.16954,1.1696,1.16949,1.16956,59,19
2026-04-28 17:45:00,1.16957,1.16972,1.16955,1.16957,67,19
2026-04-28 17:46:00,1.16957,1.16959,1.16943,1.16954,70,19
2026-04-28 17:47:00,1.16954,1.16978,1.16927,1.16971,99,19
2026-04-28 17:48:00,1.1696900000000001,1.1696900000000001,1.16937,1.16959,191,19
2026-04-28 17:49:00,1.16959,1.16961,1.16937,1.16941,98,19
2026-04-28 17:50:00,1.16939,1.16947,1.16929,1.16932,84,19
2026-04-28 17:51:00,1.16932,1.16932,1.16917,1.16923,97,19
2026-04-28 17:52:00,1.16921,1.16954,1.16921,1.16954,82,19
2026-04-28 17:53:00,1.16955,1.16961,1.16932,1.16934,119,19
2026-04-28 17:54:00,1.16934,1.16968,1.16924,1.16968,92,19
2026-04-28 17:55:00,1.16968,1.1699,1.1694499999999999,1.1696900000000001,187,19
2026-04-28 17:56:00,1.16968,1.16996,1.16948,1.16975,159,19
2026-04-28 17:57:00,1.16973,1.16976,1.1694,1.16951,212,19
2026-04-28 17:58:00,1.16952,1.16983,1.1695,1.16981,147,19
2026-04-28 17:59:00,1.1698,1.17,1.1696900000000001,1.16999,126,19
2026-04-28 18:00:00,1.16998,1.17033,1.16998,1.17031,107,19
2026-04-28 18:01:00,1.1703000000000001,1.17035,1.17015,1.17017,196,19
2026-04-28 18:02:00,1.17015,1.17056,1.17007,1.17056,178,19
2026-04-28 18:03:00,1.17057,1.1707,1.17043,1.17059,166,19
2026-04-28 18:04:00,1.1706,1.17075,1.1705,1.17072,125,19
2026-04-28 18:05:00,1.17071,1.17086,1.1706,1.17076,159,19
2026-04-28 18:06:00,1.17075,1.17081,1.17057,1.17061,107,19
2026-04-28 18:07:00,1.1706,1.17063,1.17045,1.17048,67,19
2026-04-28 18:08:00,1.17051,1.17053,1.17036,1.17042,77,19
2026-04-28 18:09:00,1.17044,1.17047,1.17035,1.17037,99,19
2026-04-28 18:10:00,1.17036,1.1705,1.17035,1.1703999999999999,78,19
2026-04-28 18:11:00,1.17041,1.17046,1.17026,1.17035,76,19
2026-04-28 18:12:00,1.17036,1.17048,1.17035,1.17039,104,19
2026-04-28 18:13:00,1.1703999999999999,1.17047,1.1703999999999999,1.17043,65,19
2026-04-28 18:14:00,1.17042,1.17047,1.17035,1.17035,91,19
2026-04-28 18:15:00,1.17036,1.17037,1.17022,1.17026,78,19
2026-04-28 18:16:00,1.17026,1.17051,1.17024,1.17047,71,19
2026-04-28 18:17:00,1.1705,1.17073,1.1705,1.17063,97,19
2026-04-28 18:18:00,1.17064,1.17071,1.17058,1.17063,59,19
2026-04-28 18:19:00,1.17063,1.17077,1.17061,1.17074,57,19
2026-04-28 18:20:00,1.17074,1.17075,1.17062,1.17065,46,19
2026-04-28 18:21:00,1.17066,1.17077,1.1706,1.17076,76,19
2026-04-28 18:22:00,1.17077,1.17078,1.1706,1.17071,55,19
2026-04-28 18:23:00,1.17073,1.17078,1.17071,1.17074,58,19
2026-04-28 18:24:00,1.17075,1.17088,1.17075,1.17085,47,19
2026-04-28 18:25:00,1.17084,1.1709,1.17079,1.17082,34,19
2026-04-28 18:26:00,1.17083,1.17116,1.17083,1.17116,52,19
2026-04-28 18:27:00,1.17116,1.17118,1.17088,1.1709,94,19
2026-04-28 18:28:00,1.1709100000000001,1.17099,1.17086,1.17097,68,19
2026-04-28 18:29:00,1.17097,1.171,1.17087,1.17096,68,19
2026-04-28 18:30:00,1.17096,1.17103,1.1709100000000001,1.17098,87,19
2026-04-28 18:31:00,1.171,1.171,1.1708,1.17082,44,19
2026-04-28 18:32:00,1.17081,1.17082,1.17068,1.17081,74,19
2026-04-28 18:33:00,1.17082,1.17085,1.1707,1.17076,55,19
2026-04-28 18:34:00,1.17075,1.1708,1.1707,1.17077,50,19
2026-04-28 18:35:00,1.17078,1.17089,1.17072,1.17086,69,19
2026-04-28 18:36:00,1.17087,1.17087,1.17076,1.17085,47,19
2026-04-28 18:37:00,1.17085,1.1712,1.17085,1.17116,73,19
2026-04-28 18:38:00,1.17118,1.17121,1.1711,1.17112,36,19
2026-04-28 18:39:00,1.17112,1.17142,1.17112,1.17129,65,19
2026-04-28 18:40:00,1.1712799999999999,1.17142,1.17123,1.17139,39,19
2026-04-28 18:41:00,1.17139,1.17147,1.1713,1.17132,69,19
2026-04-28 18:42:00,1.17133,1.17137,1.1712799999999999,1.17131,49,19
2026-04-28 18:43:00,1.1713,1.17131,1.17104,1.17109,65,19
2026-04-28 18:44:00,1.1711,1.17113,1.17104,1.17105,61,19
2026-04-28 18:45:00,1.17105,1.17109,1.17094,1.17109,69,19
2026-04-28 18:46:00,1.17109,1.1711,1.171,1.1711,55,19
2026-04-28 18:47:00,1.17109,1.17117,1.17105,1.17105,43,19
2026-04-28 18:48:00,1.17105,1.17105,1.17089,1.17094,51,19
2026-04-28 18:49:00,1.17094,1.17099,1.1709,1.17096,40,19
2026-04-28 18:50:00,1.17096,1.17116,1.17096,1.17116,66,19
2026-04-28 18:51:00,1.17115,1.17117,1.17103,1.17106,60,19
2026-04-28 18:52:00,1.17107,1.17115,1.17106,1.1711,73,19
2026-04-28 18:53:00,1.17109,1.17116,1.17104,1.17115,41,19
2026-04-28 18:54:00,1.17114,1.17119,1.1711,1.17115,43,19
2026-04-28 18:55:00,1.17115,1.17115,1.17102,1.17105,65,19
2026-04-28 18:56:00,1.17103,1.17105,1.17095,1.17104,52,19
2026-04-28 18:57:00,1.17105,1.1712,1.17104,1.1712,77,19
2026-04-28 18:58:00,1.17121,1.1712500000000001,1.17118,1.17121,37,19
2026-04-28 18:59:00,1.17121,1.1713,1.1712,1.17127,55,19
2026-04-28 19:00:00,1.1713,1.17131,1.17117,1.17121,63,19
2026-04-28 19:01:00,1.17121,1.17135,1.17121,1.17135,51,19
2026-04-28 19:02:00,1.17134,1.17139,1.1712500000000001,1.17126,52,19
2026-04-28 19:03:00,1.17127,1.17147,1.17123,1.17131,75,19
2026-04-28 19:04:00,1.17131,1.17136,1.17124,1.17135,69,19
2026-04-28 19:05:00,1.17134,1.17147,1.17132,1.17144,36,19
2026-04-28 19:06:00,1.17144,1.17151,1.17143,1.17146,45,19
2026-04-28 19:07:00,1.17147,1.17158,1.17142,1.17156,31,19
2026-04-28 19:08:00,1.17156,1.1716,1.17141,1.17142,44,19
2026-04-28 19:09:00,1.17142,1.17142,1.1712500000000001,1.1712799999999999,39,19
2026-04-28 19:10:00,1.17129,1.17136,1.17119,1.1712,56,19
2026-04-28 19:11:00,1.17121,1.17122,1.17113,1.17122,32,19
2026-04-28 19:12:00,1.17121,1.17122,1.17115,1.17118,29,19
2026-04-28 19:13:00,1.17119,1.17134,1.17119,1.17131,52,19
2026-04-28 19:14:00,1.1713,1.17135,1.17119,1.17121,43,19
2026-04-28 19:15:00,1.1712,1.1712,1.17094,1.17099,28,19
2026-04-28 19:16:00,1.17099,1.1710099999999999,1.17094,1.17095,34,19
2026-04-28 19:17:00,1.17096,1.17096,1.1708,1.1708,38,19
2026-04-28 19:18:00,1.1708,1.1709,1.17077,1.17082,66,19
2026-04-28 19:19:00,1.1708,1.1708,1.17069,1.17075,55,19
2026-04-28 19:20:00,1.17075,1.17086,1.17075,1.17082,45,19
2026-04-28 19:21:00,1.17082,1.17085,1.17072,1.17072,62,19
2026-04-28 19:22:00,1.17071,1.17076,1.17069,1.1707,74,19
2026-04-28 19:23:00,1.1707,1.1707,1.17059,1.17064,30,19
2026-04-28 19:24:00,1.17064,1.17065,1.17059,1.1706,26,19
2026-04-28 19:25:00,1.17061,1.17069,1.17061,1.17064,33,19
2026-04-28 19:26:00,1.17062,1.17074,1.17059,1.1707,35,19
2026-04-28 19:27:00,1.17069,1.17071,1.17059,1.17059,15,19
2026-04-28 19:28:00,1.17057,1.1706,1.17049,1.1706,50,19
2026-04-28 19:29:00,1.17061,1.17061,1.17054,1.17055,19,19
2026-04-28 19:30:00,1.17053,1.1706,1.17049,1.17049,38,19
2026-04-28 19:31:00,1.17048,1.17055,1.17046,1.17055,40,19
2026-04-28 19:32:00,1.17056,1.17059,1.17052,1.17058,37,19
2026-04-28 19:33:00,1.17057,1.17063,1.17055,1.1706,33,19
2026-04-28 19:34:00,1.17061,1.17062,1.17048,1.17049,17,19
2026-04-28 19:35:00,1.1705,1.17061,1.17045,1.1706,35,19
2026-04-28 19:36:00,1.17061,1.17072,1.17061,1.17066,46,19
2026-04-28 19:37:00,1.1706699999999999,1.17073,1.17065,1.1706699999999999,15,19
2026-04-28 19:38:00,1.1706699999999999,1.17077,1.1706699999999999,1.17071,26,19
2026-04-28 19:39:00,1.17072,1.17076,1.17068,1.17073,40,19
2026-04-28 19:40:00,1.17072,1.17086,1.1707,1.17085,66,19
2026-04-28 19:41:00,1.17084,1.17084,1.17076,1.17077,30,19
2026-04-28 19:42:00,1.17076,1.17076,1.17071,1.17073,32,19
2026-04-28 19:43:00,1.17075,1.17076,1.17071,1.17072,27,19
2026-04-28 19:44:00,1.17072,1.1708,1.17072,1.1708,26,19
2026-04-28 19:45:00,1.17081,1.17096,1.17076,1.1709100000000001,38,19
2026-04-28 19:46:00,1.17092,1.17093,1.17082,1.17082,32,19
2026-04-28 19:47:00,1.17081,1.17088,1.1706699999999999,1.17068,46,19
2026-04-28 19:48:00,1.17069,1.17081,1.17068,1.17079,52,19
2026-04-28 19:49:00,1.1708,1.17081,1.17066,1.17073,32,19
2026-04-28 19:50:00,1.17072,1.17095,1.17065,1.17072,105,19
2026-04-28 19:51:00,1.17072,1.17082,1.17069,1.17082,49,19
2026-04-28 19:52:00,1.17081,1.17095,1.1708,1.17094,57,19
2026-04-28 19:53:00,1.17094,1.17109,1.1709,1.17106,37,19
2026-04-28 19:54:00,1.17108,1.17111,1.17103,1.17105,23,19
2026-04-28 19:55:00,1.17105,1.17105,1.1709100000000001,1.17094,40,19
2026-04-28 19:56:00,1.17094,1.1710099999999999,1.1709100000000001,1.17092,28,19
2026-04-28 19:57:00,1.17094,1.17098,1.1709,1.17094,22,19
2026-04-28 19:58:00,1.17093,1.17094,1.1709100000000001,1.17093,17,19
2026-04-28 19:59:00,1.17093,1.17098,1.1709100000000001,1.17095,22,19
2026-04-28 20:00:00,1.17095,1.17106,1.17094,1.17106,25,19
2026-04-28 20:01:00,1.17109,1.17109,1.17095,1.17097,22,19
2026-04-28 20:02:00,1.17096,1.17102,1.17085,1.1709,47,19
2026-04-28 20:03:00,1.17089,1.1709,1.17084,1.17087,19,19
2026-04-28 20:04:00,1.17085,1.17085,1.17072,1.17073,37,19
2026-04-28 20:05:00,1.17074,1.17074,1.17066,1.1707,48,19
2026-04-28 20:06:00,1.17071,1.17071,1.17063,1.17069,41,19
2026-04-28 20:07:00,1.17068,1.17069,1.17056,1.1706,41,19
2026-04-28 20:08:00,1.17061,1.17062,1.17059,1.1706,16,20
2026-04-28 20:09:00,1.17061,1.17079,1.17061,1.17078,31,19
2026-04-28 20:10:00,1.17078,1.17078,1.1706699999999999,1.17068,46,19
2026-04-28 20:11:00,1.17068,1.17077,1.17062,1.17077,43,19
2026-04-28 20:12:00,1.17079,1.17084,1.17077,1.17082,28,19
2026-04-28 20:13:00,1.17083,1.17083,1.17071,1.17072,21,19
2026-04-28 20:14:00,1.17075,1.1709100000000001,1.17074,1.1709100000000001,21,19
2026-04-28 20:15:00,1.17092,1.17092,1.17073,1.17073,18,19
2026-04-28 20:16:00,1.17074,1.17074,1.17059,1.17062,24,19
2026-04-28 20:17:00,1.17063,1.17063,1.17056,1.17056,24,19
2026-04-28 20:18:00,1.17057,1.17061,1.17055,1.1706,23,19
2026-04-28 20:19:00,1.17062,1.17062,1.17058,1.17061,15,19
2026-04-28 20:20:00,1.17062,1.17065,1.17056,1.17065,36,19
2026-04-28 20:21:00,1.17065,1.17065,1.17058,1.17061,24,19
2026-04-28 20:22:00,1.17061,1.17069,1.17061,1.1706699999999999,8,19
2026-04-28 20:23:00,1.1706699999999999,1.1707,1.1706699999999999,1.1706699999999999,9,19
2026-04-28 20:24:00,1.17065,1.17088,1.17065,1.17088,24,19
2026-04-28 20:25:00,1.17088,1.17088,1.17082,1.17087,12,19
2026-04-28 20:26:00,1.17087,1.17087,1.1708,1.17081,15,19
2026-04-28 20:27:00,1.17082,1.17097,1.17081,1.17092,26,19
2026-04-28 20:28:00,1.17093,1.17098,1.17086,1.17086,28,19
2026-04-28 20:29:00,1.17085,1.17092,1.17085,1.17086,22,19
2026-04-28 20:30:00,1.17087,1.171,1.17083,1.17097,43,19
2026-04-28 20:31:00,1.17097,1.17107,1.17097,1.1710099999999999,53,19
2026-04-28 20:32:00,1.1710099999999999,1.17112,1.17099,1.17112,23,19
2026-04-28 20:33:00,1.17111,1.17116,1.17108,1.17109,29,19
2026-04-28 20:34:00,1.17106,1.17111,1.17103,1.1711,29,19
2026-04-28 20:35:00,1.17109,1.17122,1.17109,1.17119,19,19
2026-04-28 20:36:00,1.1712,1.1713,1.17118,1.1713,33,19
2026-04-28 20:37:00,1.1713,1.17136,1.17127,1.17127,27,19
2026-04-28 20:38:00,1.1712799999999999,1.1712799999999999,1.1712,1.17123,9,19
2026-04-28 20:39:00,1.17118,1.1712799999999999,1.17117,1.17126,23,19
2026-04-28 20:40:00,1.1712500000000001,1.17127,1.17117,1.17119,26,19
2026-04-28 20:41:00,1.17121,1.17124,1.17117,1.17121,24,19
2026-04-28 20:42:00,1.17122,1.1712500000000001,1.17116,1.17117,25,19
2026-04-28 20:43:00,1.17116,1.17121,1.17116,1.17119,15,19
2026-04-28 20:44:00,1.1712,1.17121,1.17114,1.17116,20,19
2026-04-28 20:45:00,1.17116,1.17139,1.17116,1.17133,38,19
2026-04-28 20:46:00,1.17134,1.1714,1.17133,1.17135,39,19
2026-04-28 20:47:00,1.17133,1.17149,1.17131,1.17148,37,19
2026-04-28 20:48:00,1.17147,1.17163,1.17142,1.17158,92,19
2026-04-28 20:49:00,1.17159,1.17167,1.17158,1.1716199999999999,117,19
2026-04-28 20:50:00,1.17163,1.17166,1.17145,1.17153,118,19
2026-04-28 20:51:00,1.1715200000000001,1.1715200000000001,1.17136,1.1714,67,19
2026-04-28 20:52:00,1.17139,1.17148,1.17139,1.17141,59,19
2026-04-28 20:53:00,1.1714,1.17141,1.17137,1.1714,13,19
2026-04-28 20:54:00,1.17142,1.17146,1.17142,1.17146,9,19
2026-04-28 20:55:00,1.17145,1.17148,1.17138,1.17139,21,19
2026-04-28 20:56:00,1.17137,1.17137,1.1713,1.17131,27,19
2026-04-28 20:57:00,1.17131,1.17136,1.17121,1.17121,41,19
2026-04-28 20:58:00,1.1712,1.17121,1.17117,1.17121,54,19
2026-04-28 20:59:00,1.1712,1.1713,1.17119,1.17127,47,19
2026-04-28 21:00:00,1.1712799999999999,1.17137,1.1712500000000001,1.17136,45,19
2026-04-28 21:01:00,1.17137,1.17147,1.17137,1.17146,39,19
2026-04-28 21:02:00,1.17145,1.17146,1.17141,1.17143,30,19
2026-04-28 21:03:00,1.17142,1.17142,1.17131,1.17132,43,19
2026-04-28 21:04:00,1.17132,1.17132,1.17117,1.17121,47,19
2026-04-28 21:05:00,1.1712,1.17123,1.17117,1.1712,52,19
2026-04-28 21:06:00,1.17118,1.1712,1.17109,1.1711,47,19
2026-04-28 21:07:00,1.17109,1.17116,1.17109,1.17115,23,19
2026-04-28 21:08:00,1.17114,1.1712,1.17114,1.17119,13,19
2026-04-28 21:09:00,1.17119,1.17129,1.17119,1.1712500000000001,22,19
2026-04-28 21:10:00,1.1712500000000001,1.17132,1.1712500000000001,1.17126,30,19
2026-04-28 21:11:00,1.1712500000000001,1.17126,1.17111,1.17111,26,19
2026-04-28 21:12:00,1.17111,1.17111,1.17105,1.1711,17,19
2026-04-28 21:13:00,1.1711,1.17113,1.1711,1.17112,6,20
2026-04-28 21:14:00,1.17113,1.17116,1.17112,1.17115,11,19
2026-04-28 21:15:00,1.17116,1.1712500000000001,1.17115,1.17122,25,19
2026-04-28 21:16:00,1.17121,1.17121,1.17119,1.17121,21,19
2026-04-28 21:17:00,1.17119,1.17126,1.17118,1.1712500000000001,22,19
2026-04-28 21:18:00,1.17126,1.17129,1.1712500000000001,1.17126,19,19
2026-04-28 21:19:00,1.17126,1.17127,1.17121,1.17121,13,19
2026-04-28 21:20:00,1.17122,1.17129,1.17121,1.17126,20,19
2026-04-28 21:21:00,1.17127,1.17127,1.1712500000000001,1.17127,8,19
2026-04-28 21:22:00,1.17127,1.1712799999999999,1.17122,1.1712799999999999,16,19
2026-04-28 21:23:00,1.17129,1.17148,1.17129,1.17137,126,19
2026-04-28 21:24:00,1.17136,1.17141,1.17131,1.17132,33,19
2026-04-28 21:25:00,1.17131,1.17142,1.1712799999999999,1.17137,57,19
2026-04-28 21:26:00,1.17137,1.17137,1.1712500000000001,1.1712500000000001,23,19
2026-04-28 21:27:00,1.1712500000000001,1.17135,1.1712500000000001,1.17133,27,19
2026-04-28 21:28:00,1.17132,1.17132,1.17127,1.17131,23,19
2026-04-28 21:29:00,1.17131,1.17148,1.1713,1.17144,29,19
2026-04-28 21:30:00,1.17144,1.17145,1.1712799999999999,1.1712799999999999,30,19
2026-04-28 21:31:00,1.17129,1.1713,1.17126,1.1712799999999999,26,19
2026-04-28 21:32:00,1.17129,1.17133,1.17127,1.17131,23,19
2026-04-28 21:33:00,1.17132,1.17136,1.1712799999999999,1.17129,18,19
2026-04-28 21:34:00,1.17129,1.1713,1.17126,1.1712799999999999,15,19
2026-04-28 21:35:00,1.17129,1.17132,1.1712500000000001,1.1712799999999999,19,19
2026-04-28 21:36:00,1.17129,1.17131,1.1712799999999999,1.1713,12,19
2026-04-28 21:37:00,1.1713,1.17132,1.17126,1.17127,9,19
2026-04-28 21:38:00,1.1712799999999999,1.17139,1.1712799999999999,1.17136,29,19
2026-04-28 21:39:00,1.17137,1.17142,1.17137,1.17141,20,19
2026-04-28 21:40:00,1.17141,1.17145,1.1714,1.17145,21,19
2026-04-28 21:41:00,1.17146,1.17146,1.1714,1.17141,8,19
2026-04-28 21:42:00,1.1714,1.17141,1.17136,1.17141,25,19
2026-04-28 21:43:00,1.1714,1.17147,1.1714,1.17146,18,19
2026-04-28 21:44:00,1.17147,1.17148,1.17144,1.17146,20,19
2026-04-28 21:45:00,1.17145,1.1715,1.17145,1.1715,37,19
2026-04-28 21:46:00,1.17151,1.17151,1.17145,1.17146,37,19
2026-04-28 21:47:00,1.17145,1.17147,1.17136,1.17145,28,19
2026-04-28 21:48:00,1.17146,1.17151,1.17138,1.17139,43,19
2026-04-28 21:49:00,1.17139,1.17146,1.17136,1.17145,40,19
2026-04-28 21:50:00,1.17144,1.17145,1.17137,1.17138,27,19
2026-04-28 21:51:00,1.17138,1.17138,1.17134,1.17138,12,19
2026-04-28 21:52:00,1.17137,1.17137,1.17135,1.17136,4,19
2026-04-28 21:53:00,1.17137,1.17138,1.17127,1.17131,17,19
2026-04-28 21:54:00,1.17131,1.17132,1.17122,1.17122,16,19
2026-04-28 21:55:00,1.17122,1.17122,1.17106,1.17108,39,19
2026-04-28 21:56:00,1.17108,1.17111,1.17106,1.17111,18,19
2026-04-28 21:57:00,1.17111,1.17111,1.17102,1.17105,46,19
2026-04-28 21:58:00,1.17106,1.17112,1.17106,1.17107,38,19
2026-04-28 21:59:00,1.17108,1.17109,1.17105,1.17106,31,19
2026-04-28 22:00:00,1.17107,1.17121,1.17098,1.17121,37,19
2026-04-28 22:01:00,1.1712,1.17132,1.1712,1.1712799999999999,26,19
2026-04-28 22:02:00,1.17129,1.17135,1.17127,1.17131,55,19
2026-04-28 22:03:00,1.17131,1.17132,1.1713,1.17132,8,19
2026-04-28 22:04:00,1.17131,1.17132,1.17123,1.17123,29,19
2026-04-28 22:05:00,1.17124,1.17127,1.17124,1.17127,23,19
2026-04-28 22:06:00,1.17126,1.17137,1.17126,1.17136,17,19
2026-04-28 22:07:00,1.17137,1.17142,1.17129,1.1713,26,19
2026-04-28 22:08:00,1.17131,1.17135,1.17114,1.17114,40,19
2026-04-28 22:09:00,1.17115,1.17116,1.17111,1.17111,16,20
2026-04-28 22:10:00,1.1711,1.1711,1.17099,1.1710099999999999,20,19
2026-04-28 22:11:00,1.17102,1.17102,1.171,1.1710099999999999,8,19
2026-04-28 22:12:00,1.17103,1.17108,1.1710099999999999,1.1710099999999999,18,19
2026-04-28 22:13:00,1.1710099999999999,1.1710099999999999,1.17099,1.171,10,19
2026-04-28 22:14:00,1.1710099999999999,1.17103,1.17098,1.171,16,19
2026-04-28 22:15:00,1.17099,1.1710099999999999,1.17096,1.17099,14,19
2026-04-28 22:16:00,1.17096,1.1710099999999999,1.17095,1.17096,23,19
2026-04-28 22:17:00,1.17096,1.17096,1.17084,1.17086,25,19
2026-04-28 22:18:00,1.17083,1.1709100000000001,1.17081,1.17081,20,19
2026-04-28 22:19:00,1.17082,1.17085,1.17081,1.17083,19,19
2026-04-28 22:20:00,1.17082,1.17088,1.17076,1.17081,18,19
2026-04-28 22:21:00,1.17081,1.1709,1.17081,1.17088,19,19
2026-04-28 22:22:00,1.17088,1.17093,1.17088,1.17092,19,19
2026-04-28 22:23:00,1.17093,1.17095,1.17084,1.17085,16,19
2026-04-28 22:24:00,1.17086,1.17087,1.17079,1.1708,15,19
2026-04-28 22:25:00,1.1708,1.17081,1.17077,1.17077,12,19
2026-04-28 22:26:00,1.17078,1.17085,1.17078,1.1708,9,19
2026-04-28 22:27:00,1.17081,1.17085,1.17079,1.17084,9,19
2026-04-28 22:28:00,1.17083,1.17083,1.1708,1.17083,8,19
2026-04-28 22:29:00,1.17082,1.17086,1.17082,1.17084,16,19
2026-04-28 22:30:00,1.17083,1.17093,1.1708,1.1709100000000001,27,19
2026-04-28 22:31:00,1.1709,1.1709100000000001,1.17088,1.17088,9,19
2026-04-28 22:32:00,1.17087,1.17089,1.17075,1.17076,21,19
2026-04-28 22:33:00,1.17077,1.17079,1.17074,1.17079,14,19
2026-04-28 22:34:00,1.17079,1.17082,1.17079,1.17079,8,19
2026-04-28 22:35:00,1.1708,1.17083,1.1708,1.17083,6,19
2026-04-28 22:36:00,1.17083,1.17083,1.17079,1.17082,14,19
2026-04-28 22:37:00,1.17082,1.17083,1.17078,1.17082,13,19
2026-04-28 22:38:00,1.17081,1.17082,1.17076,1.17079,18,19
2026-04-28 22:39:00,1.17079,1.17088,1.17079,1.17088,14,19
2026-04-28 22:40:00,1.17086,1.17088,1.17081,1.17083,29,19
2026-04-28 22:41:00,1.17083,1.17084,1.17083,1.17083,3,19
2026-04-28 22:42:00,1.17083,1.17083,1.17074,1.17074,15,19
2026-04-28 22:43:00,1.17074,1.17074,1.17074,1.17074,1,19
2026-04-28 22:44:00,1.17075,1.17079,1.17075,1.17078,8,19
2026-04-28 22:45:00,1.17077,1.17078,1.17073,1.17076,11,19
2026-04-28 22:46:00,1.17076,1.17076,1.17074,1.17076,9,19
2026-04-28 22:47:00,1.17077,1.17077,1.17074,1.17074,10,19
2026-04-28 22:48:00,1.17074,1.17074,1.17069,1.17072,11,19
2026-04-28 22:49:00,1.17072,1.17074,1.17072,1.17074,3,19
2026-04-28 22:50:00,1.17075,1.17075,1.17068,1.17068,19,19
2026-04-28 22:51:00,1.17069,1.17069,1.1706,1.1706,17,19
2026-04-28 22:52:00,1.1706,1.1707,1.1706,1.17066,21,19
2026-04-28 22:53:00,1.17065,1.1706699999999999,1.17063,1.17066,16,19
2026-04-28 22:54:00,1.1706699999999999,1.17068,1.17064,1.1706699999999999,16,19
2026-04-28 22:55:00,1.17068,1.17068,1.17062,1.17066,32,19
2026-04-28 22:56:00,1.17064,1.17076,1.17064,1.17076,11,19
2026-04-28 22:57:00,1.17076,1.17082,1.17076,1.17079,20,19
2026-04-28 22:58:00,1.17079,1.17084,1.17077,1.17084,13,19
2026-04-28 22:59:00,1.17083,1.17089,1.1708,1.17088,30,19
2026-04-28 23:00:00,1.17086,1.17092,1.17085,1.17092,13,19
2026-04-28 23:01:00,1.17092,1.17097,1.17092,1.17094,15,19
2026-04-28 23:02:00,1.17094,1.17097,1.17094,1.17097,16,19
2026-04-28 23:03:00,1.17097,1.17097,1.17095,1.17096,9,19
2026-04-28 23:04:00,1.17096,1.17109,1.17095,1.17103,19,19
2026-04-28 23:05:00,1.17105,1.17109,1.17104,1.17108,12,19
2026-04-28 23:06:00,1.17108,1.17123,1.17107,1.17113,32,19
2026-04-28 23:07:00,1.17114,1.17123,1.17114,1.17122,15,19
2026-04-28 23:08:00,1.17122,1.17133,1.17119,1.17133,26,19
2026-04-28 23:09:00,1.17132,1.17134,1.17108,1.17116,35,19
2026-04-28 23:10:00,1.17117,1.17117,1.17117,1.17117,1,20
2026-04-28 23:11:00,1.17118,1.17118,1.17114,1.17117,8,19
2026-04-28 23:12:00,1.17114,1.17117,1.17114,1.17114,8,19
2026-04-28 23:13:00,1.17114,1.17114,1.17112,1.17113,3,19
2026-04-28 23:14:00,1.17115,1.17115,1.17112,1.17112,6,19
2026-04-28 23:15:00,1.17111,1.17114,1.17111,1.17114,8,19
2026-04-28 23:16:00,1.17114,1.17114,1.17111,1.17113,6,19
2026-04-28 23:17:00,1.17112,1.17113,1.17105,1.17105,8,19
2026-04-28 23:18:00,1.17105,1.17109,1.17105,1.17107,7,19
2026-04-28 23:19:00,1.17107,1.17108,1.17105,1.17108,8,19
2026-04-28 23:20:00,1.17107,1.1711,1.17105,1.1711,9,19
2026-04-28 23:21:00,1.1711,1.17114,1.1711,1.17113,4,19
2026-04-28 23:22:00,1.17113,1.17114,1.17113,1.17114,4,19
2026-04-28 23:23:00,1.17114,1.17114,1.17114,1.17114,1,20
2026-04-28 23:24:00,1.17114,1.17116,1.17114,1.17114,4,19
2026-04-28 23:25:00,1.17112,1.17113,1.17108,1.17109,23,19
2026-04-28 23:26:00,1.1711,1.17114,1.17108,1.17114,14,19
2026-04-28 23:27:00,1.17113,1.17114,1.17112,1.17114,6,19
2026-04-28 23:28:00,1.17113,1.17113,1.17111,1.17112,4,19
2026-04-28 23:29:00,1.17113,1.17116,1.17113,1.17115,10,19
2026-04-28 23:30:00,1.17115,1.17133,1.17114,1.17132,23,19
2026-04-28 23:31:00,1.17133,1.17137,1.17133,1.17137,12,19
2026-04-28 23:32:00,1.17137,1.17137,1.17132,1.17137,12,19
2026-04-28 23:33:00,1.17136,1.17136,1.17133,1.17133,4,19
2026-04-28 23:34:00,1.17134,1.17137,1.17126,1.17129,13,19
2026-04-28 23:35:00,1.1713,1.17134,1.17129,1.17133,7,19
2026-04-28 23:36:00,1.17132,1.17132,1.1712500000000001,1.17127,4,19
2026-04-28 23:37:00,1.17127,1.1712799999999999,1.17126,1.17126,4,19
2026-04-28 23:38:00,1.17126,1.17129,1.17126,1.17127,5,19
2026-04-28 23:39:00,1.17127,1.17127,1.17124,1.17127,4,20
2026-04-28 23:40:00,1.17127,1.17141,1.17124,1.17137,20,19
2026-04-28 23:41:00,1.17137,1.17137,1.17129,1.17129,5,19
2026-04-28 23:42:00,1.1712799999999999,1.17138,1.1712799999999999,1.17129,12,19
2026-04-28 23:43:00,1.1712799999999999,1.17132,1.1712799999999999,1.17132,3,20
2026-04-28 23:44:00,1.17131,1.17133,1.1712799999999999,1.17133,11,19
2026-04-28 23:45:00,1.17133,1.17135,1.17129,1.17133,10,19
2026-04-28 23:46:00,1.17134,1.17134,1.17133,1.17134,3,20
2026-04-28 23:47:00,1.17135,1.17137,1.17133,1.17133,6,19
2026-04-28 23:48:00,1.17133,1.17136,1.17133,1.17135,4,20
2026-04-28 23:49:00,1.17137,1.17137,1.17133,1.17133,4,20
2026-04-28 23:50:00,1.17133,1.17133,1.1712799999999999,1.1712799999999999,3,19
2026-04-28 23:51:00,1.1712799999999999,1.1712799999999999,1.1712799999999999,1.1712799999999999,1,21
2026-04-28 23:52:00,1.1712799999999999,1.1712799999999999,1.1712799999999999,1.1712799999999999,1,21
2026-04-28 23:53:00,1.17127,1.1713,1.17127,1.1713,3,22
2026-04-28 23:54:00,1.17129,1.17129,1.1712500000000001,1.17127,6,21
2026-04-28 23:55:00,1.17126,1.17127,1.1712500000000001,1.17126,21,22
2026-04-28 23:56:00,1.1712500000000001,1.17127,1.1712,1.1712,30,21
2026-04-28 23:57:00,1.17121,1.17122,1.17117,1.17117,16,21
2026-04-28 23:58:00,1.17118,1.17122,1.17108,1.17112,54,21
2026-04-28 23:59:00,1.17111,1.17115,1.17095,1.17096,61,32
2026-04-29 00:00:00,1.17087,1.17087,1.1702,1.17071,7,59
2026-04-29 00:01:00,1.17071,1.17071,1.17071,1.17071,1,90
2026-04-29 00:02:00,1.17081,1.17081,1.17081,1.17081,1,82
2026-04-29 00:03:00,1.17081,1.17081,1.17081,1.17081,1,80
2026-04-29 00:04:00,1.17051,1.17081,1.17051,1.17081,2,81
2026-04-29 00:05:00,1.17081,1.17085,1.17081,1.17085,2,77
2026-04-29 00:06:00,1.17084,1.17084,1.17084,1.17084,1,81
2026-04-29 00:07:00,1.17084,1.17084,1.17084,1.17084,1,81
2026-04-29 00:08:00,1.17084,1.17084,1.17084,1.17084,1,81
2026-04-29 00:09:00,1.17084,1.17084,1.17084,1.17084,1,83
2026-04-29 00:10:00,1.17084,1.1714,1.17084,1.17112,7,40
2026-04-29 00:11:00,1.17106,1.17106,1.17104,1.17105,4,65
2026-04-29 00:12:00,1.17104,1.17105,1.17084,1.17084,3,67
2026-04-29 00:13:00,1.17084,1.17085,1.17084,1.17085,2,81
2026-04-29 00:14:00,1.17085,1.17085,1.17085,1.17085,1,81
2026-04-29 00:15:00,1.17084,1.17085,1.17084,1.17085,2,80
2026-04-29 00:16:00,1.17085,1.17085,1.17085,1.17085,1,81
2026-04-29 00:17:00,1.17085,1.17086,1.17085,1.17086,2,80
2026-04-29 00:18:00,1.17086,1.17088,1.17086,1.17088,2,77
2026-04-29 00:19:00,1.17088,1.17088,1.17087,1.17087,2,78
2026-04-29 00:20:00,1.17088,1.17088,1.17088,1.17088,1,79
2026-04-29 00:21:00,1.17087,1.17087,1.17086,1.17086,2,81
2026-04-29 00:22:00,1.17085,1.17085,1.17085,1.17085,1,82
2026-04-29 00:23:00,1.17083,1.17086,1.17083,1.17086,3,81
2026-04-29 00:24:00,1.17086,1.17099,1.17086,1.17099,2,68
2026-04-29 00:25:00,1.17099,1.17099,1.17099,1.17099,1,68
2026-04-29 00:26:00,1.17099,1.17099,1.17099,1.17099,1,68
2026-04-29 00:28:00,1.17099,1.17099,1.17099,1.17099,1,68
2026-04-29 00:29:00,1.17099,1.17099,1.17099,1.17099,1,69
2026-04-29 00:30:00,1.17099,1.17099,1.17099,1.17099,1,70
2026-04-29 00:31:00,1.17099,1.17099,1.17099,1.17099,1,69
2026-04-29 00:32:00,1.17099,1.17099,1.17095,1.17095,2,69
2026-04-29 00:33:00,1.17095,1.17096,1.17095,1.17096,2,68
2026-04-29 00:35:00,1.17096,1.17096,1.17095,1.17095,2,68
2026-04-29 00:36:00,1.17094,1.17094,1.17094,1.17094,1,70
2026-04-29 00:37:00,1.17094,1.17094,1.17094,1.17094,1,70
2026-04-29 00:38:00,1.17094,1.17114,1.17094,1.17094,3,54
2026-04-29 00:40:00,1.17094,1.17096,1.17094,1.17095,3,68
2026-04-29 00:41:00,1.17095,1.17095,1.17095,1.17095,1,67
2026-04-29 00:42:00,1.17095,1.17095,1.17095,1.17095,1,67
2026-04-29 00:43:00,1.17095,1.17095,1.17095,1.17095,1,67
2026-04-29 00:44:00,1.17095,1.17095,1.17095,1.17095,1,67
2026-04-29 00:45:00,1.17095,1.171,1.17095,1.171,3,64
2026-04-29 00:46:00,1.17099,1.1710099999999999,1.17099,1.1710099999999999,3,64
2026-04-29 00:47:00,1.17103,1.17103,1.17103,1.17103,1,65
2026-04-29 00:48:00,1.17103,1.17103,1.17103,1.17103,1,67
2026-04-29 00:49:00,1.17103,1.17103,1.17103,1.17103,1,66
2026-04-29 00:50:00,1.17103,1.17103,1.17103,1.17103,1,66
2026-04-29 00:51:00,1.17102,1.17102,1.17102,1.17102,1,68
2026-04-29 00:52:00,1.17102,1.17102,1.17098,1.17098,2,67
2026-04-29 00:53:00,1.17096,1.17096,1.17096,1.17096,1,70
2026-04-29 00:54:00,1.17096,1.17096,1.17095,1.17095,2,70
2026-04-29 00:55:00,1.17095,1.17095,1.17095,1.17095,1,70
2026-04-29 00:56:00,1.17095,1.17095,1.17095,1.17095,1,70
2026-04-29 00:57:00,1.17095,1.17095,1.17095,1.17095,1,76
2026-04-29 00:59:00,1.17095,1.17095,1.17094,1.17094,2,78
2026-04-29 01:00:00,1.17092,1.17138,1.17092,1.17136,90,45
2026-04-29 01:01:00,1.1715,1.17164,1.17141,1.17158,42,22
2026-04-29 01:02:00,1.17158,1.17163,1.17154,1.17157,17,22
2026-04-29 01:03:00,1.17156,1.17171,1.17156,1.17165,31,20
2026-04-29 01:04:00,1.17164,1.17165,1.17163,1.17164,5,22
2026-04-29 01:05:00,1.17164,1.17164,1.17155,1.1716,11,22
2026-04-29 01:06:00,1.17159,1.17168,1.17159,1.17168,7,22
2026-04-29 01:07:00,1.17167,1.17167,1.17163,1.17163,3,21
2026-04-29 01:08:00,1.17163,1.17165,1.17163,1.17165,2,23
2026-04-29 01:09:00,1.17165,1.17165,1.17158,1.17158,6,20
2026-04-29 01:10:00,1.17159,1.1716199999999999,1.17158,1.17159,9,20
2026-04-29 01:11:00,1.17158,1.17163,1.17158,1.17159,3,21
2026-04-29 01:12:00,1.17159,1.17159,1.17159,1.17159,1,25
2026-04-29 01:13:00,1.1716,1.1716,1.17159,1.17159,2,24
2026-04-29 01:14:00,1.1716199999999999,1.17163,1.17161,1.17163,3,22
2026-04-29 01:15:00,1.17161,1.1716199999999999,1.17159,1.1716,6,21
2026-04-29 01:16:00,1.17159,1.1716,1.17159,1.1716,2,23
2026-04-29 01:17:00,1.1716,1.1716,1.1716,1.1716,1,23
2026-04-29 01:18:00,1.17158,1.17158,1.17158,1.17158,1,24
2026-04-29 01:19:00,1.17158,1.17158,1.17153,1.17153,6,21
2026-04-29 01:20:00,1.17158,1.17158,1.17153,1.17153,4,20
2026-04-29 01:21:00,1.17153,1.1716,1.17153,1.17158,11,20
2026-04-29 01:22:00,1.17163,1.17163,1.17163,1.17163,1,22
2026-04-29 01:23:00,1.17163,1.17163,1.17153,1.17153,6,21
2026-04-29 01:24:00,1.17153,1.17153,1.17148,1.17149,11,20
2026-04-29 01:25:00,1.17148,1.17148,1.17148,1.17148,1,22
2026-04-29 01:26:00,1.17148,1.17148,1.17145,1.17145,2,23
2026-04-29 01:27:00,1.17144,1.17145,1.17143,1.17145,4,21
2026-04-29 01:28:00,1.17144,1.17144,1.17143,1.17143,2,23
2026-04-29 01:29:00,1.17143,1.17143,1.17134,1.17134,9,21
2026-04-29 01:30:00,1.17135,1.17147,1.17135,1.17143,12,20
2026-04-29 01:31:00,1.17144,1.17144,1.17144,1.17144,1,22
2026-04-29 01:32:00,1.17143,1.17145,1.17143,1.17145,3,21
2026-04-29 01:33:00,1.17145,1.17145,1.17142,1.17144,11,21
2026-04-29 01:34:00,1.17145,1.17148,1.17144,1.17146,11,20
2026-04-29 01:35:00,1.17145,1.17146,1.17145,1.17146,2,23
2026-04-29 01:36:00,1.17147,1.17147,1.17144,1.17144,3,22
2026-04-29 01:37:00,1.17145,1.17145,1.17143,1.17144,3,23
2026-04-29 01:38:00,1.17143,1.17144,1.17143,1.17144,2,22
2026-04-29 01:39:00,1.17143,1.17143,1.17141,1.17141,2,21
2026-04-29 01:40:00,1.1714,1.1714,1.1714,1.1714,1,22
2026-04-29 01:41:00,1.17141,1.17146,1.17141,1.17144,15,21
2026-04-29 01:42:00,1.17147,1.1715,1.17145,1.17146,13,20
2026-04-29 01:43:00,1.17145,1.17147,1.17143,1.17146,6,22
2026-04-29 01:44:00,1.17145,1.17147,1.17145,1.17147,4,22
2026-04-29 01:45:00,1.17145,1.17148,1.17145,1.17147,5,21
2026-04-29 01:46:00,1.17148,1.17148,1.17147,1.17147,2,21
2026-04-29 01:47:00,1.17146,1.17146,1.17146,1.17146,1,23
2026-04-29 01:48:00,1.17146,1.17147,1.17146,1.17146,3,22
2026-04-29 01:49:00,1.17146,1.17146,1.17144,1.17146,5,22
2026-04-29 01:50:00,1.17144,1.17146,1.17144,1.17145,4,23
2026-04-29 01:51:00,1.17144,1.17144,1.17144,1.17144,1,24
2026-04-29 01:52:00,1.17144,1.17144,1.17144,1.17144,1,24
2026-04-29 01:53:00,1.17145,1.17149,1.17144,1.17149,27,21
2026-04-29 01:54:00,1.17145,1.17146,1.17145,1.17145,213,23
2026-04-29 01:55:00,1.17146,1.17146,1.17145,1.17145,88,23
2026-04-29 01:56:00,1.17145,1.17148,1.17144,1.17145,29,21
2026-04-29 01:57:00,1.17144,1.17144,1.17144,1.17144,1,24
2026-04-29 01:58:00,1.17144,1.17144,1.17144,1.17144,1,24
2026-04-29 01:59:00,1.17145,1.17147,1.17144,1.17146,15,23
2026-04-29 02:00:00,1.17148,1.17148,1.17146,1.17146,3,22
2026-04-29 02:01:00,1.17146,1.17146,1.17144,1.17146,9,22
2026-04-29 02:02:00,1.17144,1.17145,1.17144,1.17145,4,23
2026-04-29 02:03:00,1.17146,1.17149,1.17145,1.17149,4,22
2026-04-29 02:04:00,1.17149,1.17149,1.17144,1.17149,8,19
2026-04-29 02:05:00,1.17149,1.17154,1.17149,1.17149,13,19
2026-04-29 02:06:00,1.17149,1.1715,1.17148,1.1715,7,20
2026-04-29 02:07:00,1.17149,1.1715200000000001,1.17149,1.17149,5,21
2026-04-29 02:08:00,1.17149,1.17149,1.17149,1.17149,1,23
2026-04-29 02:09:00,1.17149,1.17149,1.17149,1.17149,1,23
2026-04-29 02:11:00,1.17149,1.17149,1.17144,1.17144,4,22
2026-04-29 02:12:00,1.17144,1.17144,1.17144,1.17144,1,24
2026-04-29 02:13:00,1.17144,1.17144,1.17144,1.17144,1,23
2026-04-29 02:14:00,1.17144,1.17144,1.17144,1.17144,1,24
2026-04-29 02:15:00,1.17144,1.17149,1.17144,1.17149,5,20
2026-04-29 02:16:00,1.17149,1.17149,1.17149,1.17149,1,22
2026-04-29 02:17:00,1.17153,1.17154,1.1715,1.1715,7,19
2026-04-29 02:18:00,1.17151,1.17154,1.1715,1.1715,6,21
2026-04-29 02:19:00,1.17151,1.17151,1.17149,1.17149,7,22
2026-04-29 02:20:00,1.17149,1.17151,1.17149,1.1715,8,22
2026-04-29 02:21:00,1.17151,1.17151,1.17149,1.17149,2,23
2026-04-29 02:22:00,1.17149,1.17149,1.17149,1.17149,1,22
2026-04-29 02:23:00,1.17147,1.17147,1.17145,1.17146,3,21
2026-04-29 02:24:00,1.17146,1.17146,1.17146,1.17146,1,23
2026-04-29 02:25:00,1.17148,1.17148,1.17146,1.17147,9,21
2026-04-29 02:26:00,1.17146,1.17147,1.17146,1.17146,3,22
2026-04-29 02:27:00,1.1715,1.1715,1.17147,1.17148,8,21
2026-04-29 02:28:00,1.17147,1.17148,1.17145,1.17145,6,21
2026-04-29 02:29:00,1.17146,1.17146,1.17144,1.17144,3,21
2026-04-29 02:30:00,1.17146,1.17149,1.17146,1.17146,4,20
2026-04-29 02:31:00,1.17147,1.17149,1.17146,1.17149,4,21
2026-04-29 02:32:00,1.1715,1.1715,1.17149,1.17149,2,21
2026-04-29 02:33:00,1.1715,1.1715,1.17144,1.17144,6,21
2026-04-29 02:34:00,1.17145,1.17146,1.17145,1.17146,2,22
2026-04-29 02:35:00,1.17146,1.17146,1.17145,1.17145,2,20
2026-04-29 02:36:00,1.17144,1.17145,1.17144,1.17144,5,21
2026-04-29 02:37:00,1.17144,1.17145,1.17144,1.17145,2,22
2026-04-29 02:38:00,1.17146,1.17147,1.17146,1.17147,2,22
2026-04-29 02:39:00,1.17146,1.17148,1.17145,1.17145,14,21
2026-04-29 02:40:00,1.17146,1.17146,1.17144,1.17145,5,21
2026-04-29 02:41:00,1.17143,1.17143,1.17143,1.17143,1,21
2026-04-29 02:42:00,1.17142,1.17149,1.17142,1.17149,6,21
2026-04-29 02:43:00,1.17148,1.1715,1.17148,1.1715,3,21
2026-04-29 02:44:00,1.1715,1.17156,1.1715,1.17155,7,19
2026-04-29 02:45:00,1.17154,1.17155,1.17153,1.17153,6,21
2026-04-29 02:46:00,1.17154,1.17159,1.17154,1.17157,7,21
2026-04-29 02:47:00,1.17157,1.17157,1.17157,1.17157,1,21
2026-04-29 02:48:00,1.17156,1.17156,1.17154,1.17154,4,21
2026-04-29 02:49:00,1.17154,1.17154,1.1715200000000001,1.17154,9,20
2026-04-29 02:50:00,1.17154,1.17155,1.17154,1.17155,4,21
2026-04-29 02:51:00,1.17155,1.17155,1.17155,1.17155,1,21
2026-04-29 02:52:00,1.17154,1.17155,1.17154,1.17155,2,21
2026-04-29 02:53:00,1.17154,1.17163,1.17154,1.17156,13,19
2026-04-29 02:54:00,1.17156,1.17159,1.17156,1.17157,5,20
2026-04-29 02:55:00,1.17156,1.1716,1.17156,1.1716,3,20
2026-04-29 02:56:00,1.17159,1.17159,1.17158,1.17158,6,21
2026-04-29 02:57:00,1.17158,1.17164,1.17157,1.17164,12,19
2026-04-29 02:58:00,1.17164,1.17165,1.17163,1.17165,10,20
2026-04-29 02:59:00,1.17164,1.17166,1.17163,1.17166,12,19
2026-04-29 03:00:00,1.17166,1.17183,1.17166,1.1718,41,19
2026-04-29 03:01:00,1.1718,1.17183,1.1718,1.17182,24,19
2026-04-29 03:02:00,1.17181,1.17184,1.17181,1.17181,23,20
2026-04-29 03:03:00,1.17177,1.17185,1.17176,1.17185,17,19
2026-04-29 03:04:00,1.1718600000000001,1.17196,1.1718600000000001,1.17194,23,19
2026-04-29 03:05:00,1.17194,1.17194,1.17185,1.1718600000000001,25,19
2026-04-29 03:06:00,1.17187,1.17187,1.17181,1.17181,14,19
2026-04-29 03:07:00,1.17181,1.1718600000000001,1.17181,1.1718600000000001,22,19
2026-04-29 03:08:00,1.1718600000000001,1.1718600000000001,1.17176,1.17176,9,20
2026-04-29 03:09:00,1.17176,1.17177,1.17171,1.17171,9,19
2026-04-29 03:10:00,1.17172,1.17173,1.17169,1.1717,20,20
2026-04-29 03:11:00,1.17171,1.17174,1.1717,1.17174,25,19
2026-04-29 03:12:00,1.17174,1.17176,1.17173,1.17173,15,19
2026-04-29 03:13:00,1.17174,1.17176,1.1717,1.17176,23,19
2026-04-29 03:14:00,1.17175,1.17176,1.17171,1.17175,7,19
2026-04-29 03:15:00,1.17174,1.17176,1.17172,1.17174,17,19
2026-04-29 03:16:00,1.17175,1.17175,1.17171,1.17172,7,19
2026-04-29 03:17:00,1.17172,1.17172,1.17159,1.1716,22,19
2026-04-29 03:18:00,1.1716,1.1716199999999999,1.17156,1.17157,32,19
2026-04-29 03:19:00,1.17157,1.17158,1.17151,1.17154,18,20
2026-04-29 03:20:00,1.17155,1.17156,1.17151,1.17151,17,20
2026-04-29 03:21:00,1.17153,1.17154,1.17151,1.17151,21,20
2026-04-29 03:22:00,1.17151,1.17153,1.17151,1.17153,11,20
2026-04-29 03:23:00,1.17151,1.17153,1.17139,1.1714,26,19
2026-04-29 03:24:00,1.17141,1.17149,1.17136,1.17149,20,19
2026-04-29 03:25:00,1.1715,1.17151,1.17147,1.17149,18,19
2026-04-29 03:26:00,1.17148,1.1715,1.17143,1.17147,24,19
2026-04-29 03:27:00,1.17147,1.17147,1.17142,1.17146,16,19
2026-04-29 03:28:00,1.17146,1.17147,1.17141,1.17147,7,19
2026-04-29 03:29:00,1.17148,1.17148,1.17146,1.17146,5,19
2026-04-29 03:30:00,1.17146,1.17149,1.17146,1.17149,6,19
2026-04-29 03:31:00,1.17148,1.1715200000000001,1.17147,1.17147,20,19
2026-04-29 03:32:00,1.17147,1.17153,1.17147,1.1715200000000001,10,19
2026-04-29 03:33:00,1.1715200000000001,1.1715200000000001,1.17148,1.17148,7,19
2026-04-29 03:34:00,1.17149,1.1715,1.17147,1.1715,13,19
2026-04-29 03:35:00,1.1715,1.17151,1.17146,1.1715,15,19
2026-04-29 03:36:00,1.1715,1.17153,1.1715,1.1715200000000001,5,19
2026-04-29 03:37:00,1.17151,1.17154,1.17151,1.17154,4,20
2026-04-29 03:38:00,1.17154,1.17157,1.17153,1.17155,8,19
2026-04-29 03:39:00,1.17155,1.1716,1.17155,1.17158,6,19
2026-04-29 03:40:00,1.17158,1.17167,1.17158,1.17166,12,19
2026-04-29 03:41:00,1.17166,1.17171,1.17166,1.17171,7,19
2026-04-29 03:42:00,1.17172,1.17176,1.1717,1.17171,20,19
2026-04-29 03:43:00,1.1717,1.17174,1.1717,1.17173,8,19
2026-04-29 03:44:00,1.17172,1.17175,1.17172,1.17172,6,19
2026-04-29 03:45:00,1.17172,1.17173,1.17165,1.17167,22,19
2026-04-29 03:46:00,1.17167,1.17167,1.1716,1.17161,24,19
2026-04-29 03:47:00,1.1716,1.1716,1.17156,1.17158,13,19
2026-04-29 03:48:00,1.17157,1.17157,1.17145,1.17146,10,19
2026-04-29 03:49:00,1.17146,1.17151,1.17138,1.17146,26,19
2026-04-29 03:50:00,1.17145,1.17145,1.17141,1.17142,15,19
2026-04-29 03:51:00,1.17143,1.17146,1.17141,1.17142,23,19
2026-04-29 03:52:00,1.17141,1.17146,1.17141,1.17146,9,20
2026-04-29 03:53:00,1.17148,1.1715,1.17143,1.17143,28,19
2026-04-29 03:54:00,1.17143,1.17151,1.17143,1.1715,25,19
2026-04-29 03:55:00,1.17149,1.17153,1.17146,1.1715200000000001,15,19
2026-04-29 03:56:00,1.17153,1.17163,1.17153,1.1716199999999999,19,19
2026-04-29 03:57:00,1.17163,1.17164,1.17156,1.1716,32,19
2026-04-29 03:58:00,1.17161,1.17164,1.1716,1.17161,15,19
2026-04-29 03:59:00,1.17161,1.1716199999999999,1.17146,1.17146,44,19
2026-04-29 04:00:00,1.17147,1.1715200000000001,1.1713,1.1713,57,19
2026-04-29 04:01:00,1.17127,1.1712799999999999,1.17108,1.17113,134,19
2026-04-29 04:02:00,1.17112,1.17116,1.17092,1.1710099999999999,107,19
2026-04-29 04:03:00,1.17103,1.17104,1.17087,1.17088,72,19
2026-04-29 04:04:00,1.17086,1.1709100000000001,1.17074,1.1709100000000001,76,19
2026-04-29 04:05:00,1.17093,1.17104,1.17086,1.17086,81,19
2026-04-29 04:06:00,1.17087,1.1709100000000001,1.17081,1.17084,62,19
2026-04-29 04:07:00,1.17086,1.1709100000000001,1.17064,1.17064,51,19
2026-04-29 04:08:00,1.17064,1.17071,1.1706,1.17069,59,19
2026-04-29 04:09:00,1.17069,1.17078,1.1706699999999999,1.17074,45,19
2026-04-29 04:10:00,1.17073,1.1709,1.17073,1.17087,47,19
2026-04-29 04:11:00,1.17087,1.17095,1.17086,1.17086,43,19
2026-04-29 04:12:00,1.17086,1.17086,1.17071,1.17072,59,19
2026-04-29 04:13:00,1.17072,1.17074,1.17066,1.17072,37,19
2026-04-29 04:14:00,1.17071,1.17072,1.17063,1.17063,34,19
2026-04-29 04:15:00,1.17064,1.17075,1.17063,1.17068,54,19
2026-04-29 04:16:00,1.1707,1.17073,1.17068,1.17071,36,19
2026-04-29 04:17:00,1.1707,1.17075,1.17066,1.17072,39,19
2026-04-29 04:18:00,1.17071,1.17074,1.1706699999999999,1.17073,34,19
2026-04-29 04:19:00,1.17077,1.17085,1.17077,1.17084,13,19
2026-04-29 04:20:00,1.17083,1.17087,1.17082,1.17086,25,19
2026-04-29 04:21:00,1.17085,1.17086,1.17081,1.17084,25,20
2026-04-29 04:22:00,1.17085,1.17086,1.17081,1.17081,24,19
2026-04-29 04:23:00,1.17081,1.17086,1.17078,1.17086,19,19
2026-04-29 04:24:00,1.17085,1.17099,1.17082,1.17093,24,19
2026-04-29 04:25:00,1.17094,1.17097,1.17092,1.17095,14,19
2026-04-29 04:26:00,1.17095,1.17103,1.17095,1.17099,21,19
2026-04-29 04:27:00,1.17099,1.17104,1.17097,1.17102,21,19
2026-04-29 04:28:00,1.17102,1.17103,1.17096,1.17103,22,19
2026-04-29 04:29:00,1.17103,1.17103,1.17095,1.17097,15,19
2026-04-29 04:30:00,1.17089,1.17106,1.17083,1.17104,91,19
2026-04-29 04:31:00,1.17103,1.17122,1.1710099999999999,1.17102,150,19
2026-04-29 04:32:00,1.17103,1.17107,1.17085,1.17104,88,19
2026-04-29 04:33:00,1.17103,1.17109,1.17102,1.17109,62,19
2026-04-29 04:34:00,1.1711,1.17118,1.17109,1.17114,42,19
2026-04-29 04:35:00,1.17115,1.17117,1.17106,1.17111,52,19
2026-04-29 04:36:00,1.17113,1.17113,1.17104,1.17108,53,19
2026-04-29 04:37:00,1.17108,1.1712,1.17108,1.1712,35,19
2026-04-29 04:38:00,1.1712,1.17131,1.17115,1.17116,37,19
2026-04-29 04:39:00,1.17115,1.1712,1.17114,1.17118,28,19
2026-04-29 04:40:00,1.17119,1.17132,1.17119,1.1713,34,19
2026-04-29 04:41:00,1.1713,1.17138,1.1713,1.17137,45,19
2026-04-29 04:42:00,1.17137,1.17149,1.17137,1.17146,28,19
2026-04-29 04:43:00,1.17146,1.17146,1.17135,1.17137,19,20
2026-04-29 04:44:00,1.17137,1.17142,1.17137,1.17139,22,19
2026-04-29 04:45:00,1.17137,1.17139,1.17135,1.17136,32,20
2026-04-29 04:46:00,1.17137,1.17137,1.17123,1.17124,45,19
2026-04-29 04:47:00,1.17122,1.17124,1.17111,1.17112,36,19
2026-04-29 04:48:00,1.17111,1.17112,1.17098,1.17099,32,19
2026-04-29 04:49:00,1.17098,1.17102,1.17096,1.1710099999999999,36,19
2026-04-29 04:50:00,1.171,1.17102,1.17093,1.17102,30,19
2026-04-29 04:51:00,1.1710099999999999,1.17105,1.17099,1.17104,28,19
2026-04-29 04:52:00,1.17106,1.17111,1.17105,1.17107,31,19
2026-04-29 04:53:00,1.17107,1.17109,1.17107,1.17107,10,19
2026-04-29 04:54:00,1.17107,1.1711,1.17106,1.17107,14,19
2026-04-29 04:55:00,1.17106,1.17111,1.17106,1.1711,25,19
2026-04-29 04:56:00,1.17111,1.17111,1.17092,1.17093,32,19
2026-04-29 04:57:00,1.17093,1.1710099999999999,1.17093,1.171,31,19
2026-04-29 04:58:00,1.171,1.17105,1.17099,1.171,15,19
2026-04-29 04:59:00,1.17099,1.17111,1.17097,1.17111,22,19
2026-04-29 05:00:00,1.17114,1.17127,1.17113,1.17124,41,19
2026-04-29 05:01:00,1.1712500000000001,1.17143,1.1712500000000001,1.17142,33,19
2026-04-29 05:02:00,1.17143,1.17148,1.17136,1.17142,27,19
2026-04-29 05:03:00,1.17141,1.17147,1.17141,1.17143,25,19
2026-04-29 05:04:00,1.17142,1.17144,1.17133,1.17134,34,19
2026-04-29 05:05:00,1.17135,1.17138,1.17133,1.17138,29,19
2026-04-29 05:06:00,1.1714,1.17155,1.1714,1.17151,33,19
2026-04-29 05:07:00,1.1715200000000001,1.17153,1.1715,1.1715,15,19
2026-04-29 05:08:00,1.1715200000000001,1.17158,1.1715,1.1715,20,19
2026-04-29 05:09:00,1.1715,1.17155,1.17149,1.1715200000000001,21,19
2026-04-29 05:10:00,1.17153,1.17156,1.17148,1.1715200000000001,26,19
2026-04-29 05:11:00,1.1715200000000001,1.17156,1.17146,1.17146,33,19
2026-04-29 05:12:00,1.17145,1.17146,1.17135,1.17138,24,19
2026-04-29 05:13:00,1.1714,1.17141,1.1714,1.1714,7,20
2026-04-29 05:14:00,1.17141,1.17145,1.17136,1.17136,20,20
2026-04-29 05:15:00,1.17138,1.17143,1.17135,1.17139,36,19
2026-04-29 05:16:00,1.1714,1.1714,1.17131,1.17136,39,19
2026-04-29 05:17:00,1.17137,1.17146,1.17134,1.17146,21,19
2026-04-29 05:18:00,1.17145,1.1715,1.17144,1.17149,12,20
2026-04-29 05:19:00,1.1715,1.17156,1.17137,1.1714,48,19
2026-04-29 05:20:00,1.1714,1.17142,1.17133,1.17133,35,19
2026-04-29 05:21:00,1.17131,1.17133,1.17121,1.1712500000000001,45,19
2026-04-29 05:22:00,1.17126,1.17126,1.17119,1.17121,29,19
2026-04-29 05:23:00,1.17122,1.1712500000000001,1.1712,1.17121,15,19
2026-04-29 05:24:00,1.17122,1.17123,1.17115,1.17115,16,19
2026-04-29 05:25:00,1.17116,1.17133,1.17115,1.1713,67,19
2026-04-29 05:26:00,1.17129,1.17134,1.1712500000000001,1.17127,64,19
2026-04-29 05:27:00,1.1712799999999999,1.17132,1.17126,1.1713,37,19
2026-04-29 05:28:00,1.17131,1.17131,1.17119,1.17123,37,19
2026-04-29 05:29:00,1.17121,1.17121,1.17119,1.1712,17,20
2026-04-29 05:30:00,1.17121,1.17122,1.17112,1.17116,55,19
2026-04-29 05:31:00,1.17117,1.17118,1.17109,1.17112,45,19
2026-04-29 05:32:00,1.17111,1.17117,1.1711,1.17113,34,19
2026-04-29 05:33:00,1.17112,1.17113,1.17095,1.171,40,19
2026-04-29 05:34:00,1.1710099999999999,1.17113,1.171,1.17104,23,19
2026-04-29 05:35:00,1.17104,1.17104,1.17084,1.1709,41,19
2026-04-29 05:36:00,1.1709100000000001,1.1709100000000001,1.17087,1.1709,14,19
2026-04-29 05:37:00,1.17089,1.17089,1.1708,1.17085,22,19
2026-04-29 05:38:00,1.17088,1.17089,1.17084,1.17085,19,19
2026-04-29 05:39:00,1.17086,1.17087,1.17076,1.17079,22,19
2026-04-29 05:40:00,1.1708,1.17082,1.17066,1.1706699999999999,28,19
2026-04-29 05:41:00,1.17069,1.17069,1.17062,1.17065,15,20
2026-04-29 05:42:00,1.17066,1.17069,1.17063,1.17065,18,19
2026-04-29 05:43:00,1.17064,1.17069,1.17063,1.17069,17,19
2026-04-29 05:44:00,1.17069,1.17071,1.17065,1.1707,17,19
2026-04-29 05:45:00,1.1707,1.1709,1.1707,1.17083,38,19
2026-04-29 05:46:00,1.17084,1.17087,1.17081,1.17082,19,19
2026-04-29 05:47:00,1.17081,1.1709,1.17081,1.1709,15,19
2026-04-29 05:48:00,1.1709100000000001,1.17092,1.1709100000000001,1.1709100000000001,11,19
2026-04-29 05:49:00,1.17093,1.17096,1.1709100000000001,1.17093,28,19
2026-04-29 05:50:00,1.17094,1.17096,1.1709100000000001,1.17096,18,19
2026-04-29 05:51:00,1.17097,1.17099,1.17095,1.17095,13,19
2026-04-29 05:52:00,1.17095,1.17095,1.1708,1.17082,20,19
2026-04-29 05:53:00,1.17082,1.17082,1.1708,1.17081,12,19
2026-04-29 05:54:00,1.1708,1.17082,1.17079,1.17079,12,20
2026-04-29 05:55:00,1.17078,1.17081,1.17074,1.17081,15,19
2026-04-29 05:56:00,1.17081,1.17081,1.17071,1.17074,19,19
2026-04-29 05:57:00,1.17074,1.17076,1.17071,1.17074,12,19
2026-04-29 05:58:00,1.17075,1.17075,1.17064,1.17066,15,19
2026-04-29 05:59:00,1.17065,1.17066,1.17064,1.17065,10,19
2026-04-29 06:00:00,1.17066,1.17079,1.17065,1.17078,51,19
2026-04-29 06:01:00,1.17079,1.17085,1.17078,1.17079,22,19
2026-04-29 06:02:00,1.17081,1.17086,1.17078,1.17081,41,19
2026-04-29 06:03:00,1.17078,1.17087,1.17076,1.17085,37,19
2026-04-29 06:04:00,1.17086,1.17088,1.17085,1.17085,18,19
2026-04-29 06:05:00,1.17086,1.17093,1.17085,1.17087,23,19
2026-04-29 06:06:00,1.17087,1.17097,1.17085,1.17096,23,19
2026-04-29 06:07:00,1.17095,1.17095,1.17085,1.17086,40,19
2026-04-29 06:08:00,1.17085,1.17088,1.17084,1.17086,14,19
2026-04-29 06:09:00,1.17088,1.1709100000000001,1.17084,1.17088,29,19
2026-04-29 06:10:00,1.1709,1.1709,1.17082,1.17082,16,19
2026-04-29 06:11:00,1.17083,1.17087,1.1708,1.17086,27,19
2026-04-29 06:12:00,1.17085,1.17089,1.17085,1.17086,11,19
2026-04-29 06:13:00,1.17085,1.17085,1.17084,1.17085,7,19
2026-04-29 06:14:00,1.17086,1.17086,1.1708,1.1708,11,19
2026-04-29 06:15:00,1.1708,1.17081,1.17077,1.17079,7,19
2026-04-29 06:16:00,1.1708,1.17085,1.1708,1.17085,15,19
2026-04-29 06:17:00,1.17086,1.1709,1.1708,1.1708,16,19
2026-04-29 06:18:00,1.17081,1.17082,1.17076,1.17076,14,19
2026-04-29 06:19:00,1.17076,1.17079,1.17075,1.17076,15,19
2026-04-29 06:20:00,1.17077,1.17077,1.17075,1.17077,13,19
2026-04-29 06:21:00,1.17078,1.17079,1.17076,1.17076,8,19
2026-04-29 06:22:00,1.17077,1.17079,1.17075,1.17076,10,19
2026-04-29 06:23:00,1.17079,1.1709,1.17075,1.17088,29,19
2026-04-29 06:24:00,1.17089,1.1709,1.17085,1.17085,13,20
2026-04-29 06:25:00,1.17086,1.17097,1.17085,1.17094,15,19
2026-04-29 06:26:00,1.17093,1.17094,1.17086,1.17087,26,19
2026-04-29 06:27:00,1.1709,1.1709,1.17086,1.17086,16,19
2026-04-29 06:28:00,1.17087,1.17092,1.17085,1.17086,27,19
2026-04-29 06:29:00,1.17087,1.17087,1.17083,1.17085,19,19
2026-04-29 06:30:00,1.17084,1.17084,1.1708,1.17081,10,19
2026-04-29 06:31:00,1.17079,1.17081,1.17076,1.17078,11,19
2026-04-29 06:32:00,1.17079,1.17079,1.17076,1.17077,11,19
2026-04-29 06:33:00,1.17076,1.17081,1.17076,1.17077,10,19
2026-04-29 06:34:00,1.17076,1.17082,1.17076,1.17081,10,19
2026-04-29 06:35:00,1.17082,1.17084,1.17079,1.17081,21,19
2026-04-29 06:36:00,1.17081,1.17081,1.17072,1.17073,9,19
2026-04-29 06:37:00,1.17072,1.17073,1.1707,1.1707,14,19
2026-04-29 06:38:00,1.1707,1.1707,1.17065,1.17066,19,19
2026-04-29 06:39:00,1.17065,1.1706699999999999,1.17065,1.17066,4,19
2026-04-29 06:40:00,1.17065,1.17068,1.17064,1.17064,18,19
2026-04-29 06:41:00,1.17064,1.17064,1.1706,1.17062,17,20
2026-04-29 06:42:00,1.17061,1.17062,1.17054,1.17056,19,19
2026-04-29 06:43:00,1.17056,1.17056,1.17054,1.17055,8,20
2026-04-29 06:44:00,1.17056,1.17057,1.17055,1.17055,6,20
2026-04-29 06:45:00,1.17055,1.17056,1.17054,1.17054,8,20
2026-04-29 06:46:00,1.17054,1.17059,1.17054,1.17055,7,19
2026-04-29 06:47:00,1.17054,1.17054,1.17049,1.17051,7,20
2026-04-29 06:48:00,1.1705,1.17051,1.17049,1.17049,14,20
2026-04-29 06:49:00,1.1705,1.1705,1.17044,1.17045,13,20
2026-04-29 06:50:00,1.17046,1.17046,1.1703999999999999,1.17044,17,19
2026-04-29 06:51:00,1.17044,1.17044,1.1703999999999999,1.17041,5,20
2026-04-29 06:52:00,1.17041,1.17045,1.17041,1.17042,7,19
2026-04-29 06:53:00,1.17042,1.17046,1.17042,1.17044,8,19
2026-04-29 06:54:00,1.17045,1.1705,1.17044,1.17046,12,19
2026-04-29 06:55:00,1.17046,1.17049,1.17045,1.17046,16,19
2026-04-29 06:56:00,1.17045,1.17049,1.17044,1.17048,13,19
2026-04-29 06:57:00,1.17049,1.1705,1.17045,1.1705,14,19
2026-04-29 06:58:00,1.1705,1.17051,1.17049,1.1705,5,20
2026-04-29 06:59:00,1.17049,1.1705,1.17045,1.1705,10,19
2026-04-29 07:00:00,1.17049,1.1705,1.17045,1.17046,25,19
2026-04-29 07:01:00,1.17047,1.17055,1.17046,1.17052,18,19
2026-04-29 07:02:00,1.17052,1.17052,1.17045,1.17046,12,19
2026-04-29 07:03:00,1.17045,1.17048,1.17045,1.17047,10,20
2026-04-29 07:04:00,1.17049,1.1705,1.17048,1.1705,8,20
2026-04-29 07:05:00,1.17048,1.17048,1.17044,1.17045,12,19
2026-04-29 07:06:00,1.17044,1.17048,1.17043,1.17048,12,20
2026-04-29 07:07:00,1.17049,1.1705,1.17046,1.17049,7,20
2026-04-29 07:08:00,1.1705,1.1705,1.17049,1.17049,6,20
2026-04-29 07:09:00,1.17049,1.1705,1.17049,1.17049,3,19
2026-04-29 07:10:00,1.1705,1.1705,1.17045,1.17045,4,19
2026-04-29 07:11:00,1.17044,1.17049,1.17044,1.17047,12,20
2026-04-29 07:12:00,1.17046,1.17061,1.17046,1.1706,17,19
2026-04-29 07:13:00,1.17061,1.17063,1.1706,1.1706,17,19
2026-04-29 07:14:00,1.17061,1.17065,1.17057,1.17057,26,19
2026-04-29 07:15:00,1.17059,1.1706,1.17057,1.17057,11,19
2026-04-29 07:16:00,1.17056,1.17056,1.17055,1.17056,3,20
2026-04-29 07:17:00,1.17055,1.17057,1.17055,1.17056,10,20
2026-04-29 07:18:00,1.17057,1.17057,1.17054,1.17054,9,20
2026-04-29 07:19:00,1.17055,1.17056,1.17054,1.17056,6,20
2026-04-29 07:20:00,1.17055,1.17057,1.17054,1.17054,15,19
2026-04-29 07:21:00,1.17054,1.17055,1.17054,1.17055,8,20
2026-04-29 07:22:00,1.17054,1.17054,1.17049,1.1705,4,19
2026-04-29 07:23:00,1.17049,1.17054,1.17049,1.17051,17,19
2026-04-29 07:24:00,1.17051,1.17051,1.17045,1.17045,17,19
2026-04-29 07:25:00,1.17044,1.17045,1.17039,1.17039,21,19
2026-04-29 07:26:00,1.1703999999999999,1.17042,1.1703999999999999,1.17041,6,19
2026-04-29 07:27:00,1.17042,1.17045,1.1703999999999999,1.17044,21,19
2026-04-29 07:28:00,1.17045,1.17046,1.17044,1.17045,11,19
2026-04-29 07:29:00,1.17047,1.1705,1.17047,1.1705,9,19
2026-04-29 07:30:00,1.17051,1.17062,1.17051,1.17062,12,19
2026-04-29 07:31:00,1.17063,1.17066,1.17062,1.17065,12,19
2026-04-29 07:32:00,1.17066,1.17068,1.17065,1.17065,10,19
2026-04-29 07:33:00,1.17066,1.17066,1.17058,1.17058,19,19
2026-04-29 07:34:00,1.17057,1.17061,1.17057,1.17061,7,19
2026-04-29 07:35:00,1.1706,1.17062,1.1706,1.17061,12,19
2026-04-29 07:36:00,1.17061,1.17066,1.1706,1.17061,14,19
2026-04-29 07:37:00,1.17064,1.17064,1.17057,1.17058,6,20
2026-04-29 07:38:00,1.17058,1.17058,1.17054,1.17055,5,20
2026-04-29 07:39:00,1.17056,1.17059,1.17052,1.17055,24,19
2026-04-29 07:40:00,1.17056,1.1706,1.17055,1.17059,6,19
2026-04-29 07:41:00,1.1706,1.17061,1.17056,1.17056,8,19
2026-04-29 07:42:00,1.17057,1.17058,1.17055,1.17055,9,19
2026-04-29 07:43:00,1.17055,1.17057,1.17054,1.17056,8,19
2026-04-29 07:44:00,1.17055,1.17055,1.17049,1.1705,9,19
2026-04-29 07:45:00,1.17051,1.17051,1.1705,1.17051,9,19
2026-04-29 07:46:00,1.1705,1.17051,1.17045,1.17046,10,19
2026-04-29 07:47:00,1.17046,1.17047,1.17046,1.17046,5,20
2026-04-29 07:48:00,1.17045,1.17045,1.17045,1.17045,1,21
2026-04-29 07:49:00,1.17048,1.17052,1.17048,1.1705,10,19
2026-04-29 07:50:00,1.17052,1.17052,1.1705,1.1705,3,19
2026-04-29 07:51:00,1.1705,1.17052,1.1705,1.17051,9,19
2026-04-29 07:52:00,1.17051,1.17052,1.17049,1.17051,9,19
2026-04-29 07:53:00,1.17049,1.17049,1.17045,1.17046,7,20
2026-04-29 07:54:00,1.17047,1.17048,1.17047,1.17048,6,20
2026-04-29 07:55:00,1.17048,1.17049,1.17035,1.17036,17,19
2026-04-29 07:56:00,1.17038,1.17039,1.17036,1.17039,7,19
2026-04-29 07:57:00,1.17038,1.17042,1.17035,1.17039,11,19
2026-04-29 07:58:00,1.1703999999999999,1.17044,1.17039,1.17043,10,19
2026-04-29 07:59:00,1.17044,1.17046,1.17043,1.17046,7,19
2026-04-29 08:00:00,1.17044,1.17047,1.17038,1.17039,25,19
2026-04-29 08:01:00,1.17041,1.17041,1.17036,1.17038,11,19
2026-04-29 08:02:00,1.17039,1.17047,1.17038,1.17041,12,19
2026-04-29 08:03:00,1.17041,1.17048,1.17041,1.17048,8,19
2026-04-29 08:04:00,1.17048,1.17048,1.17045,1.17046,7,20
2026-04-29 08:05:00,1.17045,1.17047,1.1703999999999999,1.17047,18,19
2026-04-29 08:06:00,1.17046,1.17047,1.1703999999999999,1.1703999999999999,23,19
2026-04-29 08:07:00,1.1703999999999999,1.1703999999999999,1.17036,1.17036,14,19
2026-04-29 08:08:00,1.17037,1.17037,1.17036,1.17037,23,19
2026-04-29 08:09:00,1.17037,1.17037,1.17035,1.17035,7,19
2026-04-29 08:10:00,1.17035,1.17037,1.17032,1.17034,20,19
2026-04-29 08:11:00,1.17035,1.17037,1.17035,1.17037,5,19
2026-04-29 08:12:00,1.17037,1.17037,1.17034,1.17035,13,19
2026-04-29 08:13:00,1.17035,1.17035,1.17023,1.17023,38,19
2026-04-29 08:14:00,1.17022,1.17022,1.1702,1.17021,12,20
2026-04-29 08:15:00,1.17021,1.17023,1.1702,1.17021,17,19
2026-04-29 08:16:00,1.17021,1.17021,1.17015,1.17016,15,19
2026-04-29 08:17:00,1.17017,1.17018,1.17015,1.17016,12,19
2026-04-29 08:18:00,1.17016,1.17017,1.17011,1.17012,13,19
2026-04-29 08:19:00,1.17011,1.17012,1.17011,1.17011,5,19
2026-04-29 08:20:00,1.17012,1.17019,1.17012,1.17019,13,19
2026-04-29 08:21:00,1.17017,1.17017,1.17015,1.17015,5,19
2026-04-29 08:22:00,1.17015,1.17015,1.1701,1.1701,6,19
2026-04-29 08:23:00,1.17011,1.17014,1.17009,1.17011,15,19
2026-04-29 08:24:00,1.17012,1.17016,1.17007,1.17011,25,19
2026-04-29 08:25:00,1.17011,1.17012,1.17007,1.1701,15,19
2026-04-29 08:26:00,1.17011,1.17012,1.17011,1.17012,4,20
2026-04-29 08:27:00,1.17011,1.17011,1.17,1.17001,19,19
2026-04-29 08:28:00,1.17,1.17009,1.17,1.17005,18,19
2026-04-29 08:29:00,1.1700599999999999,1.17007,1.17003,1.17007,9,20
2026-04-29 08:30:00,1.17008,1.17021,1.17008,1.17019,21,19
2026-04-29 08:31:00,1.17017,1.17021,1.17003,1.17003,25,19
2026-04-29 08:32:00,1.17003,1.17005,1.16995,1.16996,21,19
2026-04-29 08:33:00,1.16995,1.16996,1.16993,1.16996,6,19
2026-04-29 08:34:00,1.16994,1.16997,1.16974,1.16974,34,19
2026-04-29 08:35:00,1.16975,1.16976,1.1697,1.16971,29,19
2026-04-29 08:36:00,1.16971,1.16986,1.16971,1.16981,22,19
2026-04-29 08:37:00,1.16982,1.16982,1.16974,1.16976,11,19
2026-04-29 08:38:00,1.1698,1.16981,1.16974,1.16976,20,20
2026-04-29 08:39:00,1.1697899999999999,1.16981,1.16975,1.1698,17,19
2026-04-29 08:40:00,1.16981,1.16985,1.16975,1.16975,20,19
2026-04-29 08:41:00,1.16976,1.16987,1.16976,1.1697899999999999,17,19
2026-04-29 08:42:00,1.1697899999999999,1.16987,1.16978,1.16987,14,19
2026-04-29 08:43:00,1.16989,1.16989,1.16985,1.16989,7,19
2026-04-29 08:44:00,1.16992,1.16997,1.16991,1.16997,13,19
2026-04-29 08:45:00,1.16997,1.17001,1.16993,1.16996,14,19
2026-04-29 08:46:00,1.16998,1.17002,1.16997,1.16997,6,19
2026-04-29 08:47:00,1.16997,1.17001,1.16996,1.17001,16,19
2026-04-29 08:48:00,1.17001,1.17001,1.16996,1.16997,10,19
2026-04-29 08:49:00,1.16997,1.16997,1.16978,1.16984,16,19
2026-04-29 08:50:00,1.16985,1.16998,1.16985,1.16997,14,19
2026-04-29 08:51:00,1.16997,1.1700599999999999,1.16997,1.16997,14,19
2026-04-29 08:52:00,1.16997,1.17003,1.16997,1.17002,14,19
2026-04-29 08:53:00,1.17002,1.17002,1.16993,1.16996,15,19
2026-04-29 08:54:00,1.16997,1.17001,1.16997,1.16998,11,19
2026-04-29 08:55:00,1.16998,1.17011,1.16998,1.17007,27,19
2026-04-29 08:56:00,1.17007,1.17007,1.16999,1.1700599999999999,20,19
2026-04-29 08:57:00,1.17008,1.17009,1.16999,1.17001,31,19
2026-04-29 08:58:00,1.17002,1.1700599999999999,1.16999,1.17002,29,19
2026-04-29 08:59:00,1.17002,1.1700599999999999,1.16996,1.16997,33,19
2026-04-29 09:00:00,1.16995,1.17021,1.16994,1.17021,59,19
2026-04-29 09:01:00,1.17022,1.17031,1.17018,1.1702,36,19
2026-04-29 09:02:00,1.17019,1.17026,1.17019,1.17021,14,19
2026-04-29 09:03:00,1.17022,1.17023,1.17017,1.17017,14,19
2026-04-29 09:04:00,1.17016,1.17022,1.17016,1.17021,17,19
2026-04-29 09:05:00,1.1702,1.17025,1.17012,1.17022,39,19
2026-04-29 09:06:00,1.17022,1.17022,1.17013,1.17014,32,19
2026-04-29 09:07:00,1.17015,1.17017,1.1701,1.17011,17,19
2026-04-29 09:08:00,1.17011,1.17011,1.17002,1.17002,16,19
2026-04-29 09:09:00,1.17002,1.17005,1.16997,1.16997,18,19
2026-04-29 09:10:00,1.16997,1.16997,1.16987,1.16997,8,19
2026-04-29 09:11:00,1.16997,1.16997,1.16987,1.16987,21,19
2026-04-29 09:12:00,1.16987,1.16988,1.16977,1.16977,34,19
2026-04-29 09:13:00,1.1697899999999999,1.16982,1.16972,1.16972,20,19
2026-04-29 09:14:00,1.16972,1.16977,1.16963,1.16967,27,19
2026-04-29 09:15:00,1.16964,1.16967,1.16959,1.16966,54,19
2026-04-29 09:16:00,1.16965,1.16965,1.16958,1.16965,33,19
2026-04-29 09:17:00,1.16966,1.16976,1.16964,1.16966,55,19
2026-04-29 09:18:00,1.16967,1.16973,1.16965,1.16967,38,19
2026-04-29 09:19:00,1.16966,1.16968,1.16963,1.16966,26,19
2026-04-29 09:20:00,1.16965,1.16972,1.16963,1.16968,18,19
2026-04-29 09:21:00,1.1696900000000001,1.1696900000000001,1.16963,1.16966,19,19
2026-04-29 09:22:00,1.16967,1.16976,1.16966,1.16971,36,19
2026-04-29 09:23:00,1.1697,1.16973,1.16961,1.16962,25,19
2026-04-29 09:24:00,1.16962,1.1697,1.16961,1.16966,39,19
2026-04-29 09:25:00,1.16965,1.16984,1.16965,1.1698,18,19
2026-04-29 09:26:00,1.16978,1.16983,1.16976,1.16983,14,19
2026-04-29 09:27:00,1.16986,1.16988,1.16981,1.16988,16,19
2026-04-29 09:28:00,1.16989,1.16989,1.16978,1.16981,20,19
2026-04-29 09:29:00,1.16982,1.16987,1.1697899999999999,1.1698,19,19
2026-04-29 09:30:00,1.1698,1.1698,1.16957,1.16961,39,19
2026-04-29 09:31:00,1.1696,1.1697,1.16958,1.1697,21,19
2026-04-29 09:32:00,1.16971,1.16972,1.16959,1.16959,34,19
2026-04-29 09:33:00,1.1696,1.16967,1.16957,1.16957,32,19
2026-04-29 09:34:00,1.1696,1.16961,1.16954,1.16959,31,19
2026-04-29 09:35:00,1.1696,1.16962,1.16955,1.16961,23,19
2026-04-29 09:36:00,1.16961,1.16977,1.1696,1.16976,28,19
2026-04-29 09:37:00,1.16977,1.16984,1.16977,1.16982,16,19
2026-04-29 09:38:00,1.16983,1.16986,1.16978,1.16982,23,19
2026-04-29 09:39:00,1.16981,1.17016,1.1698,1.17012,44,19
2026-04-29 09:40:00,1.17014,1.17027,1.17012,1.17027,24,19
2026-04-29 09:41:00,1.17028,1.17028,1.17007,1.17007,22,19
2026-04-29 09:42:00,1.17007,1.17012,1.17,1.17003,40,19
2026-04-29 09:43:00,1.17004,1.17005,1.16997,1.16998,21,19
2026-04-29 09:44:00,1.16997,1.17,1.16995,1.16996,28,19
2026-04-29 09:45:00,1.16996,1.16996,1.16989,1.16991,24,19
2026-04-29 09:46:00,1.16991,1.1700599999999999,1.1699,1.17002,25,19
2026-04-29 09:47:00,1.17002,1.17024,1.17002,1.17023,39,19
2026-04-29 09:48:00,1.17023,1.17023,1.17007,1.17008,36,19
2026-04-29 09:49:00,1.17007,1.17011,1.16999,1.1701,31,19
2026-04-29 09:50:00,1.17009,1.17009,1.16992,1.16992,35,19
2026-04-29 09:51:00,1.16991,1.1700599999999999,1.1699,1.1700599999999999,36,19
2026-04-29 09:52:00,1.17007,1.17011,1.17001,1.1701,34,19
2026-04-29 09:53:00,1.17009,1.17011,1.17002,1.17005,25,19
2026-04-29 09:54:00,1.17005,1.17008,1.17001,1.17005,34,19
2026-04-29 09:55:00,1.17004,1.1701,1.17004,1.17005,27,19
2026-04-29 09:56:00,1.17004,1.17011,1.16998,1.1700599999999999,28,19
2026-04-29 09:57:00,1.17005,1.1700599999999999,1.16976,1.1697899999999999,26,19
2026-04-29 09:58:00,1.16978,1.16982,1.16973,1.16982,39,19
2026-04-29 09:59:00,1.16981,1.1699,1.16977,1.16989,66,19
2026-04-29 10:00:00,1.16983,1.17002,1.16977,1.16987,122,19
2026-04-29 10:01:00,1.16986,1.16991,1.16971,1.16988,69,19
2026-04-29 10:02:00,1.16987,1.16993,1.16985,1.1699,41,19
2026-04-29 10:03:00,1.16992,1.17007,1.16991,1.17,65,19
2026-04-29 10:04:00,1.16999,1.17021,1.16999,1.17017,57,19
2026-04-29 10:05:00,1.17017,1.17019,1.17005,1.1700599999999999,36,19
2026-04-29 10:06:00,1.1700599999999999,1.17016,1.17004,1.17014,53,19
2026-04-29 10:07:00,1.17014,1.17026,1.17014,1.17023,31,19
2026-04-29 10:08:00,1.17021,1.17041,1.17019,1.17036,41,19
2026-04-29 10:09:00,1.17037,1.17049,1.17037,1.17047,38,19
2026-04-29 10:10:00,1.17046,1.17054,1.1703999999999999,1.17041,48,19
2026-04-29 10:11:00,1.17042,1.17062,1.17037,1.17057,76,19
2026-04-29 10:12:00,1.17057,1.17062,1.17052,1.17052,16,19
2026-04-29 10:13:00,1.17052,1.1706,1.17047,1.17057,33,19
2026-04-29 10:14:00,1.17056,1.17056,1.1705,1.17052,18,19
2026-04-29 10:15:00,1.17054,1.17057,1.17045,1.17045,25,19
2026-04-29 10:16:00,1.17045,1.17058,1.17045,1.1705,43,19
2026-04-29 10:17:00,1.17049,1.17054,1.17041,1.17051,38,19
2026-04-29 10:18:00,1.17051,1.17052,1.17036,1.1703999999999999,62,19
2026-04-29 10:19:00,1.17038,1.17046,1.17036,1.17038,55,19
2026-04-29 10:20:00,1.17039,1.17044,1.17037,1.17042,20,19
2026-04-29 10:21:00,1.17043,1.17047,1.17041,1.17044,14,19
2026-04-29 10:22:00,1.17044,1.17046,1.17032,1.17033,28,19
2026-04-29 10:23:00,1.17035,1.17036,1.17023,1.17025,42,19
2026-04-29 10:24:00,1.17026,1.17041,1.17025,1.1703999999999999,36,19
2026-04-29 10:25:00,1.17041,1.17041,1.1703000000000001,1.1703000000000001,39,19
2026-04-29 10:26:00,1.1703000000000001,1.17031,1.17022,1.17022,52,19
2026-04-29 10:27:00,1.17021,1.17041,1.17016,1.17041,61,19
2026-04-29 10:28:00,1.17039,1.17041,1.17033,1.17033,41,19
2026-04-29 10:29:00,1.17034,1.17043,1.17034,1.17041,25,19
2026-04-29 10:30:00,1.17042,1.17046,1.17036,1.1703999999999999,34,19
2026-04-29 10:31:00,1.17041,1.17047,1.17036,1.17036,39,19
2026-04-29 10:32:00,1.17035,1.17036,1.17031,1.17036,13,19
2026-04-29 10:33:00,1.1703999999999999,1.17049,1.1703999999999999,1.17048,30,19
2026-04-29 10:34:00,1.1705,1.17065,1.17047,1.17064,49,19
2026-04-29 10:35:00,1.17065,1.17065,1.17054,1.17061,36,19
2026-04-29 10:36:00,1.17061,1.17061,1.17046,1.17053,32,19
2026-04-29 10:37:00,1.17052,1.17057,1.1705,1.17057,50,19
2026-04-29 10:38:00,1.17056,1.17062,1.17054,1.17055,25,19
2026-04-29 10:39:00,1.17054,1.17055,1.17049,1.1705,43,19
2026-04-29 10:40:00,1.1705,1.17058,1.17048,1.1705,26,19
2026-04-29 10:41:00,1.1705,1.17053,1.17046,1.17046,47,19
2026-04-29 10:42:00,1.17045,1.17045,1.17037,1.17041,25,19
2026-04-29 10:43:00,1.17042,1.17055,1.17042,1.17051,38,19
2026-04-29 10:44:00,1.17051,1.17053,1.17037,1.17039,53,19
2026-04-29 10:45:00,1.17039,1.17044,1.17038,1.17043,61,19
2026-04-29 10:46:00,1.17044,1.17047,1.17032,1.17041,68,19
2026-04-29 10:47:00,1.1703999999999999,1.17056,1.1703999999999999,1.17052,27,19
2026-04-29 10:48:00,1.17053,1.17063,1.17051,1.17054,50,19
2026-04-29 10:49:00,1.17053,1.17066,1.17051,1.17051,44,19
2026-04-29 10:50:00,1.17052,1.17062,1.17052,1.17056,23,19
2026-04-29 10:51:00,1.17056,1.17064,1.17055,1.17057,36,19
2026-04-29 10:52:00,1.17061,1.17061,1.17056,1.17056,17,19
2026-04-29 10:53:00,1.17057,1.17072,1.17053,1.17069,29,19
2026-04-29 10:54:00,1.17069,1.17071,1.17062,1.17062,24,19
2026-04-29 10:55:00,1.17059,1.17062,1.17054,1.17062,18,19
2026-04-29 10:56:00,1.17064,1.17064,1.17061,1.17063,10,19
2026-04-29 10:57:00,1.17064,1.17071,1.17055,1.17059,50,19
2026-04-29 10:58:00,1.17058,1.17065,1.17048,1.17048,41,19
2026-04-29 10:59:00,1.17047,1.17052,1.17042,1.17042,47,19
2026-04-29 11:00:00,1.17041,1.17048,1.17013,1.17032,148,19
2026-04-29 11:01:00,1.17032,1.17035,1.17009,1.17022,87,19
2026-04-29 11:02:00,1.17022,1.17025,1.16985,1.16986,103,19
2026-04-29 11:03:00,1.16985,1.16987,1.16978,1.16978,47,19
2026-04-29 11:04:00,1.16978,1.16983,1.16971,1.16972,47,19
2026-04-29 11:05:00,1.16971,1.16975,1.16943,1.16958,121,19
2026-04-29 11:06:00,1.16958,1.16962,1.16944,1.16959,103,19
2026-04-29 11:07:00,1.16957,1.16957,1.16944,1.16955,59,19
2026-04-29 11:08:00,1.16956,1.16978,1.16956,1.16974,37,19
2026-04-29 11:09:00,1.16974,1.16976,1.16965,1.16966,38,19
2026-04-29 11:10:00,1.16966,1.16976,1.1696,1.16976,54,19
2026-04-29 11:11:00,1.16975,1.1697899999999999,1.16936,1.16939,61,19
2026-04-29 11:12:00,1.1694,1.1694499999999999,1.16927,1.16931,56,19
2026-04-29 11:13:00,1.1693,1.16944,1.16928,1.16941,53,19
2026-04-29 11:14:00,1.16941,1.1695,1.16937,1.16944,42,19
2026-04-29 11:15:00,1.16943,1.16962,1.16943,1.16962,40,19
2026-04-29 11:16:00,1.16962,1.16974,1.16951,1.16974,28,19
2026-04-29 11:17:00,1.16974,1.16987,1.16973,1.16986,35,19
2026-04-29 11:18:00,1.16987,1.1699,1.16976,1.16981,31,19
2026-04-29 11:19:00,1.1698,1.17001,1.16977,1.17001,38,19
2026-04-29 11:20:00,1.17001,1.17005,1.16991,1.16991,48,19
2026-04-29 11:21:00,1.16991,1.17011,1.16988,1.17008,39,19
2026-04-29 11:22:00,1.17008,1.17014,1.16994,1.17,51,19
2026-04-29 11:23:00,1.17001,1.17001,1.16976,1.1698,26,19
2026-04-29 11:24:00,1.1698,1.16981,1.1696900000000001,1.16973,36,19
2026-04-29 11:25:00,1.16972,1.16984,1.16968,1.16983,50,19
2026-04-29 11:26:00,1.16982,1.16991,1.16981,1.16986,56,19
2026-04-29 11:27:00,1.16985,1.16988,1.16976,1.1698,52,19
2026-04-29 11:28:00,1.1697899999999999,1.16986,1.1697899999999999,1.16983,42,19
2026-04-29 11:29:00,1.16981,1.16986,1.1697899999999999,1.1697899999999999,51,19
2026-04-29 11:30:00,1.16978,1.16982,1.16975,1.1698,35,19
2026-04-29 11:31:00,1.1698,1.16987,1.16978,1.16986,28,19
2026-04-29 11:32:00,1.16987,1.16987,1.16971,1.16976,61,19
2026-04-29 11:33:00,1.16976,1.16976,1.16961,1.16961,29,19
2026-04-29 11:34:00,1.1696,1.16961,1.1694499999999999,1.1695,44,19
2026-04-29 11:35:00,1.16951,1.16955,1.1694499999999999,1.16947,60,19
2026-04-29 11:36:00,1.16946,1.16957,1.1694499999999999,1.16951,47,19
2026-04-29 11:37:00,1.16952,1.16955,1.16951,1.16952,26,19
2026-04-29 11:38:00,1.16953,1.16971,1.16951,1.16971,31,19
2026-04-29 11:39:00,1.1697,1.16971,1.16958,1.1697,55,19
2026-04-29 11:40:00,1.1697,1.16973,1.16955,1.1696,41,19
2026-04-29 11:41:00,1.1696,1.16968,1.16958,1.16967,31,19
2026-04-29 11:42:00,1.16966,1.16967,1.16956,1.16964,27,19
2026-04-29 11:43:00,1.16965,1.16973,1.16961,1.1696900000000001,88,19
2026-04-29 11:44:00,1.1697,1.16982,1.1696900000000001,1.16982,36,19
2026-04-29 11:45:00,1.16981,1.16994,1.16981,1.16993,25,19
2026-04-29 11:46:00,1.16994,1.17002,1.16989,1.16992,46,19
2026-04-29 11:47:00,1.16991,1.16991,1.16974,1.16974,21,19
2026-04-29 11:48:00,1.16975,1.1698,1.16972,1.16975,25,19
2026-04-29 11:49:00,1.16975,1.16984,1.16975,1.1697899999999999,31,19
2026-04-29 11:50:00,1.1697899999999999,1.1699,1.16974,1.1699,39,19
2026-04-29 11:51:00,1.16989,1.16996,1.16988,1.1699,32,19
2026-04-29 11:52:00,1.1699,1.16996,1.16981,1.16984,26,19
2026-04-29 11:53:00,1.16983,1.16993,1.16982,1.16991,19,19
2026-04-29 11:54:00,1.16992,1.16994,1.16987,1.16989,31,19
2026-04-29 11:55:00,1.16988,1.16989,1.16982,1.16987,42,19
2026-04-29 11:56:00,1.16985,1.16989,1.16981,1.16986,24,19
2026-04-29 11:57:00,1.16986,1.16987,1.1698,1.16982,15,19
2026-04-29 11:58:00,1.16981,1.16996,1.16981,1.16996,22,19
2026-04-29 11:59:00,1.16996,1.17003,1.1699,1.16992,27,19
2026-04-29 12:00:00,1.16991,1.16993,1.16984,1.16991,39,19
2026-04-29 12:01:00,1.1699,1.17002,1.1698,1.17002,43,19
2026-04-29 12:02:00,1.17002,1.1700599999999999,1.16994,1.16995,33,19
2026-04-29 12:03:00,1.16996,1.17011,1.16996,1.17011,36,19
2026-04-29 12:04:00,1.1701,1.17018,1.1701,1.17012,32,19
2026-04-29 12:05:00,1.17013,1.17013,1.16994,1.17005,43,19
2026-04-29 12:06:00,1.17005,1.17007,1.16998,1.17005,37,19
2026-04-29 12:07:00,1.17004,1.17008,1.16999,1.17001,39,19
2026-04-29 12:08:00,1.17,1.17003,1.1699,1.16994,48,19
2026-04-29 12:09:00,1.16991,1.16992,1.16981,1.16992,25,19
2026-04-29 12:10:00,1.16991,1.16995,1.16989,1.1699,30,19
2026-04-29 12:11:00,1.16989,1.16995,1.16988,1.16991,45,19
2026-04-29 12:12:00,1.1699,1.16998,1.16983,1.16983,34,19
2026-04-29 12:13:00,1.16984,1.1699,1.16981,1.16989,36,19
2026-04-29 12:14:00,1.1699,1.1699,1.16986,1.16988,40,19
2026-04-29 12:15:00,1.16987,1.16995,1.16986,1.16994,26,19
2026-04-29 12:16:00,1.16994,1.16994,1.1699,1.16991,36,19
2026-04-29 12:17:00,1.16992,1.17,1.16991,1.17,44,19
2026-04-29 12:18:00,1.17001,1.17009,1.16986,1.16988,49,19
2026-04-29 12:19:00,1.16986,1.16995,1.1698,1.1699,38,19
2026-04-29 12:20:00,1.1699,1.16994,1.16983,1.16983,37,19
2026-04-29 12:21:00,1.16982,1.16983,1.16967,1.16971,19,19
2026-04-29 12:22:00,1.16972,1.16975,1.16963,1.16971,32,19
2026-04-29 12:23:00,1.16971,1.1698,1.1697,1.1698,25,19
2026-04-29 12:24:00,1.1698,1.16986,1.1697899999999999,1.16981,19,19
2026-04-29 12:25:00,1.1698,1.16986,1.1697899999999999,1.16981,12,19
2026-04-29 12:26:00,1.16981,1.16984,1.16981,1.16983,8,19
2026-04-29 12:27:00,1.16983,1.17004,1.16983,1.16996,19,19
2026-04-29 12:28:00,1.16997,1.17008,1.16997,1.17008,18,19
2026-04-29 12:29:00,1.17008,1.17011,1.17002,1.17004,15,19
2026-04-29 12:30:00,1.1700599999999999,1.17012,1.1700599999999999,1.17009,22,19
2026-04-29 12:31:00,1.17009,1.17022,1.17008,1.17021,18,19
2026-04-29 12:32:00,1.1702,1.17032,1.17016,1.17031,36,19
2026-04-29 12:33:00,1.17032,1.17032,1.1702,1.17022,31,19
2026-04-29 12:34:00,1.17022,1.17026,1.17021,1.17024,15,19
2026-04-29 12:35:00,1.17025,1.17035,1.17025,1.17032,46,19
2026-04-29 12:36:00,1.17032,1.17032,1.17009,1.17009,28,19
2026-04-29 12:37:00,1.17009,1.17015,1.17009,1.17011,18,19
2026-04-29 12:38:00,1.17011,1.17011,1.17008,1.17008,16,19
2026-04-29 12:39:00,1.17007,1.17007,1.1699,1.16998,68,19
2026-04-29 12:40:00,1.16998,1.16999,1.1699,1.16998,48,19
2026-04-29 12:41:00,1.16999,1.17003,1.16991,1.16992,38,19
2026-04-29 12:42:00,1.16994,1.17,1.16991,1.16991,43,19
2026-04-29 12:43:00,1.16991,1.16992,1.16986,1.16987,37,19
2026-04-29 12:44:00,1.16988,1.16989,1.16985,1.16988,30,19
2026-04-29 12:45:00,1.16988,1.16989,1.16981,1.16985,46,19
2026-04-29 12:46:00,1.16986,1.1699,1.16982,1.16983,38,19
2026-04-29 12:47:00,1.16984,1.16995,1.1698,1.16995,35,19
2026-04-29 12:48:00,1.16995,1.16997,1.16988,1.16996,30,19
2026-04-29 12:49:00,1.16997,1.1701,1.16996,1.17007,33,19
2026-04-29 12:50:00,1.17007,1.17008,1.16992,1.17001,46,19
2026-04-29 12:51:00,1.17001,1.17001,1.16992,1.16996,52,19
2026-04-29 12:52:00,1.16996,1.17002,1.16994,1.16995,28,19
2026-04-29 12:53:00,1.16995,1.16995,1.16984,1.16986,24,19
2026-04-29 12:54:00,1.16985,1.16992,1.16981,1.16983,50,19
2026-04-29 12:55:00,1.16982,1.16988,1.16982,1.16988,37,19
2026-04-29 12:56:00,1.16987,1.16987,1.16976,1.16976,42,19
2026-04-29 12:57:00,1.16976,1.16983,1.16971,1.16971,49,19
2026-04-29 12:58:00,1.16971,1.1698,1.16951,1.16962,56,19
2026-04-29 12:59:00,1.16962,1.16966,1.16957,1.16965,50,19
2026-04-29 13:00:00,1.16965,1.16968,1.16954,1.16966,57,19
2026-04-29 13:01:00,1.16965,1.1697899999999999,1.16964,1.16975,50,19
2026-04-29 13:02:00,1.16975,1.16992,1.16975,1.16991,65,19
2026-04-29 13:03:00,1.16992,1.1700599999999999,1.16992,1.17004,62,19
2026-04-29 13:04:00,1.17005,1.17007,1.17001,1.1700599999999999,43,19
2026-04-29 13:05:00,1.17005,1.1701,1.17002,1.17007,34,19
2026-04-29 13:06:00,1.1700599999999999,1.1700599999999999,1.17001,1.17004,27,19
2026-04-29 13:07:00,1.17003,1.17003,1.16996,1.17,23,19
2026-04-29 13:08:00,1.17,1.17,1.16991,1.16996,35,19
2026-04-29 13:09:00,1.16997,1.17005,1.16996,1.17005,38,19
2026-04-29 13:10:00,1.17005,1.17005,1.16993,1.16994,18,19
2026-04-29 13:11:00,1.16995,1.16995,1.16985,1.1699,23,19
2026-04-29 13:12:00,1.1699,1.17002,1.16987,1.16998,41,19
2026-04-29 13:13:00,1.16999,1.17002,1.16996,1.17001,21,19
2026-04-29 13:14:00,1.17,1.1700599999999999,1.16996,1.1700599999999999,20,19
2026-04-29 13:15:00,1.17007,1.1701,1.17004,1.17004,32,19
2026-04-29 13:16:00,1.17005,1.17011,1.16999,1.16999,20,19
2026-04-29 13:17:00,1.17,1.17003,1.16994,1.16994,32,19
2026-04-29 13:18:00,1.16993,1.16994,1.16992,1.16992,15,19
2026-04-29 13:19:00,1.16993,1.17012,1.16993,1.17008,30,19
2026-04-29 13:20:00,1.17007,1.17016,1.17007,1.17015,23,19
2026-04-29 13:21:00,1.17015,1.17016,1.17009,1.17012,15,19
2026-04-29 13:22:00,1.17013,1.1702,1.17012,1.17017,23,19
2026-04-29 13:23:00,1.17017,1.1702,1.17015,1.1702,16,19
2026-04-29 13:24:00,1.17019,1.17019,1.17007,1.17008,23,19
2026-04-29 13:25:00,1.17007,1.17007,1.16996,1.16996,15,19
2026-04-29 13:26:00,1.16995,1.17001,1.16991,1.17,22,19
2026-04-29 13:27:00,1.17001,1.17008,1.17001,1.1700599999999999,26,19
2026-04-29 13:28:00,1.1700599999999999,1.17007,1.17002,1.17005,15,19
2026-04-29 13:29:00,1.17004,1.17005,1.17,1.17002,17,19
2026-04-29 13:30:00,1.17001,1.17005,1.16997,1.16999,36,19
2026-04-29 13:31:00,1.16998,1.1700599999999999,1.16995,1.1700599999999999,31,19
2026-04-29 13:32:00,1.1700599999999999,1.1701,1.17004,1.1700599999999999,19,19
2026-04-29 13:33:00,1.17007,1.17007,1.17003,1.17004,17,19
2026-04-29 13:34:00,1.17002,1.17003,1.16995,1.16996,19,19
2026-04-29 13:35:00,1.16995,1.17,1.16995,1.16998,19,19
2026-04-29 13:36:00,1.16998,1.1700599999999999,1.16997,1.1700599999999999,12,19
2026-04-29 13:37:00,1.17002,1.17004,1.16998,1.16999,33,19
2026-04-29 13:38:00,1.17001,1.17004,1.17,1.17003,15,19
2026-04-29 13:39:00,1.17003,1.17003,1.16996,1.16996,7,19
2026-04-29 13:40:00,1.16996,1.16998,1.16992,1.16997,20,19
2026-04-29 13:41:00,1.16998,1.1700599999999999,1.16997,1.17001,16,19
2026-04-29 13:42:00,1.17001,1.17005,1.16995,1.16997,20,19
2026-04-29 13:43:00,1.16997,1.17009,1.16997,1.17008,14,19
2026-04-29 13:44:00,1.17007,1.17007,1.16999,1.17002,11,19
2026-04-29 13:45:00,1.17,1.17005,1.16999,1.17002,14,19
2026-04-29 13:46:00,1.17002,1.17007,1.17,1.17007,15,19
2026-04-29 13:47:00,1.17008,1.1701,1.17003,1.17008,21,19
2026-04-29 13:48:00,1.17008,1.17008,1.17002,1.17007,14,19
2026-04-29 13:49:00,1.17007,1.17011,1.1700599999999999,1.17009,15,19
2026-04-29 13:50:00,1.17012,1.1703000000000001,1.17012,1.1703000000000001,23,19
2026-04-29 13:51:00,1.17031,1.17034,1.17022,1.17026,17,19
2026-04-29 13:52:00,1.17025,1.17026,1.17021,1.17026,11,19
2026-04-29 13:53:00,1.17026,1.17042,1.17025,1.17038,31,19
2026-04-29 13:54:00,1.17038,1.1703999999999999,1.17031,1.1703999999999999,24,19
2026-04-29 13:55:00,1.1703999999999999,1.1703999999999999,1.17032,1.17036,21,19
2026-04-29 13:56:00,1.17037,1.17042,1.17034,1.17042,17,19
2026-04-29 13:57:00,1.17043,1.17064,1.17043,1.17064,31,19
2026-04-29 13:58:00,1.17064,1.17068,1.17056,1.17056,26,19
2026-04-29 13:59:00,1.17055,1.17083,1.17055,1.17082,25,19
2026-04-29 14:00:00,1.17082,1.17087,1.17064,1.17066,53,19
2026-04-29 14:01:00,1.17066,1.17066,1.17056,1.17057,16,19
2026-04-29 14:02:00,1.17057,1.17061,1.17048,1.17057,48,19
2026-04-29 14:03:00,1.17058,1.17066,1.17056,1.17061,33,19
2026-04-29 14:04:00,1.17061,1.1707,1.17061,1.1707,15,19
2026-04-29 14:05:00,1.17068,1.17072,1.17061,1.17062,23,19
2026-04-29 14:06:00,1.17061,1.1706699999999999,1.17059,1.17064,33,19
2026-04-29 14:07:00,1.17064,1.17077,1.1706,1.17076,28,19
2026-04-29 14:08:00,1.17078,1.1708,1.17068,1.1707,33,19
2026-04-29 14:09:00,1.17073,1.17073,1.17046,1.17057,96,19
2026-04-29 14:10:00,1.17056,1.17056,1.17041,1.17048,66,19
2026-04-29 14:11:00,1.17047,1.17055,1.17044,1.17051,40,19
2026-04-29 14:12:00,1.17051,1.17056,1.17045,1.17046,44,19
2026-04-29 14:13:00,1.17045,1.1705,1.17042,1.17043,32,19
2026-04-29 14:14:00,1.17042,1.17044,1.17037,1.17039,21,19
2026-04-29 14:15:00,1.17039,1.17043,1.17027,1.17038,50,19
2026-04-29 14:16:00,1.17038,1.17041,1.17033,1.17034,35,19
2026-04-29 14:17:00,1.17034,1.17048,1.1703000000000001,1.17046,33,19
2026-04-29 14:18:00,1.17046,1.17048,1.17045,1.17046,13,19
2026-04-29 14:19:00,1.17046,1.17046,1.17036,1.17041,42,19
2026-04-29 14:20:00,1.17041,1.17049,1.17032,1.17034,27,19
2026-04-29 14:21:00,1.17035,1.17055,1.17034,1.17051,30,19
2026-04-29 14:22:00,1.1705,1.17051,1.17047,1.17048,17,19
2026-04-29 14:23:00,1.17048,1.17066,1.17047,1.17059,29,19
2026-04-29 14:24:00,1.17058,1.17061,1.17045,1.17049,27,19
2026-04-29 14:25:00,1.17049,1.17054,1.17047,1.17052,19,19
2026-04-29 14:26:00,1.17054,1.17056,1.17049,1.17052,21,19
2026-04-29 14:27:00,1.17053,1.17055,1.17042,1.17042,36,19
2026-04-29 14:28:00,1.17042,1.17048,1.17036,1.17036,23,19
2026-04-29 14:29:00,1.17036,1.17043,1.17033,1.17043,22,19
2026-04-29 14:30:00,1.17042,1.17042,1.17031,1.17036,20,19
2026-04-29 14:31:00,1.17034,1.17051,1.17034,1.17045,29,19
2026-04-29 14:32:00,1.17045,1.17048,1.17041,1.17048,16,19
2026-04-29 14:33:00,1.17046,1.17048,1.17042,1.17047,13,19
2026-04-29 14:34:00,1.17046,1.17049,1.17036,1.17049,36,19
2026-04-29 14:35:00,1.1705,1.17081,1.1705,1.1707,65,19
2026-04-29 14:36:00,1.17069,1.17071,1.17051,1.17053,37,19
2026-04-29 14:37:00,1.17052,1.17059,1.17045,1.17058,30,19
2026-04-29 14:38:00,1.17057,1.17059,1.17045,1.17049,46,19
2026-04-29 14:39:00,1.17049,1.17049,1.17038,1.17038,32,19
2026-04-29 14:40:00,1.17039,1.17049,1.17037,1.17043,37,19
2026-04-29 14:41:00,1.17044,1.17047,1.17044,1.17045,25,19
2026-04-29 14:42:00,1.17046,1.17046,1.17034,1.17038,35,19
2026-04-29 14:43:00,1.17037,1.17037,1.17024,1.17025,15,19
2026-04-29 14:44:00,1.17025,1.1703000000000001,1.17022,1.17028,28,19
2026-04-29 14:45:00,1.17028,1.17042,1.17027,1.17041,24,19
2026-04-29 14:46:00,1.1703999999999999,1.17041,1.17037,1.17037,21,19
2026-04-29 14:47:00,1.17037,1.17043,1.17028,1.17028,25,19
2026-04-29 14:48:00,1.17028,1.17033,1.17025,1.17026,29,19
2026-04-29 14:49:00,1.17027,1.17031,1.17025,1.17026,24,19
2026-04-29 14:50:00,1.17027,1.17029,1.17019,1.17021,40,19
2026-04-29 14:51:00,1.17021,1.17022,1.17016,1.1702,24,19
2026-04-29 14:52:00,1.17021,1.17026,1.1702,1.17025,19,19
2026-04-29 14:53:00,1.17026,1.17033,1.17024,1.17031,18,19
2026-04-29 14:54:00,1.17031,1.17032,1.17027,1.17029,17,19
2026-04-29 14:55:00,1.17029,1.17029,1.17011,1.17011,39,19
2026-04-29 14:56:00,1.17012,1.17012,1.16991,1.16997,57,19
2026-04-29 14:57:00,1.16996,1.16999,1.16989,1.16999,38,19
2026-04-29 14:58:00,1.17,1.17007,1.16999,1.16999,34,19
2026-04-29 14:59:00,1.17,1.17004,1.16998,1.16998,44,19
2026-04-29 15:00:00,1.16998,1.17009,1.16992,1.17008,84,19
2026-04-29 15:01:00,1.17009,1.1702,1.17009,1.17016,25,19
2026-04-29 15:02:00,1.17015,1.17024,1.1701,1.17021,30,19
2026-04-29 15:03:00,1.17023,1.17042,1.1702,1.17028,46,19
2026-04-29 15:04:00,1.1703000000000001,1.17037,1.17027,1.17036,19,19
2026-04-29 15:05:00,1.17037,1.17057,1.17037,1.17047,64,19
2026-04-29 15:06:00,1.1705,1.17072,1.17047,1.17072,47,19
2026-04-29 15:07:00,1.17071,1.17071,1.17046,1.17051,43,19
2026-04-29 15:08:00,1.17051,1.17057,1.17043,1.17054,32,19
2026-04-29 15:09:00,1.17053,1.17053,1.17045,1.17045,27,19
2026-04-29 15:10:00,1.17046,1.17047,1.17029,1.17031,39,19
2026-04-29 15:11:00,1.1703000000000001,1.17036,1.17023,1.17036,45,19
2026-04-29 15:12:00,1.17035,1.17048,1.17034,1.17046,29,19
2026-04-29 15:13:00,1.17047,1.17047,1.17037,1.17044,51,19
2026-04-29 15:14:00,1.17044,1.17044,1.17029,1.17031,45,19
2026-04-29 15:15:00,1.1703000000000001,1.17035,1.17029,1.17034,47,19
2026-04-29 15:16:00,1.17035,1.17054,1.17035,1.17039,51,19
2026-04-29 15:17:00,1.17038,1.17042,1.17035,1.17036,31,19
2026-04-29 15:18:00,1.17037,1.17047,1.17037,1.17046,15,19
2026-04-29 15:19:00,1.17046,1.17047,1.17039,1.17043,40,19
2026-04-29 15:20:00,1.17046,1.17056,1.1703999999999999,1.17051,50,19
2026-04-29 15:21:00,1.17054,1.1706699999999999,1.17054,1.17066,46,19
2026-04-29 15:22:00,1.17066,1.1706699999999999,1.17039,1.1705,59,19
2026-04-29 15:23:00,1.17051,1.1706,1.17033,1.17034,75,19
2026-04-29 15:24:00,1.17034,1.17036,1.17003,1.17009,62,19
2026-04-29 15:25:00,1.17009,1.17021,1.17004,1.1702,74,19
2026-04-29 15:26:00,1.17019,1.17029,1.17017,1.17025,27,19
2026-04-29 15:27:00,1.17025,1.17046,1.17025,1.17043,56,19
2026-04-29 15:28:00,1.17044,1.17046,1.17028,1.17029,24,19
2026-04-29 15:29:00,1.17029,1.17041,1.17029,1.17034,22,19
2026-04-29 15:30:00,1.17031,1.17031,1.17013,1.17015,116,19
2026-04-29 15:31:00,1.17016,1.17025,1.17015,1.17024,49,19
2026-04-29 15:32:00,1.17023,1.17026,1.17018,1.17025,30,19
2026-04-29 15:33:00,1.17026,1.17026,1.17016,1.17021,32,19
2026-04-29 15:34:00,1.1702,1.17026,1.17016,1.17026,44,19
2026-04-29 15:35:00,1.17025,1.17036,1.17017,1.17033,48,19
2026-04-29 15:36:00,1.17034,1.17036,1.17026,1.1703000000000001,40,19
2026-04-29 15:37:00,1.17029,1.17036,1.17027,1.1703000000000001,48,19
2026-04-29 15:38:00,1.1703000000000001,1.17031,1.16973,1.16981,132,19
2026-04-29 15:39:00,1.1698,1.1698,1.16958,1.16974,92,19
2026-04-29 15:40:00,1.16974,1.16974,1.16963,1.16968,79,19
2026-04-29 15:41:00,1.16968,1.16986,1.16965,1.1698,75,19
2026-04-29 15:42:00,1.1697899999999999,1.16997,1.1697,1.16993,50,19
2026-04-29 15:43:00,1.16991,1.17002,1.16986,1.17002,32,19
2026-04-29 15:44:00,1.17002,1.1700599999999999,1.16986,1.16987,49,19
2026-04-29 15:45:00,1.16986,1.1699,1.16981,1.16985,34,19
2026-04-29 15:46:00,1.16985,1.16995,1.16983,1.16995,43,19
2026-04-29 15:47:00,1.16995,1.17002,1.16967,1.16973,127,19
2026-04-29 15:48:00,1.16972,1.16991,1.16971,1.16986,81,19
2026-04-29 15:49:00,1.16985,1.16987,1.16977,1.16982,55,19
2026-04-29 15:50:00,1.16982,1.16982,1.16961,1.16961,52,19
2026-04-29 15:51:00,1.16962,1.16972,1.16925,1.16931,119,19
2026-04-29 15:52:00,1.1693,1.16948,1.16927,1.16948,68,19
2026-04-29 15:53:00,1.16949,1.16957,1.1694,1.16953,43,19
2026-04-29 15:54:00,1.16954,1.16974,1.16942,1.16942,61,19
2026-04-29 15:55:00,1.16943,1.16961,1.16943,1.16949,65,19
2026-04-29 15:56:00,1.16949,1.1696,1.16949,1.16958,61,19
2026-04-29 15:57:00,1.16959,1.16984,1.16955,1.16972,86,19
2026-04-29 15:58:00,1.16971,1.16982,1.16963,1.16976,101,19
2026-04-29 15:59:00,1.16977,1.16981,1.16972,1.16981,65,19
2026-04-29 16:00:00,1.1698,1.16998,1.1697899999999999,1.16998,122,19
2026-04-29 16:01:00,1.16998,1.17005,1.16982,1.16989,125,19
2026-04-29 16:02:00,1.16991,1.16998,1.16983,1.16997,116,19
2026-04-29 16:03:00,1.16996,1.17001,1.16976,1.16996,77,19
2026-04-29 16:04:00,1.16997,1.17002,1.16988,1.16988,64,19
2026-04-29 16:05:00,1.16988,1.17023,1.16983,1.16991,87,19
2026-04-29 16:06:00,1.1699,1.17007,1.16985,1.16987,103,19
2026-04-29 16:07:00,1.16986,1.1699,1.1698,1.1699,64,19
2026-04-29 16:08:00,1.16989,1.17005,1.16986,1.16993,75,19
2026-04-29 16:09:00,1.16992,1.17002,1.16987,1.16994,80,19
2026-04-29 16:10:00,1.16993,1.17,1.16992,1.16997,38,19
2026-04-29 16:11:00,1.16996,1.17,1.16987,1.16996,35,19
2026-04-29 16:12:00,1.16997,1.17002,1.16995,1.16999,56,19
2026-04-29 16:13:00,1.16998,1.16998,1.16981,1.16981,27,19
2026-04-29 16:14:00,1.16981,1.16987,1.16972,1.16981,43,19
2026-04-29 16:15:00,1.16981,1.16981,1.16957,1.16959,57,19
2026-04-29 16:16:00,1.16959,1.16959,1.16941,1.16942,73,19
2026-04-29 16:17:00,1.16941,1.16954,1.1694,1.16951,39,19
2026-04-29 16:18:00,1.16948,1.16952,1.16941,1.16947,59,19
2026-04-29 16:19:00,1.16946,1.16951,1.16911,1.16917,103,19
2026-04-29 16:20:00,1.16916,1.1692,1.16901,1.16917,162,19
2026-04-29 16:21:00,1.16917,1.16936,1.16913,1.16931,81,19
2026-04-29 16:22:00,1.16932,1.16933,1.16899,1.16899,100,19
2026-04-29 16:23:00,1.169,1.16913,1.16897,1.16902,103,19
2026-04-29 16:24:00,1.16902,1.1692,1.16891,1.1691,109,19
2026-04-29 16:25:00,1.1691,1.16911,1.16898,1.16907,73,19
2026-04-29 16:26:00,1.16907,1.1690800000000001,1.1689,1.16893,82,19
2026-04-29 16:27:00,1.16894,1.16903,1.16886,1.16903,66,19
2026-04-29 16:28:00,1.16902,1.16915,1.16887,1.16888,95,19
2026-04-29 16:29:00,1.16887,1.16907,1.16887,1.16898,80,19
2026-04-29 16:30:00,1.16898,1.16909,1.16887,1.16887,170,19
2026-04-29 16:31:00,1.16887,1.1691,1.16882,1.16897,110,19
2026-04-29 16:32:00,1.169,1.16907,1.1687400000000001,1.1687400000000001,121,19
2026-04-29 16:33:00,1.16873,1.1687400000000001,1.16851,1.16856,115,19
2026-04-29 16:34:00,1.16856,1.16859,1.16822,1.16833,140,19
2026-04-29 16:35:00,1.16833,1.16834,1.16821,1.16824,99,19
2026-04-29 16:36:00,1.16825,1.16837,1.16814,1.16821,87,19
2026-04-29 16:37:00,1.16821,1.16854,1.16821,1.1685,40,19
2026-04-29 16:38:00,1.16851,1.16856,1.1684700000000001,1.16848,44,19
2026-04-29 16:39:00,1.16848,1.16875,1.16843,1.16869,76,19
2026-04-29 16:40:00,1.16869,1.16878,1.16868,1.16878,42,19
2026-04-29 16:41:00,1.16878,1.16892,1.16877,1.1688399999999999,43,19
2026-04-29 16:42:00,1.1688,1.16883,1.16872,1.16883,27,19
2026-04-29 16:43:00,1.16883,1.16883,1.1685699999999999,1.16858,43,19
2026-04-29 16:44:00,1.1685699999999999,1.16865,1.1685699999999999,1.16861,55,19
2026-04-29 16:45:00,1.16862,1.16868,1.16859,1.16862,54,19
2026-04-29 16:46:00,1.16862,1.16875,1.1685699999999999,1.16863,39,19
2026-04-29 16:47:00,1.16862,1.16864,1.16843,1.16843,56,19
2026-04-29 16:48:00,1.16845,1.16873,1.16844,1.16869,113,19
2026-04-29 16:49:00,1.16867,1.1687,1.16859,1.16862,63,19
2026-04-29 16:50:00,1.16862,1.16877,1.16852,1.1687400000000001,88,19
2026-04-29 16:51:00,1.1687400000000001,1.16878,1.16843,1.16848,90,19
2026-04-29 16:52:00,1.1684700000000001,1.1685,1.16833,1.16845,88,19
2026-04-29 16:53:00,1.16845,1.16875,1.16842,1.16869,93,19
2026-04-29 16:54:00,1.16868,1.16872,1.16849,1.16866,100,19
2026-04-29 16:55:00,1.16866,1.16887,1.16866,1.16876,116,19
2026-04-29 16:56:00,1.16877,1.16887,1.1687400000000001,1.1687400000000001,68,19
2026-04-29 16:57:00,1.16872,1.16876,1.16863,1.16863,61,19
2026-04-29 16:58:00,1.16863,1.16868,1.16851,1.16864,68,19
2026-04-29 16:59:00,1.16863,1.1688399999999999,1.16852,1.16878,107,19
2026-04-29 17:00:00,1.16877,1.16882,1.16841,1.16843,147,19
2026-04-29 17:01:00,1.16843,1.16849,1.1684,1.16844,125,19
2026-04-29 17:02:00,1.16845,1.16854,1.16842,1.16853,107,19
2026-04-29 17:03:00,1.16854,1.1685699999999999,1.16834,1.16836,153,19
2026-04-29 17:04:00,1.16837,1.16846,1.16833,1.16842,122,19
2026-04-29 17:05:00,1.16841,1.16848,1.16834,1.16844,122,19
2026-04-29 17:06:00,1.16843,1.16856,1.1684,1.16849,96,19
2026-04-29 17:07:00,1.16848,1.16855,1.16838,1.1684,128,19
2026-04-29 17:08:00,1.16841,1.16845,1.16828,1.16835,77,19
2026-04-29 17:09:00,1.16836,1.16845,1.16832,1.16843,109,19
2026-04-29 17:10:00,1.16842,1.16859,1.16841,1.16858,101,19
2026-04-29 17:11:00,1.16858,1.16861,1.16852,1.16853,54,19
2026-04-29 17:12:00,1.16853,1.16867,1.1684700000000001,1.16863,74,19
2026-04-29 17:13:00,1.16863,1.16872,1.16858,1.1687,62,19
2026-04-29 17:14:00,1.16869,1.16873,1.16863,1.16866,58,19
2026-04-29 17:15:00,1.16866,1.16895,1.16863,1.16893,84,19
2026-04-29 17:16:00,1.16893,1.16915,1.16893,1.16909,121,19
2026-04-29 17:17:00,1.1691,1.16915,1.16906,1.16909,60,19
2026-04-29 17:18:00,1.1690800000000001,1.16913,1.16892,1.16906,79,19
2026-04-29 17:19:00,1.16906,1.16912,1.16899,1.16904,72,19
2026-04-29 17:20:00,1.16904,1.1691799999999999,1.16903,1.16909,55,19
2026-04-29 17:21:00,1.16906,1.16906,1.16892,1.16892,40,19
2026-04-29 17:22:00,1.16891,1.16905,1.16887,1.16896,48,19
2026-04-29 17:23:00,1.16895,1.16904,1.16892,1.16904,42,19
2026-04-29 17:24:00,1.16905,1.1691799999999999,1.169,1.16914,35,19
2026-04-29 17:25:00,1.16914,1.16919,1.1690800000000001,1.16912,26,19
