Date,AUDUSD,USDCAD,USDCHF,EURUSD,GBPUSD,USDJPY,NZDUSD
2010-01-01,0.8984725475311279,1.051200032234192,1.0339000225067139,1.4389938116073608,1.6132936477661133,92.91999816894531,0.724480152130127
2010-01-04,0.9124919772148132,1.0410000085830688,1.029099941253662,1.4423978328704834,1.6113698482513428,92.49500274658203,0.7342144250869751
2010-01-05,0.9118264317512512,1.0394999980926514,1.0336999893188477,1.4365959167480469,1.599078893661499,91.58499908447266,0.7337833642959595
2010-01-06,0.9204712510108948,1.0319000482559204,1.0276000499725342,1.4404033422470093,1.602384328842163,92.35600280761719,0.7380073666572571
2010-01-07,0.9177680015563965,1.034000039100647,1.0335999727249146,1.4318032264709473,1.5933969020843506,93.38999938964844,0.7327080965042114
2010-01-08,0.9250693917274475,1.0298000574111938,1.0235999822616577,1.44110906124115,1.602410078048706,92.66000366210938,0.7370826601982117
2010-01-11,0.9297136068344116,1.0338000059127808,1.016700029373169,1.4511260986328125,1.6112918853759766,92.09200286865234,0.7420048713684082
2010-01-12,0.9204712510108948,1.039199948310852,1.0188000202178955,1.447659969329834,1.615169644355774,91.08000183105469,0.7383888363838196
2010-01-13,0.9242144227027893,1.0307999849319458,1.0176000595092773,1.4523905515670776,1.628611445426941,91.43299865722656,0.7403020262718201
2010-01-14,0.9313588738441467,1.0233999490737915,1.0185999870300293,1.4499897956848145,1.6333998441696167,91.26699829101562,0.742390513420105
2010-01-15,0.9226794838905334,1.0290000438690186,1.024899959564209,1.4390974044799805,1.6269950866699219,90.75,0.7383888363838196
2010-01-18,0.927385687828064,1.0247999429702759,1.0235999822616577,1.4406731128692627,1.63529634475708,90.70500183105469,0.7407956123352051
2010-01-19,0.9225943684577942,1.0317000150680542,1.0326000452041626,1.4281021356582642,1.6356706619262695,91.1989974975586,0.7336218357086182
2010-01-20,0.9114938974380493,1.045199990272522,1.0435999631881714,1.4110342264175415,1.6298059225082397,91.19200134277344,0.7218131422996521
2010-01-21,0.904568076133728,1.0506000518798828,1.041599988937378,1.4097015857696533,1.620509147644043,90.39299774169922,0.7136231064796448
2010-01-22,0.9012256860733032,1.0573999881744385,1.0418000221252441,1.414107084274292,1.611006498336792,89.80999755859375,0.7099751830101013
2010-01-25,0.9049773812294006,1.0569000244140625,1.0399999618530273,1.4150075912475586,1.6250121593475342,90.41500091552734,0.7142857313156128
2010-01-26,0.9001709818840027,1.0621000528335571,1.0458999872207642,1.4082324504852295,1.614700198173523,89.62999725341797,0.7079144716262817
2010-01-27,0.8962982892990112,1.063599944114685,1.0497000217437744,1.4030951261520386,1.6178088188171387,89.94999694824219,0.7065140604972839
2010-01-28,0.8935751914978027,1.066100001335144,1.051800012588501,1.3968042135238647,1.614309310913086,89.77799987792969,0.704820990562439
2010-01-29,0.8843296766281128,1.0700000524520874,1.0607999563217163,1.3866932392120361,1.5984909534454346,90.2699966430664,0.7019021511077881
2010-02-01,0.8919811248779297,1.0616999864578247,1.056399941444397,1.3926994800567627,1.595252513885498,90.76000213623047,0.7090187072753906
2010-02-02,0.8873114585876465,1.0571800470352173,1.0547000169754028,1.3976240158081055,1.599206805229187,90.4280014038086,0.7136231064796448
2010-02-03,0.8822231888771057,1.0618000030517578,1.0580999851226807,1.3901052474975586,1.5920017957687378,90.83999633789062,0.6992028951644897
2010-02-04,0.8689607381820679,1.0720000267028809,1.065600037574768,1.3744947910308838,1.5769885778427124,89.41000366210938,0.6888000965118408
2010-02-05,0.8685833811759949,1.0708999633789062,1.0721999406814575,1.368007779121399,1.565802812576294,89.22000122070312,0.6898930668830872
2010-02-08,0.8634833097457886,1.0745799541473389,1.0728000402450562,1.3654673099517822,1.5576082468032837,89.22000122070312,0.6829201579093933
2010-02-09,0.8775008320808411,1.067199945449829,1.0651999711990356,1.378207802772522,1.5693906545639038,89.76799774169922,0.695313572883606
2010-02-10,0.8768084645271301,1.062000036239624,1.0664000511169434,1.3753266334533691,1.5612071752548218,89.93000030517578,0.6945891380310059
2010-02-11,0.8902341723442078,1.0501999855041504,1.0707000494003296,1.3681762218475342,1.5702037811279297,89.80999755859375,0.6978854537010193
2010-02-12,0.889284074306488,1.0504499673843384,1.0750999450683594,1.363493800163269,1.5698094367980957,89.94999694824219,0.6981777548789978
2010-02-15,0.889284074306488,1.0491600036621094,1.0770000219345093,1.3603036403656006,1.5667105913162231,90.05000305175781,0.6974959969520569
2010-02-16,0.9013068675994873,1.0434000492095947,1.0657999515533447,1.3767088651657104,1.579005479812622,90.24400329589844,0.7064142823219299
2010-02-17,0.8987148404121399,1.0462000370025635,1.0775799751281738,1.3606922626495361,1.5682092905044556,91.05000305175781,0.7027900815010071
2010-02-18,0.8896797299385071,1.0503100156784058,1.0877000093460083,1.3461486101150513,1.5423054695129395,91.97699737548828,0.695313572883606
2010-02-19,0.900009036064148,1.039199948310852,1.0757999420166016,1.3615074157714844,1.5464078187942505,91.54000091552734,0.6997900605201721
2010-02-22,0.9001709818840027,1.042199969291687,1.0755000114440918,1.3605626821517944,1.548658847808838,91.23500061035156,0.7017051577568054
2010-02-23,0.8927774429321289,1.0549999475479126,1.082200050354004,1.3527040481567383,1.5445923805236816,90.16000366210938,0.6951202750205994
2010-02-24,0.8943743705749512,1.0527000427246094,1.0808000564575195,1.354316234588623,1.5417109727859497,90.27899932861328,0.6942998170852661
2010-02-25,0.8865247964859009,1.0608999729156494,1.0810999870300293,1.3536012172698975,1.5243902206420898,89.2699966430664,0.6907030940055847
2010-02-26,0.8958967924118042,1.0514999628067017,1.0733000040054321,1.3631035089492798,1.523902416229248,88.9209976196289,0.6987143754959106
2010-03-01,0.9004952907562256,1.0413999557495117,1.0789999961853027,1.356208086013794,1.4978805780410767,89.1500015258789,0.6999860405921936
2010-03-02,0.9049773812294006,1.0345100164413452,1.0741000175476074,1.3620638847351074,1.5028102397918701,88.73999786376953,0.69730144739151
2010-03-03,0.9052231907844543,1.0318000316619873,1.0674999952316284,1.3701633214950562,1.5103002786636353,88.56999969482422,0.6939143538475037
2010-03-04,0.8997660279273987,1.0312000513076782,1.0770000219345093,1.3584003448486328,1.50360107421875,89.16000366210938,0.6863889098167419
2010-03-05,0.9079353213310242,1.0288000106811523,1.0750999450683594,1.3628991842269897,1.5132943391799927,90.22000122070312,0.6972042322158813
2010-03-08,0.9083476662635803,1.027899980545044,1.0740000009536743,1.3616927862167358,1.504189133644104,90.28600311279297,0.6998390555381775
2010-03-09,0.9154156446456909,1.0268000364303589,1.0743000507354736,1.3606922626495361,1.5016368627548218,89.98899841308594,0.7035812139511108
2010-03-10,0.9139096736907959,1.0254000425338745,1.0705000162124634,1.3643310070037842,1.4970060586929321,90.47000122070312,0.7005254030227661
2010-03-11,0.9155831933021545,1.0234999656677246,1.0681999921798706,1.3685319423675537,1.507204532623291,90.64800262451172,0.6998390555381775
2010-03-12,0.9149130582809448,1.0189000368118286,1.0566999912261963,1.376993179321289,1.5216069221496582,90.54000091552734,0.7020993232727051
2010-03-15,0.9136592745780945,1.0189000368118286,1.0614999532699585,1.3677457571029663,1.505434513092041,90.31999969482422,0.7030865550041199
2010-03-16,0.9190332293510437,1.0132999420166016,1.0550999641418457,1.3768794536590576,1.5236934423446655,90.29000091552734,0.7124029397964478
2010-03-17,0.9235315322875977,1.010200023651123,1.0542000532150269,1.3738338947296143,1.5317922830581665,90.40299987792969,0.7139797210693359
2010-03-18,0.9212344288825989,1.0135999917984009,1.0570000410079956,1.361396312713623,1.5253669023513794,90.4800033569336,0.7152052521705627
2010-03-19,0.9161703586578369,1.0164999961853027,1.0604000091552734,1.353692889213562,1.5017945766448975,90.5199966430664,0.7093204259872437
2010-03-22,0.9185266494750977,1.0168100595474243,1.057569980621338,1.356704831123352,1.5108022689819336,90.33999633789062,0.7076139450073242
2010-03-23,0.9179364442825317,1.0164300203323364,1.0571000576019287,1.3468012809753418,1.5021330118179321,90.36599731445312,0.7052186131477356
2010-03-24,0.9119095206260681,1.0234999656677246,1.0716999769210815,1.3331022262573242,1.4898910522460938,92.01399993896484,0.7035812139511108
2010-03-25,0.9085953235626221,1.0236899852752686,1.0715999603271484,1.3307074308395386,1.4844944477081299,92.51300048828125,0.7047216296195984
2010-03-26,0.9044044613838196,1.0262600183486938,1.0647000074386597,1.3410038948059082,1.4898022413253784,92.50700378417969,0.7033832669258118
2010-03-29,0.9167582988739014,1.0213099718093872,1.062399983406067,1.3481086492538452,1.498194694519043,92.48999786376953,0.7094210982322693
2010-03-30,0.9186110496520996,1.0189000368118286,1.0657999515533447,1.3424079418182373,1.5074089765548706,92.81999969482422,0.7098239660263062
2010-03-31,0.9155831933021545,1.0155999660491943,1.0536600351333618,1.3508037328720093,1.5183724164962769,93.5199966430664,0.7070136070251465
2010-04-01,0.920640766620636,1.0082999467849731,1.0544500350952148,1.3584003448486328,1.5291922092437744,93.8499984741211,0.707764208316803
2010-04-02,0.9196248054504395,1.010200023651123,1.0609999895095825,1.3504936695098877,1.5210051536560059,94.52999877929688,0.706813633441925
2010-04-05,0.9208951592445374,1.0018999576568604,1.0621999502182007,1.34890878200531,1.5298004150390625,94.33000183105469,0.7037792801856995
2010-04-06,0.9278159141540527,1.0009000301361084,1.0686399936676025,1.3401951789855957,1.5270905494689941,93.79399871826172,0.7060650587081909
2010-04-07,0.9272136688232422,1.0042999982833862,1.0733000040054321,1.3348461389541626,1.5242043733596802,93.30899810791016,0.707313597202301
2010-04-08,0.9290226101875305,1.0013999938964844,1.0731500387191772,1.336112380027771,1.5283042192459106,93.41999816894531,0.7076139450073242
2010-04-09,0.9335324764251709,1.0023000240325928,1.0662000179290771,1.3500925302505493,1.536995530128479,93.16000366210938,0.7161784768104553
2010-04-12,0.9266122579574585,1.0026999711990356,1.059399962425232,1.3596007823944092,1.5373972654342651,93.18299865722656,0.7134194374084473
2010-04-13,0.9279881119728088,1.0013999938964844,1.0543999671936035,1.3608589172363281,1.5377753973007202,93.18000030517578,0.7092198729515076
2010-04-14,0.9359790086746216,0.9983000159263611,1.051360011100769,1.3655978441238403,1.5472211837768555,93.31800079345703,0.7157171368598938
2010-04-15,0.9339683651924133,1.0018999576568604,1.056399941444397,1.3574045896530151,1.54655122756958,93.04000091552734,0.711895763874054
2010-04-16,0.9242998361587524,1.0126999616622925,1.0613000392913818,1.3504024744033813,1.536405086517334,92.1500015258789,0.7093204259872437
2010-04-19,0.9254117608070374,1.0144000053405762,1.0628999471664429,1.348726749420166,1.533530592918396,92.45999908447266,0.7095217704772949
2010-04-20,0.9313588738441467,0.9979000091552734,1.0683000087738037,1.343508243560791,1.5363816022872925,93.1709976196289,0.7119971513748169
2010-04-21,0.9275577664375305,0.9990000128746033,1.0700000524520874,1.3389928340911865,1.5413308143615723,93.05400085449219,0.7099751830101013
2010-04-22,0.9257545471191406,1.0016000270843506,1.079800009727478,1.3269991874694824,1.5373972654342651,93.39800262451172,0.7098239660263062
2010-04-23,0.9279019832611084,0.9990000128746033,1.0719000101089478,1.338401436805725,1.5382012128829956,93.94999694824219,0.7174115777015686
2010-04-26,0.9278159141540527,1.0002000331878662,1.0711100101470947,1.3401232957839966,1.5467904806137085,93.9000015258789,0.7231180667877197
2010-04-27,0.9165903329849243,1.0156999826431274,1.0877399444580078,1.3170719146728516,1.5247621536254883,93.14399719238281,0.7127075791358948
2010-04-28,0.9246416687965393,1.01010000705719,1.0848000049591064,1.321283221244812,1.520426869392395,93.95999908447266,0.7183908224105835
2010-04-29,0.9308386445045471,1.003999948501587,1.0816999673843384,1.3262951374053955,1.5356029272079468,94.01300048828125,0.7246901988983154
2010-04-30,0.9248127341270447,1.0180000066757202,1.075600028038025,1.3298048973083496,1.5300110578536987,93.83000183105469,0.7274843454360962
2010-05-03,0.9268699884414673,1.0108000040054321,1.0853999853134155,1.3199926614761353,1.524924874305725,94.69200134277344,0.7307804822921753
2010-05-04,0.909587025642395,1.0247000455856323,1.104830026626587,1.2963947057724,1.5127906799316406,94.70999908447266,0.7202016711235046
2010-05-05,0.9067827463150024,1.030500054359436,1.117799997329712,1.2814927101135254,1.5097986459732056,93.78099822998047,0.726005494594574
2010-05-06,0.8866034150123596,1.0514999628067017,1.113700032234192,1.263296127319336,1.4863920211791992,90.83000183105469,0.7130124568939209
2010-05-07,0.8880206346511841,1.0424000024795532,1.1100000143051147,1.2756078243255615,1.4783058166503906,91.58000183105469,0.715103030204773
2010-05-10,0.9025270342826843,1.024399995803833,1.1095000505447388,1.2779226303100586,1.4861931800842285,93.18000030517578,0.7212925553321838
2010-05-11,0.8946143984794617,1.021399974822998,1.111649990081787,1.2629930973052979,1.4920918941497803,92.48999786376953,0.716794490814209
2010-05-12,0.8951749801635742,1.0187000036239624,1.1101000308990479,1.2639029026031494,1.483701467514038,93.16899871826172,0.7155122756958008
2010-05-13,0.895495593547821,1.021299958229065,1.1172000169754028,1.2541072368621826,1.4613901376724243,92.7770004272461,0.7123014330863953
2010-05-14,0.8861320614814758,1.0351999998092651,1.1332000494003296,1.2360023260116577,1.4538053274154663,92.45999908447266,0.707313597202301
2010-05-17,0.8775008320808411,1.0328999757766724,1.1316900253295898,1.2392956018447876,1.4480162858963013,92.55000305175781,0.6989096999168396
2010-05-18,0.8617717623710632,1.0406500101089478,1.1497999429702759,1.217893362045288,1.4296742677688599,91.9010009765625,0.6891798973083496
2010-05-19,0.8476731181144714,1.0435600280761719,1.1523200273513794,1.2393416166305542,1.4416700601577759,91.54000091552734,0.6818956732749939
2010-05-20,0.8134048581123352,1.0713000297546387,1.149999976158142,1.2478941679000854,1.4348437786102295,89.37000274658203,0.6680026650428772
2010-05-21,0.8327782154083252,1.0580999851226807,1.1478999853134155,1.2567076683044434,1.4481000900268555,89.98600006103516,0.6787945032119751
2010-05-24,0.8248103260993958,1.062600016593933,1.1591800451278687,1.234994888305664,1.4409013986587524,90.19000244140625,0.6709157824516296
2010-05-25,0.8279516100883484,1.0677000284194946,1.1571999788284302,1.2345983982086182,1.4415037631988525,90.33200073242188,0.6697026491165161
2010-05-26,0.8258320689201355,1.0700000524520874,1.1598999500274658,1.217300295829773,1.4383935928344727,89.97000122070312,0.6687174439430237
2010-05-27,0.8470268845558167,1.0499000549316406,1.152999997138977,1.2347966432571411,1.4560492038726807,90.87899780273438,0.6806888580322266
2010-05-28,0.847385823726654,1.0540000200271606,1.15910005569458,1.227400541305542,1.4452955722808838,91.052001953125,0.6791171431541443
2010-05-31,0.8465966582298279,1.0430999994277954,1.1562999486923218,1.2287880182266235,1.4522007703781128,91.19000244140625,0.6811988949775696
2010-06-01,0.8331944942474365,1.0537999868392944,1.155500054359436,1.2233014106750488,1.4667057991027832,91.0999984741211,0.6771856546401978
2010-06-02,0.8418217301368713,1.0388000011444092,1.1552000045776367,1.223900318145752,1.46500825881958,92.19000244140625,0.6804572939872742
2010-06-03,0.8433836102485657,1.0403000116348267,1.1561000347137451,1.216944694519043,1.4634003639221191,92.62300109863281,0.6838074326515198
2010-06-04,0.8241984844207764,1.0614999532699585,1.1620999574661255,1.1971030235290527,1.445797085762024,91.87999725341797,0.6710057854652405
2010-06-07,0.8114906549453735,1.0594600439071655,1.1627000570297241,1.1922929286956787,1.4474084377288818,91.51599884033203,0.6589785814285278
2010-06-08,0.8261731863021851,1.0481200218200684,1.152400016784668,1.197203278541565,1.4448988437652588,91.41000366210938,0.6671114563941956
2010-06-09,0.8296689987182617,1.0434999465942383,1.147879958152771,1.1991989612579346,1.4547992944717407,91.36499786376953,0.6743997931480408
2010-06-10,0.8476012349128723,1.031000018119812,1.143280029296875,1.2109030485153198,1.470847725868225,91.30899810791016,0.6840881109237671
2010-06-11,0.8507018089294434,1.0324000120162964,1.148900032043457,1.2114017009735107,1.4552016258239746,91.62000274658203,0.6900835037231445
2010-06-14,0.8585164546966553,1.0331300497055054,1.1427600383758545,1.2218068838119507,1.4736003875732422,91.62000274658203,0.6952168941497803
2010-06-15,0.8642295598983765,1.0255999565124512,1.1338000297546387,1.2319064140319824,1.4799906015396118,91.4739990234375,0.6986167430877686
2010-06-16,0.8634833097457886,1.0250999927520752,1.1305999755859375,1.2311935424804688,1.4736003875732422,91.39600372314453,0.6979827880859375
2010-06-17,0.8676036596298218,1.0286999940872192,1.1115000247955322,1.238206148147583,1.4815912246704102,90.83999633789062,0.7042253613471985
2010-06-18,0.8720676302909851,1.021399974822998,1.1080000400543213,1.2392956018447876,1.4829974174499512,90.69999694824219,0.7069135904312134
2010-06-21,0.8767315745353699,1.023300051689148,1.1104999780654907,1.2316029071807861,1.4759929180145264,90.99500274658203,0.7086167335510254
2010-06-22,0.8728288412094116,1.0281000137329102,1.1073999404907227,1.2275059223175049,1.482008457183838,90.54000091552734,0.7054175734519958
2010-06-23,0.8748906254768372,1.0390000343322754,1.1045000553131104,1.2319064140319824,1.4968043565750122,89.91000366210938,0.7127075791358948
2010-06-24,0.8676036596298218,1.0425000190734863,1.1016000509262085,1.2337453365325928,1.4932059049606323,89.62999725341797,0.7085163593292236
2010-06-25,0.8744316101074219,1.0348999500274658,1.0923999547958374,1.2373021841049194,1.5067956447601318,89.1500015258789,0.7141836881637573
2010-06-28,0.8695652484893799,1.0364999771118164,1.0871000289916992,1.2277017831802368,1.509889841079712,89.31300354003906,0.7057660818099976
2010-06-29,0.8499065041542053,1.0539000034332275,1.0819900035858154,1.2186353206634521,1.5053439140319824,88.64900207519531,0.6923769116401672
2010-06-30,0.8413259983062744,1.062600016593933,1.0778000354766846,1.223002314567566,1.4944332838058472,88.43000030517578,0.6854949593544006
2010-07-01,0.8470268845558167,1.0586800575256348,1.0607999563217163,1.2507504224777222,1.5165761709213257,87.5999984741211,0.6917064189910889
2010-07-02,0.8421052694320679,1.0621999502182007,1.0618000030517578,1.257102608680725,1.5204963684082031,87.79000091552734,0.6887052059173584
2010-07-05,0.837520956993103,1.0649000406265259,1.0637999773025513,1.2536983489990234,1.5132026672363281,87.625,0.687049150466919
2010-07-06,0.8509190082550049,1.0537999868392944,1.0597000122070312,1.262403130531311,1.5143942832946777,87.4800033569336,0.6927126049995422
2010-07-07,0.8635578751564026,1.0478999614715576,1.0520000457763672,1.2633121013641357,1.5178422927856445,87.68000030517578,0.7036802172660828
2010-07-08,0.8774238228797913,1.0430999994277954,1.0496000051498413,1.2694060802459717,1.5154958963394165,88.41000366210938,0.7091192603111267
2010-07-09,0.8781944513320923,1.033400058746338,1.0578999519348145,1.2643983364105225,1.5067956447601318,88.56999969482422,0.7112881541252136
2010-07-12,0.8761170506477356,1.0362999439239502,1.0610599517822266,1.2590018510818481,1.5024038553237915,88.63899993896484,0.7117944359779358
2010-07-13,0.8837825655937195,1.031000018119812,1.0544999837875366,1.2720866203308105,1.5185105800628662,88.79299926757812,0.7178235650062561
2010-07-14,0.8816787600517273,1.0328500270843506,1.0520000457763672,1.274047613143921,1.526810884475708,88.2699966430664,0.7220216393470764
2010-07-15,0.8837825655937195,1.038140058517456,1.0420000553131104,1.2928582429885864,1.5443061590194702,87.33999633789062,0.7249003052711487
2010-07-16,0.8697165250778198,1.0569000244140625,1.0503000020980835,1.2931926250457764,1.530690312385559,86.55999755859375,0.710782527923584
2010-07-19,0.8677542209625244,1.0550999641418457,1.0549999475479126,1.2939456701278687,1.5225566625595093,86.76000213623047,0.7056167125701904
2010-07-20,0.8824567198753357,1.0435999631881714,1.0515999794006348,1.289307713508606,1.5287247896194458,87.24199676513672,0.7166403532028198
2010-07-21,0.8764241933822632,1.047760009765625,1.0500999689102173,1.276796817779541,1.5183953046798706,86.86100006103516,0.7115918397903442
2010-07-22,0.8943743705749512,1.0361700057983398,1.0422999858856201,1.2903059720993042,1.5272072553634644,87.1240005493164,0.726005494594574
2010-07-23,0.8958967924118042,1.0357999801635742,1.0530999898910522,1.291305661201477,1.543900728225708,87.5199966430664,0.7274843454360962
2010-07-26,0.90203857421875,1.0318000316619873,1.048509955406189,1.299899935722351,1.5489946603775024,86.99800109863281,0.7335681319236755
2010-07-27,0.9013068675994873,1.0351999998092651,1.0607000589370728,1.2990893125534058,1.558797836303711,87.81600189208984,0.7320108413696289
2010-07-28,0.8926180005073547,1.0378899574279785,1.0568000078201294,1.2992243766784668,1.5594055652618408,87.4520034790039,0.7223867774009705
2010-07-29,0.9019572138786316,1.034999966621399,1.0400999784469604,1.307805061340332,1.5612316131591797,86.68299865722656,0.7247952818870544
2010-07-30,0.9044044613838196,1.0291999578475952,1.0407999753952026,1.3039000034332275,1.5687997341156006,86.44000244140625,0.726374626159668
2010-08-02,0.9128252267837524,1.0226000547409058,1.039199948310852,1.3175925016403198,1.5889915227890015,86.5979995727539,0.7329766154289246
2010-08-03,0.9131585955619812,1.0236599445343018,1.039430022239685,1.3225064277648926,1.5945911407470703,85.77999877929688,0.7338911294937134
2010-08-04,0.9129085540771484,1.0235999822616577,1.0393999814987183,1.3225064277648926,1.5945911407470703,85.77999877929688,0.7338911294937134
2010-08-05,0.9165903329849243,1.017799973487854,1.0534000396728516,1.3158068656921387,1.5891934633255005,86.30000305175781,0.7298737168312073
2010-08-06,0.9151642918586731,1.016800045967102,1.0460000038146973,1.3181308507919312,1.589142918586731,85.83300018310547,0.7300869226455688
2010-08-09,0.9181893467903137,1.0281699895858765,1.0378999710083008,1.3285682201385498,1.5978014469146729,85.34400177001953,0.7328155040740967
2010-08-10,0.9160025715827942,1.0269999504089355,1.048200011253357,1.3229963779449463,1.590609073638916,85.89700317382812,0.7290223836898804
2010-08-11,0.9134088158607483,1.030400037765503,1.047700047492981,1.3184958696365356,1.5857913494110107,85.36000061035156,0.7231180667877197
2010-08-12,0.8942144513130188,1.0476000308990479,1.0597800016403198,1.284406065940857,1.563281536102295,85.1719970703125,0.7119971513748169
2010-08-13,0.8975855112075806,1.041599988937378,1.0498000383377075,1.2829889059066772,1.5587736368179321,86.0739974975586,0.7137758731842041
2010-08-16,0.8938946723937988,1.0409899950027466,1.0503400564193726,1.277090311050415,1.5603058338165283,86.13999938964844,0.7062146663665771
2010-08-17,0.8959770798683167,1.0434800386428833,1.0393999814987183,1.2811970710754395,1.5646023750305176,85.30699920654297,0.7049203515052795
2010-08-18,0.9053869843482971,1.0323899984359741,1.0436099767684937,1.2879958152770996,1.5578023195266724,85.59500122070312,0.7123014330863953
2010-08-19,0.898391842842102,1.0274800062179565,1.0422999858856201,1.28564453125,1.5598920583724976,85.44000244140625,0.7136231064796448
2010-08-20,0.8914245367050171,1.0394999980926514,1.0325000286102295,1.2808033227920532,1.557705283164978,85.34400177001953,0.7065140604972839
2010-08-23,0.8880206346511841,1.048699975013733,1.0352100133895874,1.2710033655166626,1.554508924484253,85.55999755859375,0.7061149477958679
2010-08-24,0.89007568359375,1.0529099702835083,1.0413000583648682,1.2635036706924438,1.5496188402175903,85.14099884033203,0.7060152888298035
2010-08-25,0.8835482597351074,1.0599900484085083,1.0317000150680542,1.263296127319336,1.5410932302474976,84.1780014038086,0.7033832669258118
2010-08-26,0.8847208619117737,1.0595799684524536,1.0292999744415283,1.26639986038208,1.5472211837768555,84.68399810791016,0.7017051577568054
2010-08-27,0.8848774433135986,1.0578900575637817,1.024399995803833,1.2706480026245117,1.5519996881484985,84.34600067138672,0.7025925517082214
2010-08-30,0.9026899933815002,1.0487699508666992,1.0285999774932861,1.2753963470458984,1.5533980131149292,85.5009994506836,0.7135212421417236
2010-08-31,0.8918219804763794,1.0599900484085083,1.0251400470733643,1.266592264175415,1.54659903049469,84.53199768066406,0.7035812139511108
2010-09-01,0.893255889415741,1.0643099546432495,1.014299988746643,1.268729567527771,1.5349900722503662,84.13999938964844,0.7000839710235596
2010-09-02,0.9098353385925293,1.0509999990463257,1.0149600505828857,1.2802950143814087,1.5448071956634521,84.40699768066406,0.7121999859809875
2010-09-03,0.9100009202957153,1.0525200366973877,1.0127999782562256,1.2825939655303955,1.5395984649658203,84.25,0.7141836881637573
2010-09-06,0.9157509207725525,1.0390000343322754,1.0162999629974365,1.28940749168396,1.544998049736023,84.43000030517578,0.7193726897239685
2010-09-07,0.9167582988739014,1.035599946975708,1.0103000402450562,1.2868356704711914,1.5395036935806274,84.12000274658203,0.7232750058174133
2010-09-08,0.9105809926986694,1.0478999614715576,1.0110000371932983,1.2677966356277466,1.53487229347229,83.73200225830078,0.7180812358856201
2010-09-09,0.9182736277580261,1.0369999408721924,1.0110000371932983,1.2732040882110596,1.5473887920379639,83.94999694824219,0.7225955128669739
2010-09-10,0.9230201244354248,1.033400058746338,1.0152000188827515,1.269309401512146,1.5425909757614136,83.93000030517578,0.7249528765678406
2010-09-13,0.9291952848434448,1.032099962234497,1.0196399688720703,1.2716983556747437,1.5370900630950928,84.30699920654297,0.7291818857192993
2010-09-14,0.9337940216064453,1.0283000469207764,1.0078999996185303,1.2872000932693481,1.5428051948547363,83.68099975585938,0.7305135726928711
2010-09-15,0.9400263428688049,1.026900053024292,0.9954000115394592,1.2991737127304077,1.5533980131149292,83.0479965209961,0.7329766154289246
2010-09-16,0.9389671087265015,1.0252000093460083,1.0020899772644043,1.3015071153640747,1.563403844833374,85.69999694824219,0.7275902032852173
2010-09-17,0.936154305934906,1.0262000560760498,1.0154399871826172,1.3075997829437256,1.5628174543380737,85.8479995727539,0.7246901988983154
2010-09-20,0.9376465678215027,1.0321999788284302,1.0094499588012695,1.3043931722640991,1.5646023750305176,85.69000244140625,0.726374626159668
2010-09-21,0.9464319944381714,1.0298000574111938,1.004699945449829,1.3066941499710083,1.5548230409622192,85.7020034790039,0.7294477820396423
2010-09-22,0.9535616040229797,1.0261000394821167,0.9972000122070312,1.3256973028182983,1.5616947412490845,85.11299896240234,0.732600748538971
2010-09-23,0.9530163407325745,1.030400037765503,0.9865999817848206,1.3391003608703613,1.5646023750305176,84.4800033569336,0.7319036722183228
2010-09-24,0.9498479962348938,1.034000039100647,0.9853000044822693,1.331912636756897,1.56788969039917,84.51000213623047,0.7290754914283752
2010-09-27,0.9608917236328125,1.024340033531189,0.9845700263977051,1.3479087352752686,1.5831050872802734,84.31600189208984,0.7359976172447205
2010-09-28,0.9599692821502686,1.0299999713897705,0.9855999946594238,1.3439054489135742,1.5810027122497559,84.2750015258789,0.7341066002845764
2010-09-29,0.967117965221405,1.0300300121307373,0.9763000011444092,1.3570915460586548,1.5803030729293823,83.89199829101562,0.7390982508659363
2010-09-30,0.9693679809570312,1.0318000316619873,0.9767000079154968,1.3628062009811401,1.57957923412323,83.76599884033203,0.7363770008087158
2010-10-01,0.9644131064414978,1.030900001525879,0.9839000105857849,1.3622123003005981,1.571659803390503,83.56999969482422,0.7337295413017273
2010-10-04,0.9717229008674622,1.0200999975204468,0.9760000109672546,1.377695083618164,1.582003116607666,83.33300018310547,0.743992269039154
2010-10-05,0.9670243859291077,1.022670030593872,0.9715999960899353,1.367409110069275,1.5824286937713623,83.50299835205078,0.7390982508659363
2010-10-06,0.9718172550201416,1.0157999992370605,0.9660000205039978,1.3833937644958496,1.589142918586731,83.19000244140625,0.7485030293464661
2010-10-07,0.9764671921730042,1.0111000537872314,0.9621000289916992,1.3920016288757324,1.5864957571029663,82.96700286865234,0.7518796920776367
2010-10-08,0.9825113415718079,1.017799973487854,0.9656000137329102,1.3927963972091675,1.5880074501037598,82.37999725341797,0.7509198784828186
2010-10-11,0.9895111918449402,1.0097500085830688,0.9615799784660339,1.3977607488632202,1.594870924949646,81.81999969482422,0.7562008500099182
2010-10-12,0.9842519164085388,1.0128999948501587,0.9642000198364258,1.3880213499069214,1.5892945528030396,82.08899688720703,0.7518231272697449
2010-10-13,0.9866798520088196,1.0103000402450562,0.9571800231933594,1.3916915655136108,1.5811026096343994,81.77999877929688,0.7569449543952942
2010-10-14,0.9913750290870667,1.003100037574768,0.9577999711036682,1.3967260122299194,1.5905078649520874,81.7979965209961,0.7576905488967896
2010-10-15,0.9933445453643799,1.0042999982833862,0.9530100226402283,1.4072020053863525,1.6006401777267456,81.47000122070312,0.7594167590141296
2010-10-18,0.9890217781066895,1.0128999948501587,0.9584100246429443,1.3964334726333618,1.5979036092758179,81.37799835205078,0.7539203763008118
2010-10-19,0.9896091222763062,1.0171300172805786,0.9589099884033203,1.3935922384262085,1.589395523071289,81.197998046875,0.7558007836341858
2010-10-20,0.970779538154602,1.0329999923706055,0.9707000255584717,1.3739094734191895,1.5703023672103882,81.54199981689453,0.7449899315834045
2010-10-21,0.9858044385910034,1.0223000049591064,0.9617999792098999,1.3963165283203125,1.5845098495483398,81.05500030517578,0.752785325050354
2010-10-22,0.9788566827774048,1.0259000062942505,0.9677000045776367,1.3916915655136108,1.571190595626831,81.30000305175781,0.7464914917945862
2010-10-25,0.9836710691452026,1.0267000198364258,0.9774900078773499,1.3944084644317627,1.56788969039917,81.30899810791016,0.747439980506897
2010-10-26,0.9900990128517151,1.0194000005722046,0.9719600081443787,1.3948947191238403,1.570968508720398,80.82499694824219,0.7514277100563049
2010-10-27,0.9863878488540649,1.0235999822616577,0.9840400218963623,1.3854252099990845,1.5850121974945068,81.33699798583984,0.7487832307815552
2010-10-28,0.9727626442909241,1.0280400514602661,0.9897800087928772,1.377808928489685,1.5774115324020386,81.67900085449219,0.7468817830085754
2010-10-29,0.9727626442909241,1.0280400514602661,0.9897800087928772,1.377808928489685,1.5774115324020386,81.67900085449219,0.7468817830085754
2010-11-01,0.9866798520088196,1.0181000232696533,0.9821000099182129,1.397506833076477,1.6048015356063843,80.40599822998047,0.7662248611450195
2010-11-02,0.9886307716369629,1.0126999616622925,0.9919000267982483,1.3910914659500122,1.6059871912002563,80.55899810791016,0.7671064734458923
2010-11-03,0.9990009665489197,1.0088000297546387,0.9793999791145325,1.4036072492599487,1.6032320261001587,80.66799926757812,0.7713074088096619
2010-11-04,1.00393545627594,1.0083999633789062,0.972000002861023,1.4127286672592163,1.6106950044631958,81.05000305175781,0.786596417427063
2010-11-05,1.015702724456787,1.0024299621582031,0.957889974117279,1.422798991203308,1.6276041269302368,80.7760009765625,0.7947230935096741
2010-11-08,1.0164254903793335,0.9998000264167786,0.9603999853134155,1.407578468322754,1.6209557056427002,81.13999938964844,0.7925186157226562
2010-11-09,1.010396957397461,1.0042999982833862,0.9672999978065491,1.3869625329971313,1.6116294860839844,81.08999633789062,0.7864108085632324
2010-11-10,1.0048130750656128,1.0068999528884888,0.9682999849319458,1.377201795578003,1.600000023841858,81.58300018310547,0.7763975262641907
2010-11-11,1.0046011209487915,1.0002000331878662,0.9705399870872498,1.3775622844696045,1.6122270822525024,82.2040023803711,0.7817997336387634
2010-11-12,0.9964129328727722,1.0041999816894531,0.9763000011444092,1.3621008396148682,1.610565423965454,82.41000366210938,0.7776049971580505
2010-11-15,0.9890217781066895,1.0104000568389893,0.9790999889373779,1.3693190813064575,1.6129032373428345,82.47000122070312,0.7753741145133972
2010-11-16,0.9835742712020874,1.0096999406814575,0.9850999712944031,1.357478380203247,1.6043124198913574,83.16200256347656,0.7723796963691711
2010-11-17,0.9759905934333801,1.0218000411987305,0.9962999820709229,1.3490543365478516,1.5887137651443481,83.37999725341797,0.7686395049095154
2010-11-18,0.9817396402359009,1.0231000185012817,0.9907000064849854,1.355399250984192,1.5921032428741455,83.0999984741211,0.7716049551963806
2010-11-19,0.9905893802642822,1.0183000564575195,0.9954000115394592,1.365728497505188,1.605188012123108,83.54000091552734,0.7797271013259888
2010-11-22,0.9901970624923706,1.0160000324249268,0.9922199845314026,1.3744381666183472,1.6004352569580078,83.48500061035156,0.7810059189796448
2010-11-23,0.9865824580192566,1.019260048866272,0.987820029258728,1.3601926565170288,1.5946674346923828,83.29000091552734,0.7712478637695312
2010-11-24,0.9746588468551636,1.0214999914169312,0.9965999722480774,1.3386342525482178,1.580502986907959,83.26899719238281,0.7604562640190125
2010-11-25,0.985027551651001,1.009600043296814,0.9944000244140625,1.3357912302017212,1.579005479812622,83.5199966430664,0.7620208859443665
2010-11-26,0.977325975894928,1.0087000131607056,1.0,1.3339736461639404,1.5759695768356323,83.62999725341797,0.7610350251197815
2010-11-29,0.9659969210624695,1.0188000202178955,1.0027999877929688,1.3238019943237305,1.559016466140747,84.15699768066406,0.7514841556549072
2010-11-30,0.9607070684432983,1.0192999839782715,1.001099944114685,1.3103927373886108,1.5556211471557617,84.25399780273438,0.7443799376487732
2010-12-01,0.959784984588623,1.0255000591278076,1.0025999546051025,1.2992074489593506,1.5568078756332397,83.6780014038086,0.7417847514152527
2010-12-02,0.966183602809906,1.017899990081787,1.0029000043869019,1.3124909400939941,1.561036467552185,84.12300109863281,0.7479431629180908
2010-12-03,0.9769441485404968,1.0032999515533447,0.9926999807357788,1.3215975761413574,1.5590895414352417,83.7490005493164,0.756315290927887
2010-12-06,0.9919650554656982,1.0026299953460693,0.9747999906539917,1.341597557067871,1.5767897367477417,82.77999877929688,0.7655209302902222
2010-12-07,0.9886307716369629,1.0055999755859375,0.9821000099182129,1.328691840171814,1.57086980342865,82.66999816894531,0.7612088322639465
2010-12-08,0.9829941987991333,1.0108000040054321,0.9879000186920166,1.3244681358337402,1.5753240585327148,83.47899627685547,0.7567158937454224
2010-12-09,0.9792401790618896,1.010599970817566,0.9861999750137329,1.3250824213027954,1.5796539783477783,84.0999984741211,0.7472166419029236
2010-12-10,0.9843488335609436,1.0103000402450562,0.9829999804496765,1.3242051601409912,1.577510952949524,83.81600189208984,0.749119758605957
2010-12-13,0.9841550588607788,1.010200023651123,0.9818000197410583,1.319713830947876,1.5799036026000977,83.9729995727539,0.7473841309547424
2010-12-14,0.9950248599052429,1.0075000524520874,0.9678999781608582,1.3395488262176514,1.5861937999725342,83.44000244140625,0.7515971660614014
2010-12-15,0.9974067807197571,1.006119966506958,0.9610000252723694,1.336094617843628,1.5763919353485107,83.79000091552734,0.7508071064949036
2010-12-16,0.9871668219566345,1.0039000511169434,0.967199981212616,1.3224014043807983,1.5560811758041382,84.26899719238281,0.7403020262718201
2010-12-17,0.9894132614135742,1.0055999755859375,0.9645000100135803,1.323994755744934,1.563281536102295,84.05000305175781,0.7403020262718201
2010-12-20,0.9881423115730286,1.0121999979019165,0.9697999954223633,1.3164995908737183,1.5513014793395996,84.01000213623047,0.7357268929481506
2010-12-21,0.9928514957427979,1.017799973487854,0.9648000001907349,1.3118022680282593,1.5508204698562622,83.77100372314453,0.7405762076377869
2010-12-22,0.9966115355491638,1.0175000429153442,0.957830011844635,1.3090033531188965,1.54659903049469,83.79000091552734,0.7426109910011292
2010-12-23,0.9994003772735596,1.0125000476837158,0.9513999819755554,1.3115441799163818,1.5404047966003418,83.55999755859375,0.7429972290992737
2010-12-24,1.0042983293533325,1.0094000101089478,0.9574999809265137,1.31271493434906,1.544640064239502,83.0199966430664,0.7486711144447327
2010-12-27,1.0003300905227661,1.0099999904632568,0.9634000062942505,1.3079760074615479,1.541378378868103,82.91899871826172,0.7467144727706909
2010-12-28,1.0058034658432007,1.0057100057601929,0.9585999846458435,1.3189654350280762,1.54421067237854,82.72000122070312,0.7505817413330078
2010-12-29,1.0095809698104858,1.0020899772644043,0.9519299864768982,1.3086265325546265,1.5355793237686157,82.35600280761719,0.7548878788948059
2010-12-30,1.0173975229263306,0.9998000264167786,0.9446300268173218,1.3224539756774902,1.550195336341858,81.61799621582031,0.7668711543083191
2010-12-31,1.0157749652862549,0.9995999932289124,0.934499979019165,1.3301233053207397,1.5437101125717163,81.4800033569336,0.7714858651161194
2011-01-03,1.021440029144287,0.9926999807357788,0.9319999814033508,1.3357912302017212,1.5572443008422852,81.12300109863281,0.7786949276924133
2011-01-04,1.016911268234253,0.992389976978302,0.9342399835586548,1.3356841802597046,1.5489706993103027,81.66999816894531,0.7736943960189819
2011-01-05,1.0072014331817627,0.996999979019165,0.9472000002861023,1.3321077823638916,1.5597946643829346,82.03800201416016,0.7678722143173218
2011-01-06,0.9998999834060669,0.9965000152587891,0.9658100008964539,1.3156856298446655,1.5512052774429321,83.18900299072266,0.7583800554275513
2011-01-07,0.9930486679077148,0.9975000023841858,0.9659000039100647,1.2979933023452759,1.5450935363769531,83.30000305175781,0.7559149861335754
2011-01-10,0.9952229857444763,0.9918000102043152,0.9666000008583069,1.289507269859314,1.5540015697479248,83.02999877929688,0.7597051858901978
2011-01-11,0.9947279095649719,0.9926000237464905,0.9659000039100647,1.2964956760406494,1.5589923858642578,82.70999908447266,0.7634752988815308
2011-01-12,0.982221782207489,0.9891700148582458,0.9734699726104736,1.2983977794647217,1.5607929229736328,83.33999633789062,0.759013295173645
2011-01-13,0.9958176016807556,0.9864000082015991,0.9671000242233276,1.3128355741500854,1.5749272108078003,83.06999969482422,0.762427568435669
2011-01-14,0.9982032775878906,0.9890300035476685,0.9638800024986267,1.335327386856079,1.5842838287353516,82.76200103759766,0.7720815539360046
2011-01-17,0.9908838868141174,0.9874399900436401,0.963699996471405,1.3380253314971924,1.588133454322815,82.88700103759766,0.7692899107933044
2011-01-18,0.9929500818252563,0.9872000217437744,0.9646000266075134,1.3283917903900146,1.590002179145813,82.66999816894531,0.772320032119751
2011-01-19,0.9977052807807922,0.9921000003814697,0.9638000130653381,1.3378105163574219,1.5962965488433838,82.61199951171875,0.7719622850418091
2011-01-20,0.9969095587730408,0.9952700138092041,0.9557999968528748,1.3452069759368896,1.5974185466766357,82.15499877929688,0.7652866244316101
2011-01-21,0.9859015941619873,0.9969000220298767,0.9667999744415283,1.3468012809753418,1.5909886360168457,82.91999816894531,0.7551729083061218
2011-01-24,0.9896091222763062,0.993399977684021,0.9581999778747559,1.361952543258667,1.5993857383728027,82.58599853515625,0.759013295173645
2011-01-25,0.9976056814193726,0.9934599995613098,0.9491999745368958,1.3644053936004639,1.5986443758010864,82.54199981689453,0.7645260095596313
2011-01-26,0.9952229857444763,0.9968000054359436,0.9420999884605408,1.3686069250106812,1.582003116607666,82.26000213623047,0.767754316329956
2011-01-27,0.999300479888916,0.9944900274276733,0.9426000118255615,1.3710086345672607,1.5929908752441406,82.16300201416016,0.7733952403068542
2011-01-28,0.9900990128517151,0.995199978351593,0.9460399746894836,1.3723068237304688,1.5926862955093384,82.88500213623047,0.772320032119751
2011-01-31,0.9873617887496948,1.0023000240325928,0.9417999982833862,1.3572757244110107,1.5829297304153442,82.08899688720703,0.7694675326347351
2011-02-01,0.9974067807197571,0.9998999834060669,0.9431999921798706,1.3713847398757935,1.6030007600784302,82.06999969482422,0.7729169726371765
2011-02-02,1.0110814571380615,0.9901999831199646,0.9351999759674072,1.382991909980774,1.6136059761047363,81.39099884033203,0.7822889685630798
2011-02-03,1.0116031169891357,0.987500011920929,0.9395999908447266,1.3817880153656006,1.6204829216003418,81.49299621582031,0.774113655090332
2011-02-04,1.0146104097366333,0.9908000230789185,0.9462699890136719,1.362453579902649,1.6134496927261353,81.6500015258789,0.7729169726371765
2011-02-07,1.0125967264175415,0.987500011920929,0.9543799757957458,1.357496738433838,1.609968900680542,82.22000122070312,0.7701786756515503
2011-02-08,1.0133970975875854,0.9901000261306763,0.954800009727478,1.359194278717041,1.6129032373428345,82.28900146484375,0.7727975249290466
2011-02-09,1.0147957801818848,0.995199978351593,0.9632999897003174,1.3626948595046997,1.606632113456726,82.3030014038086,0.775494396686554
2011-02-10,1.0107953548431396,0.9939900040626526,0.9581999778747559,1.372099757194519,1.6101503372192383,82.41899871826172,0.7714858651161194
2011-02-11,1.0014019012451172,0.9958000183105469,0.9685999751091003,1.3601926565170288,1.6097097396850586,83.33999633789062,0.7618467211723328
2011-02-14,1.0015925168991089,0.9869999885559082,0.9736700057983398,1.3510043621063232,1.6003072261810303,83.44400024414062,0.7575184106826782
2011-02-15,1.00210440158844,0.9894999861717224,0.9704999923706055,1.3481086492538452,1.6028209924697876,83.41300201416016,0.7559149861335754
2011-02-16,0.997307300567627,0.9894099831581116,0.9659000039100647,1.3498555421829224,1.6136579513549805,83.71600341796875,0.7522190809249878
2011-02-17,1.0030291080474854,0.9843999743461609,0.9590799808502197,1.357533574104309,1.60929536819458,83.61000061035156,0.7555723190307617
2011-02-18,1.0121968984603882,0.9839000105857849,0.949400007724762,1.3626019954681396,1.6178088188171387,83.29000091552734,0.7588980793952942
2011-02-21,1.01449716091156,0.9850800037384033,0.9438999891281128,1.3713470697402954,1.6250914335250854,83.08000183105469,0.7635919451713562
2011-02-22,1.0087255239486694,0.9825999736785889,0.945900022983551,1.3682323694229126,1.6227970123291016,83.06600189208984,0.7637085914611816
2011-02-23,1.000400185585022,0.9896000027656555,0.9375,1.3673717975616455,1.6160049438476562,82.76000213623047,0.7481110692024231
2011-02-24,1.0027776956558228,0.9884099960327148,0.9319000244140625,1.3764055967330933,1.6235084533691406,82.43800354003906,0.7452675700187683
2011-02-25,1.0108054876327515,0.9820399880409241,0.9248200058937073,1.381998062133789,1.614439606666565,82.0469970703125,0.7514841556549072
2011-02-28,1.01449716091156,0.9775999784469604,0.9279999732971191,1.373437762260437,1.610046625137329,81.62200164794922,0.7521058917045593
2011-03-01,1.0187968015670776,0.9711099863052368,0.928820013999939,1.3821508884429932,1.6270480155944824,81.87300109863281,0.7530120611190796
2011-03-02,1.0136024951934814,0.9744399785995483,0.9283000230789185,1.3771828413009644,1.626280665397644,81.89800262451172,0.7474958896636963
2011-03-03,1.0160949230194092,0.9728000164031982,0.9233999848365784,1.3866548538208008,1.6332930326461792,81.8280029296875,0.7431076765060425
2011-03-04,1.0128017663955688,0.972599983215332,0.9319000244140625,1.3958877325057983,1.6274452209472656,82.36699676513672,0.7399733662605286
2011-03-07,1.0147030353546143,0.971750020980835,0.9261000156402588,1.3990709781646729,1.6268362998962402,82.34300231933594,0.7376807332038879
2011-03-08,1.012248158454895,0.9730799794197083,0.9264100193977356,1.3963944911956787,1.619852900505066,82.29199981689453,0.7374087572097778
2011-03-09,1.0092039108276367,0.97079998254776,0.9350000023841858,1.3897961378097534,1.6163444519042969,82.80000305175781,0.7403568625450134
2011-03-10,1.0096625089645386,0.968559980392456,0.9298099875450134,1.3902212381362915,1.6200103759765625,82.83300018310547,0.7361059784889221
2011-03-11,1.0019036531448364,0.9749000072479248,0.9315999746322632,1.3801289796829224,1.6066062450408936,82.91799926757812,0.7346999049186707
2011-03-14,1.0101009607315063,0.9737899899482727,0.9283199906349182,1.3934563398361206,1.6071486473083496,81.28399658203125,0.7398091554641724
2011-03-15,1.0088882446289062,0.9739999771118164,0.9247300028800964,1.3992079496383667,1.6172070503234863,81.81999969482422,0.7390982508659363
2011-03-16,0.9940357208251953,0.9836000204086304,0.917900025844574,1.3986209630966187,1.607200264930725,81.05599975585938,0.7323861122131348
2011-03-17,0.9797198176383972,0.9923999905586243,0.9038599729537964,1.3884838819503784,1.5991301536560059,79.12799835205078,0.7221781015396118
2011-03-18,0.9841550588607788,0.9842100143432617,0.8993099927902222,1.4032920598983765,1.6143354177474976,79.5,0.7225955128669739
2011-03-21,0.9974067807197571,0.9835399985313416,0.9035900235176086,1.4170527458190918,1.6222968101501465,81.01499938964844,0.732225239276886
2011-03-22,1.0058844089508057,0.978600025177002,0.9049999713897705,1.4217066764831543,1.6308690309524536,81.20899963378906,0.7357268929481506
2011-03-23,1.0091021060943604,0.9818000197410583,0.9039999842643738,1.4168118238449097,1.6360185146331787,81.03900146484375,0.7395902872085571
2011-03-24,1.0132944583892822,0.9805200099945068,0.9078999757766724,1.4105963706970215,1.6249066591262817,80.86699676513672,0.7437156438827515
2011-03-25,1.0202000141143799,0.9764000177383423,0.9082800149917603,1.4171934127807617,1.6122010946273804,81.01399993896484,0.7510890364646912
2011-03-28,1.024233341217041,0.9811999797821045,0.9218999743461609,1.402603268623352,1.6004096269607544,81.4489974975586,0.7508071064949036
2011-03-29,1.02421236038208,0.9779999852180481,0.9166799783706665,1.4079747200012207,1.599078893661499,81.76000213623047,0.7510890364646912
2011-03-30,1.029198408126831,0.9742100238800049,0.9205999970436096,1.411113977432251,1.6009989976882935,82.41100311279297,0.7564868927001953
2011-03-31,1.0319172143936157,0.9714999794960022,0.9186000227928162,1.4121301174163818,1.6074068546295166,83.1500015258789,0.7620790004730225
2011-04-01,1.0333994626998901,0.9696999788284302,0.9193999767303467,1.415869116783142,1.60341215133667,83.36000061035156,0.7606876492500305
2011-04-04,1.0395010709762573,0.9629999995231628,0.9253900051116943,1.4223334789276123,1.61207115650177,84.22000122070312,0.768580436706543
2011-04-05,1.0363982915878296,0.9666000008583069,0.9229000210762024,1.422009825706482,1.613059401512146,84.12999725341797,0.7678722143173218
2011-04-06,1.0319066047668457,0.9635000228881836,0.9255899786949158,1.4219088554382324,1.6300981044769287,85.16000366210938,0.7675774693489075
2011-04-07,1.0435363054275513,0.9599000215530396,0.9178000092506409,1.4335273504257202,1.632493257522583,85.31999969482422,0.7777259349822998
2011-04-08,1.046101689338684,0.958899974822998,0.916100025177002,1.430206060409546,1.632120132446289,84.95999908447266,0.7774236798286438
2011-04-11,1.056602120399475,0.9558799862861633,0.9088000059127808,1.446215271949768,1.6374115943908691,85.04000091552734,0.7817997336387634
2011-04-12,1.0504974126815796,0.9559000134468079,0.906499981880188,1.4437931776046753,1.6344943046569824,84.62999725341797,0.7824726104736328
2011-04-13,1.0451068878173828,0.9621000289916992,0.8967900276184082,1.447638988494873,1.6256990432739258,83.5999984741211,0.7848061919212341
2011-04-14,1.0498026609420776,0.9625999927520752,0.8959000110626221,1.444210171699524,1.6268892288208008,83.78299713134766,0.7880220413208008
2011-04-15,,,,1.4432096481323242,,,
2011-04-18,1.0562005043029785,0.9599999785423279,0.8925999999046326,1.4412959814071655,1.6314011812210083,83.14700317382812,0.7970033288002014
2011-04-19,1.0487017631530762,0.9641000032424927,0.8959400057792664,1.4223941564559937,1.626121997833252,82.33399963378906,0.7860399484634399
2011-04-20,1.0535964965820312,0.9556000232696533,0.8991000056266785,1.433794617652893,1.6324398517608643,82.58000183105469,0.7895152568817139
2011-04-21,1.0681250095367432,0.9529100060462952,0.8885999917984009,1.4513999223709106,1.6394786834716797,82.44000244140625,0.7965589165687561
2011-04-22,1.0748989582061768,0.9528999924659729,0.8860700130462646,1.455498218536377,1.651473045349121,81.89700317382812,0.8014747500419617
2011-04-25,1.0759861469268799,0.9530799984931946,0.885699987411499,1.4557099342346191,1.6528105735778809,81.87000274658203,0.802825927734375
2011-04-26,1.0726046562194824,0.9538999795913696,0.8809000253677368,1.4578959941864014,1.6501922607421875,81.83999633789062,0.8001920580863953
2011-04-27,1.0794240236282349,0.9505000114440918,0.8701800107955933,1.4687954187393188,1.6509006023406982,81.51100158691406,0.8074283599853516
2011-04-28,1.0855170488357544,0.9508000016212463,0.8750200271606445,1.4779999256134033,1.6627867221832275,82.2040023803711,0.8025038242340088
2011-04-29,1.093900442123413,0.9502000212669373,0.8729000091552734,1.4844063520431519,1.665001630783081,81.52999877929688,0.8041170835494995
2011-05-02,1.0960345268249512,0.9454299807548523,0.8652899861335754,1.4793994426727295,1.6688083410263062,81.22699737548828,0.8084728121757507
2011-05-03,1.0950024127960205,0.951200008392334,0.8647000193595886,1.4823819398880005,1.666000247001648,81.18000030517578,0.80560702085495
2011-05-04,1.0853991508483887,0.9524999856948853,0.8610000014305115,1.4833273887634277,1.6496477127075195,80.96900177001953,0.7994883060455322
2011-05-05,1.075002908706665,0.9580000042915344,0.861020028591156,1.4829754829406738,1.6497021913528442,80.63999938964844,0.7933988571166992
2011-05-06,1.0606027841567993,0.9660599827766418,0.8698999881744385,1.454439640045166,1.6385921239852905,80.41699981689453,0.7874636054039001
2011-05-09,1.071593165397644,0.9641000032424927,0.8783100247383118,1.4352967739105225,1.6358044147491455,80.73400115966797,0.7900142073631287
2011-05-10,1.080100178718567,0.9634000062942505,0.8712000250816345,1.4376078844070435,1.6411738395690918,80.24199676513672,0.7930842638015747
2011-05-11,1.0847986936569214,0.956570029258728,0.8801400065422058,1.44110906124115,1.6370095014572144,81.01100158691406,0.7954816818237305
2011-05-12,1.0712946653366089,0.9599000215530396,0.8859999775886536,1.4211004972457886,1.6367415189743042,81.01000213623047,0.79107666015625
2011-05-13,1.0666552782058716,0.9630900025367737,0.8841999769210815,1.423791527748108,1.62839937210083,81.04000091552734,0.7947861552238464
2011-05-16,1.0557209253311157,0.9692000150680542,0.8931000232696533,1.4077963829040527,1.6175994873046875,80.81700134277344,0.7857928276062012
2011-05-17,1.0573842525482178,0.9746999740600586,0.8844000101089478,1.415808916091919,1.620929479598999,80.78199768066406,0.7805182337760925
2011-05-18,1.0636035203933716,0.9714999794960022,0.8788800239562988,1.4268999099731445,1.6253026723861694,81.4209976196289,0.786596417427063
2011-05-19,1.0630042552947998,0.9693999886512756,0.8809300065040588,1.4255167245864868,1.6165013313293457,81.66100311279297,0.7898269891738892
2011-05-20,1.066996693611145,0.96670001745224,0.8811900019645691,1.4316186904907227,1.6231921911239624,81.71399688720703,0.7915149927139282
2011-05-23,1.0628347396850586,0.9750000238418579,0.8780999779701233,1.4105764627456665,1.6214288473129272,81.73999786376953,0.7930213809013367
2011-05-24,1.0505526065826416,0.9775000214576721,0.8841000199317932,1.403666377067566,1.6108766794204712,81.95700073242188,0.7900766730308533
2011-05-25,1.0558992624282837,0.9764000177383423,0.8798999786376953,1.4099003076553345,1.6184896230697632,82.0479965209961,0.7978299260139465
2011-05-26,1.0536963939666748,0.977400004863739,0.8723000288009644,1.4084903001785278,1.6279751062393188,82.02200317382812,0.7980208992958069
2011-05-27,1.0625749826431274,0.9790999889373779,0.8654299974441528,1.4135074615478516,1.6385383605957031,81.2699966430664,0.8092579245567322
2011-05-30,1.0706982612609863,0.9769999980926514,0.8503000140190125,1.4297356605529785,1.6511186361312866,80.83100128173828,0.8189337849617004
2011-05-31,1.070297122001648,0.9766600131988525,0.8507000207901001,1.4322338104248047,1.6487774848937988,80.87999725341797,0.8188666701316833
2011-06-01,1.0682048797607422,0.9674000144004822,0.8529199957847595,1.4427932500839233,1.646497130393982,81.4530029296875,0.8254911303520203
2011-06-02,1.0634112358093262,0.9768000245094299,0.84170001745224,1.434493899345398,1.633426547050476,80.89399719238281,0.8155941963195801
2011-06-03,1.0670992136001587,0.9750000238418579,0.8428999781608582,1.4486035108566284,1.6361523866653442,80.97000122070312,0.8149959444999695
2011-06-06,1.075002908706665,0.9765999913215637,0.8341000080108643,1.465502142906189,1.6454133987426758,80.22000122070312,0.8169934749603271
2011-06-07,1.072995901107788,0.9797999858856201,0.8349999785423279,1.458299994468689,1.6357241868972778,80.12000274658203,0.8145976066589355
2011-06-08,1.0720986127853394,0.9740099906921387,0.8366299867630005,1.4686013460159302,1.6443040370941162,80.16999816894531,0.8214901685714722
2011-06-09,1.064407229423523,0.979200005531311,0.8356000185012817,1.4601950645446777,1.6407967805862427,79.88999938964844,0.822571337223053
2011-06-10,1.062699317932129,0.9733999967575073,0.8410999774932861,1.451568365097046,1.6365541219711304,80.29000091552734,0.8261049389839172
2011-06-13,1.0538963079452515,0.9796000123023987,0.8422999978065491,1.4332603216171265,1.6226128339767456,80.33999633789062,0.8206138014793396
2011-06-14,1.0607041120529175,0.9763100147247314,0.8367999792098999,1.4416908025741577,1.6374115943908691,80.1760025024414,0.8169267177581787
2011-06-15,1.069415807723999,0.968500018119812,0.8445000052452087,1.4450031518936157,1.6377333402633667,80.54000091552734,0.8190008401870728
2011-06-16,1.0575966835021973,0.9782400131225586,0.852400004863739,1.4181982278823853,1.6195906400680542,80.87999725341797,0.806126594543457
2011-06-17,1.0562005043029785,0.9814000129699707,0.8483999967575073,1.419909954071045,1.6161093711853027,80.5770034790039,0.8059316277503967
2011-06-20,1.0603779554367065,0.9807000160217285,0.8489999771118164,1.4285101890563965,1.6178088188171387,80.07599639892578,0.81089848279953
2011-06-21,1.0595015287399292,0.9792199730873108,0.8449000120162964,1.4325416088104248,1.6206929683685303,80.23400115966797,0.8105698227882385
2011-06-22,1.0597037076950073,0.9722800254821777,0.8421000242233276,1.4381660223007202,1.6225336790084839,80.22100067138672,0.8124136328697205
2011-06-23,1.055297613143921,0.9738799929618835,0.8408700227737427,1.4314342737197876,1.6059871912002563,80.38300323486328,0.8145312666893005
2011-06-24,1.0535964965820312,0.9776999950408936,0.8377000093460083,1.427001714706421,1.602615475654602,80.44000244140625,0.8147303462028503
2011-06-27,1.0472848415374756,0.9889000058174133,0.8345800042152405,1.4171332120895386,1.5962965488433838,80.45999908447266,0.8045699596405029
2011-06-28,1.0460032224655151,0.9854000210762024,0.8339999914169312,1.4316802024841309,1.5990022420883179,80.8499984741211,0.8059965968132019
2011-06-29,1.0536963939666748,0.9817000031471252,0.8325999975204468,1.4357914924621582,1.5987977981567383,81.08000183105469,0.81089848279953
2011-06-30,1.0692671537399292,0.9674000144004822,0.8331000208854675,1.4478904008865356,1.6075878143310547,80.70999908447266,0.8261731863021851
2011-07-01,1.071799874305725,0.9638000130653381,0.8411499857902527,1.4496954679489136,1.6048015356063843,80.5999984741211,0.8283631205558777
2011-07-04,1.0777952671051025,0.9585999846458435,0.847599983215332,1.4539955854415894,1.6068129539489746,80.87999725341797,0.8283631205558777
2011-07-05,1.07449471950531,0.9593999981880188,0.8471699953079224,1.4553074836730957,1.6097097396850586,80.73300170898438,0.8323622345924377
2011-07-06,1.0691642761230469,0.9627000093460083,0.8406000137329102,1.4428139925003052,1.606787085533142,81.06999969482422,0.8265829086303711
2011-07-07,1.0695987939834595,0.9646999835968018,0.8392999768257141,1.4331575632095337,1.6008964776992798,80.93800354003906,0.8276090621948242
2011-07-08,1.0772960186004639,0.9581999778747559,0.8446999788284302,1.4364513158798218,1.5981078147888184,81.2300033569336,0.8322237133979797
2011-07-11,1.0722020864486694,0.9626200199127197,0.8367999792098999,1.4201923608779907,1.6025898456573486,80.6500015258789,0.8347941637039185
2011-07-12,1.0642033815383911,0.9682000279426575,0.8356999754905701,1.4040604829788208,1.5908114910125732,80.29000091552734,0.8265146017074585
2011-07-13,1.0587948560714722,0.9657999873161316,0.8313999772071838,1.3969016075134277,1.5918244123458862,79.31800079345703,0.8177283406257629
2011-07-14,1.0777952671051025,0.9567000269889832,0.810949981212616,1.4234267473220825,1.6168148517608643,78.91999816894531,0.8494011759757996
2011-07-15,1.072593092918396,0.9595000147819519,0.8151999711990356,1.4157286882400513,1.6149089336395264,79.18000030517578,0.8421761989593506
2011-07-18,1.064803957939148,0.9538999795913696,0.8107799887657166,1.4123096466064453,1.6111880540847778,79.11299896240234,0.8476731181144714
2011-07-19,1.061311960220337,0.9593999981880188,0.8173999786376953,1.411193609237671,1.6058323383331299,79.05000305175781,0.8441668152809143
2011-07-20,1.0743907690048218,0.949999988079071,0.8240900039672852,1.417293906211853,1.6137100458145142,79.1259994506836,0.856531023979187
2011-07-21,1.0770175457000732,0.946399986743927,0.8228999972343445,1.427001714706421,1.6159266233444214,78.75399780273438,0.8585901856422424
2011-07-22,1.0837758779525757,0.9437699913978577,0.8173499703407288,1.4420026540756226,1.6323332786560059,78.58399963378906,0.8626639246940613
2011-07-25,1.0845986604690552,0.9491000175476074,0.8134999871253967,1.4388489723205566,1.6315076351165771,78.37999725341797,0.8651267290115356
2011-07-26,1.0847046375274658,0.9468299746513367,0.8066700100898743,1.4371533393859863,1.6280810832977295,78.30000305175781,0.8622176051139832
2011-07-27,1.0959985256195068,0.9431999921798706,0.8015199899673462,1.450810194015503,1.642602562904358,77.91400146484375,0.8726764917373657
2011-07-28,1.10349702835083,0.9488800168037415,0.801360011100769,1.4372979402542114,1.6327331066131592,77.93000030517578,0.8716115951538086
2011-07-29,1.1000010967254639,0.9495999813079834,0.8012499809265137,1.4331985712051392,1.6368486881256104,77.7300033569336,0.8706251382827759
2011-08-01,1.1017341613769531,0.9541000127792358,0.7907900214195251,1.4363688230514526,1.6412007808685303,77.21299743652344,0.8817564845085144
2011-08-02,1.0978032350540161,0.9552900195121765,0.7847999930381775,1.4262080192565918,1.6309223175048828,77.45999908447266,0.8770390748977661
2011-08-03,1.0748873949050903,0.9614999890327454,0.7651000022888184,1.417333960533142,1.6278691291809082,77.33499908447266,0.8628127574920654
2011-08-04,1.0760903358459473,0.9610999822616577,0.7705399990081787,1.4352967739105225,1.6434123516082764,77.11199951171875,0.8661758303642273
2011-08-05,1.0429050922393799,0.9807000160217285,0.7659000158309937,1.4067071676254272,1.6235874891281128,79.29000091552734,0.8298066258430481
2011-08-08,1.038303017616272,0.9857000112533569,0.7613700032234192,1.4294085502624512,1.6416587829589844,78.25399780273438,0.8370302319526672
2011-08-09,1.0129249095916748,0.9922199845314026,0.7538999915122986,1.4170728921890259,1.6320136785507202,77.58499908447266,0.8165932297706604
2011-08-10,1.0383893251419067,0.9800999760627747,0.7228000164031982,1.4383108615875244,1.6314810514450073,77.05000305175781,0.8396305441856384
2011-08-11,1.012996792793274,0.9952999949455261,0.7261999845504761,1.4124692678451538,1.6118113994598389,76.75900268554688,0.8089960813522339
2011-08-12,1.0338268280029297,0.9855999946594238,0.7617999911308289,1.4226369857788086,1.6227970123291016,76.86000061035156,0.8293249011039734
2011-08-15,1.038303017616272,0.9886000156402588,0.7827000021934509,1.4274091720581055,1.6293280124664307,76.81999969482422,0.8349335789680481
2011-08-16,1.0487346649169922,0.9814000129699707,0.7842000126838684,1.4438347816467285,1.6385921239852905,76.83999633789062,0.8338892459869385
2011-08-17,1.0476031303405762,0.9828000068664551,0.7955999970436096,1.439801812171936,1.644087791442871,76.75399780273438,0.8338892459869385
2011-08-18,1.0539518594741821,0.9800000190734863,0.7894499897956848,1.4429181814193726,1.6540955305099487,76.5469970703125,0.8359106779098511
2011-08-19,1.0379257202148438,0.9905800223350525,0.7940999865531921,1.4324390888214111,1.6507915258407593,76.63700103759766,0.8229774832725525
2011-08-22,1.0384970903396606,0.9909999966621399,0.7875999808311462,1.4369261264801025,1.6477993726730347,76.78600311279297,0.8194034695625305
2011-08-23,1.0398037433624268,0.9904000163078308,0.7894999980926514,1.436100721359253,1.6466054916381836,76.83200073242188,0.8233163356781006
2011-08-24,1.052398920059204,0.9879000186920166,0.792900025844574,1.4437098503112793,1.649811029434204,76.66000366210938,0.8340979218482971
2011-08-25,1.046331524848938,0.987500011920929,0.7952499985694885,1.44123375415802,1.6370095014572144,77.0530014038086,0.8295313119888306
2011-08-26,1.0441792011260986,0.988099992275238,0.7940000295639038,1.4372979402542114,1.6283197402954102,77.43499755859375,0.8282259702682495
2011-08-29,1.0579659938812256,0.981410026550293,0.8079500198364258,1.449506402015686,1.6350021362304688,76.68199920654297,0.8404067158699036
2011-08-30,1.0679539442062378,0.9761000275611877,0.8166599869728088,1.4524328708648682,1.641497015953064,76.93299865722656,0.8483203649520874
2011-08-31,1.0676004886627197,0.978600025177002,0.819100022315979,1.4433138370513916,1.6307626962661743,76.70099639892578,0.8523696064949036
2011-09-01,1.0689127445220947,0.9779999852180481,0.8066999912261963,1.4374631643295288,1.6251442432403564,76.7300033569336,0.8528057336807251
2011-09-02,1.0723055601119995,0.9760000109672546,0.7950000166893005,1.4262080192565918,1.6188040971755981,76.86000061035156,0.8519338965415955
2011-09-05,1.0609854459762573,0.9869999885559082,0.7901999950408936,1.4157688617706299,1.6172070503234863,76.9020004272461,0.8438819050788879
2011-09-06,1.051513671875,0.9911999702453613,0.7854999899864197,1.4063115119934082,1.609994888305664,76.9020004272461,0.8280202150344849
2011-09-07,1.0491968393325806,0.989799976348877,0.8615000247955322,1.4003249406814575,1.5948200225830078,77.61799621582031,0.8250144124031067
2011-09-08,1.0650761127471924,0.9840800166130066,0.8586000204086304,1.4085696935653687,1.5985933542251587,77.3010025024414,0.8340979218482971
2011-09-09,1.0607378482818604,0.9881700277328491,0.8743100166320801,1.3904144763946533,1.5977503061294556,77.50800323486328,0.8355615139007568
2011-09-12,1.0442010164260864,0.9977999925613403,0.8867999911308289,1.3600815534591675,1.5856908559799194,77.46299743652344,0.8200082182884216
2011-09-13,1.0351645946502686,0.9926000237464905,0.8815600275993347,1.3660268783569336,1.5858668088912964,77.18000030517578,0.8241984844207764
2011-09-14,1.0319278240203857,0.9855999946594238,0.8798999786376953,1.3686069250106812,1.5786067247390747,76.93199920654297,0.8231130242347717
2011-09-15,1.0276963710784912,0.9898800253868103,0.8760700225830078,1.3746082782745361,1.5769885778427124,76.677001953125,0.8192020654678345
2011-09-16,1.0325992107391357,0.9847999811172485,0.8707600235939026,1.3869048357009888,1.579304814338684,76.73400115966797,0.8231130242347717
2011-09-19,1.0312999486923218,0.9817000031471252,0.8799999952316284,1.3701446056365967,1.5724011659622192,76.91000366210938,0.8258320689201355
2011-09-20,1.0151047706604004,0.9936000108718872,0.8859999775886536,1.3605626821517944,1.5659990310668945,76.59600067138672,0.8179290294647217
2011-09-21,1.0251994132995605,0.9933199882507324,0.8873999714851379,1.369394063949585,1.5734156370162964,76.46299743652344,0.8220303654670715
2011-09-22,1.0061981678009033,1.0057400465011597,0.8993800282478333,1.3586033582687378,1.5508204698562622,76.53800201416016,0.800000011920929
2011-09-23,0.9765624403953552,1.027999997138977,0.9075000286102295,1.348090410232544,1.536169171333313,76.30599975585938,0.7830854058265686
2011-09-26,0.982607901096344,1.0273000001907349,0.9035000205039978,1.3547013998031616,1.549330711364746,76.54000091552734,0.7760962843894958
2011-09-27,0.9821252822875977,1.0255000591278076,0.9020000100135803,1.351807951927185,1.5552583932876587,76.33599853515625,0.7796663045883179
2011-09-28,0.9904912114143372,1.0199899673461914,0.8964700102806091,1.3582342863082886,1.5639907121658325,76.80799865722656,0.7880220413208008
2011-09-29,0.9747538566589355,1.03410005569458,0.901199996471405,1.3537662029266357,1.5576082468032837,76.54000091552734,0.7745933532714844
2011-09-30,0.9764671921730042,1.0372999906539917,0.897629976272583,1.3585848808288574,1.5599408149719238,76.76499938964844,0.7691715955734253
2011-10-03,0.9676794409751892,1.0499999523162842,0.9093999862670898,1.336094617843628,1.5583120584487915,77.19000244140625,0.7631840109825134
2011-10-04,0.9524716138839722,1.0532000064849854,0.9200999736785889,1.3195048570632935,1.5435909032821655,76.59200286865234,0.7523888349533081
2011-10-05,0.9556575417518616,1.0539799928665161,0.9190000295639038,1.3330134153366089,1.547029733657837,76.76000213623047,0.7591862082481384
2011-10-06,0.9640412926673889,1.0419299602508545,0.9236999750137329,1.333991527557373,1.54659903049469,76.78199768066406,0.7655795216560364
2011-10-07,0.9741841554641724,1.037600040435791,0.9197999835014343,1.3428946733474731,1.5434480905532837,76.65799713134766,0.7688758969306946
2011-10-10,0.9767532348632812,1.0377999544143677,0.9262999892234802,1.3385984897613525,1.5533015727996826,76.7699966430664,0.7698822021484375
2011-10-11,0.9984025359153748,1.0266000032424927,0.90420001745224,1.3635495901107788,1.5658273696899414,76.66000366210938,0.7841292023658752
2011-10-12,0.9956192374229431,1.027940034866333,0.9084399938583374,1.3645730018615723,1.5588949918746948,76.66699981689453,0.7803964614868164
2011-10-13,1.015960693359375,1.017799973487854,0.8947299718856812,1.379196286201477,1.5747783184051514,77.18000030517578,0.7956715226173401
2011-10-14,1.0154036283493042,1.023300051689148,0.8996000289916992,1.3735508918762207,1.5745056867599487,76.87999725341797,0.7920791506767273
2011-10-17,1.0342117547988892,1.0094000101089478,0.8916000127792358,1.3879058361053467,1.5826289653778076,77.22000122070312,0.8043111562728882
2011-10-18,1.0170042514801025,1.0224000215530396,0.8981000185012817,1.3744003772735596,1.5745056867599487,76.83100128173828,0.7925814390182495
2011-10-19,1.0253045558929443,1.0151400566101074,0.899399995803833,1.3740037679672241,1.57086980342865,76.7770004272461,0.7942811846733093
2011-10-20,1.0238558053970337,1.018589973449707,0.9028900265693665,1.3765003681182861,1.5777100324630737,76.80000305175781,0.7930842638015747
2011-10-21,1.0230493545532227,1.0161999464035034,0.8938000202178955,1.377903938293457,1.579604148864746,76.86000061035156,0.7933988571166992
2011-10-24,1.031991720199585,1.0092999935150146,0.8837000131607056,1.3847730159759521,1.5943114757537842,76.20999908447266,0.8014747500419617
2011-10-25,1.046725869178772,1.0032999515533447,0.8805000185966492,1.3922340869903564,1.5996673107147217,76.13200378417969,0.8054123520851135
2011-10-26,1.042872428894043,1.0164999961853027,0.8784000277519226,1.3904531002044678,1.599846363067627,76.10900115966797,0.7974482178688049
2011-10-27,1.0399010181427002,1.003999948501587,0.881600022315979,1.387694001197815,1.5959653854370117,76.18399810791016,0.800000011920929
2011-10-28,1.0697017908096313,0.9921000003814697,0.8604000210762024,1.4173942804336548,1.608777403831482,75.93000030517578,0.8220303654670715
2011-10-31,1.0673953294754028,0.9937000274658203,0.8622999787330627,1.4140071868896484,1.6111880540847778,75.73999786376953,0.8196049332618713
2011-11-01,1.0545074939727783,0.9988999962806702,0.8772000074386597,1.386001467704773,1.6080013513565063,78.30799865722656,0.8082767128944397
2011-11-02,1.0307046175003052,1.0205999612808228,0.8892999887466431,1.3655978441238403,1.5940066576004028,78.30599975585938,0.7930213809013367
2011-11-03,1.0253045558929443,1.018090009689331,0.8863000273704529,1.3690004348754883,1.5911911725997925,78.13899993896484,0.7830240726470947
2011-11-04,1.0418511629104614,1.0079200267791748,0.877839982509613,1.382991909980774,1.6037206649780273,78.0530014038086,0.7963051199913025
2011-11-07,1.0395983457565308,1.0166000127792358,0.8910999894142151,1.3789299726486206,1.6032835245132446,78.12999725341797,0.7966857552528381
2011-11-08,1.0362157821655273,1.013700008392334,0.901199996471405,1.3760079145431519,1.6061934232711792,78.0770034790039,0.7954816818237305
2011-11-09,1.0378719568252563,1.0092999935150146,0.8947299718856812,1.3826478719711304,1.6098912954330444,77.70800018310547,0.7971938848495483
2011-11-10,1.013900637626648,1.023800015449524,0.9107000231742859,1.3526674509048462,1.5914950370788574,77.75800323486328,0.7802137732505798
2011-11-11,1.0152902603149414,1.0163300037384033,0.9057700037956238,1.3610072135925293,1.594209909439087,77.6520004272461,0.7774840593338013
2011-11-14,1.0333033800125122,1.0094000101089478,0.8992000222206116,1.3787018060684204,1.6076911687850952,77.15599822998047,0.7912018299102783
2011-11-15,1.0205748081207275,1.0167399644851685,0.9083999991416931,1.362416386604309,1.590002179145813,77.0790023803711,0.7774840593338013
2011-11-16,1.01449716091156,1.0226000547409058,0.9176999926567078,1.350712537765503,1.5805778503417969,77.05999755859375,0.7694082856178284
2011-11-17,1.0052978992462158,1.0252000093460083,0.921500027179718,1.3441040515899658,1.5707957744598389,77.06099700927734,0.7633588314056396
2011-11-18,0.9984025359153748,1.0292999744415283,0.9218999743461609,1.3458044528961182,1.575200080871582,76.95800018310547,0.7587253451347351
2011-11-21,0.9998000264167786,1.0276999473571777,0.9161499738693237,1.3529969453811646,1.5777100324630737,76.83899688720703,0.7552869915962219
2011-11-22,0.9852216839790344,1.0393099784851074,0.9175999760627747,1.348435878753662,1.5638928413391113,76.9000015258789,0.7494566440582275
2011-11-23,0.9849305152893066,1.0378400087356567,0.9132900238037109,1.3521919250488281,1.5648962259292603,76.97000122070312,0.7492882013320923
2011-11-24,0.9699320793151855,1.0479099750518799,0.9196100234985352,1.3352025747299194,1.5528672933578491,77.27200317382812,0.7399733662605286
2011-11-25,0.9708738327026367,1.047700047492981,0.9204999804496765,1.3331022262573242,1.547700047492981,77.16600036621094,0.7413997650146484
2011-11-28,0.9828009605407715,1.0410399436950684,0.9276999831199646,1.3313452005386353,1.5489946603775024,77.66699981689453,0.7505254149436951
2011-11-29,0.9907857179641724,1.0348000526428223,0.9226999878883362,1.3316997289657593,1.5500991344451904,78.08100128173828,0.7554011344909668
2011-11-30,1.0018032789230347,1.0321199893951416,0.9211900234222412,1.3324095010757446,1.5597946643829346,77.95999908447266,0.7634170055389404
2011-12-01,1.025483250617981,1.0180000066757202,0.9137099981307983,1.3443931341171265,1.5707216262817383,77.58300018310547,0.7791802883148193
2011-12-02,1.0222963094711304,1.0142300128936768,0.9155300259590149,1.346692442893982,1.568307638168335,77.75,0.7796055674552917
2011-12-05,1.0240026712417603,1.0170999765396118,0.9201300144195557,1.3419036865234375,1.5609878301620483,78.08000183105469,0.7800920009613037
2011-12-06,1.0256620645523071,1.0168999433517456,0.9215999841690063,1.3386701345443726,1.564308762550354,77.81199645996094,0.7802746295928955
2011-12-07,1.0249052047729492,1.0090399980545044,0.9251000285148621,1.3412017822265625,1.5606955289840698,77.75,0.7802137732505798
2011-12-08,1.0276541709899902,1.0094499588012695,0.9241700172424316,1.3403747081756592,1.5700312852859497,77.6729965209961,0.7805182337760925
2011-12-09,1.017822027206421,1.0223000049591064,0.925599992275238,1.3345433473587036,1.5637950897216797,77.68000030517578,0.7726781368255615
2011-12-12,1.0206997394561768,1.018399953842163,0.9255200028419495,1.3371665477752686,1.5654107332229614,77.61199951171875,0.774713397026062
2011-12-13,1.0041571855545044,1.0276000499725342,0.9386000037193298,1.3171066045761108,1.5580692291259766,77.93900299072266,0.7620790004730225
2011-12-14,0.9989012479782104,1.0343999862670898,0.9461899995803833,1.3019137382507324,1.5480115413665771,77.96099853515625,0.7560864686965942
2011-12-15,0.9902951717376709,1.0388000011444092,0.9538000226020813,1.2988024950027466,1.5475084781646729,78.10800170898438,0.7497376203536987
2011-12-16,0.9938382506370544,1.0333000421524048,0.9397000074386597,1.302965521812439,1.5522888898849487,77.83999633789062,0.7559149861335754
2011-12-19,0.9964129328727722,1.0384000539779663,0.9362999796867371,1.3036959171295166,1.5525058507919312,77.80999755859375,0.7618467211723328
2011-12-20,0.9917683601379395,1.0377999544143677,0.9366999864578247,1.3007792234420776,1.550988793373108,78.01000213623047,0.756887674331665
2011-12-21,1.007901906967163,1.028499960899353,0.9312999844551086,1.3087977170944214,1.567103385925293,77.83999633789062,0.7685213685035706
2011-12-22,1.0074145793914795,1.0273000001907349,0.9362999796867371,1.3040019273757935,1.567103385925293,78.06999969482422,0.7686986327171326
2011-12-23,1.0133970975875854,1.0210000276565552,0.9354000091552734,1.3056023120880127,1.5679880380630493,78.16000366210938,0.7741735577583313
2011-12-26,1.0157955884933472,1.020400047302246,0.9365000128746033,1.3044953346252441,1.5596973896026611,78.08000183105469,0.7744133472442627
2011-12-27,1.0160020589828491,1.0204999446868896,0.9366000294685364,1.3050570487976074,1.5618897676467896,78.02999877929688,0.7743534445762634
2011-12-28,1.0147957801818848,1.0194000005722046,0.9341999888420105,1.307206630706787,1.5664896965026855,77.87000274658203,0.7720219492912292
2011-12-29,1.0078917741775513,1.0253000259399414,0.9434000253677368,1.292724609375,1.5444016456604004,77.94599914550781,0.7679312229156494
2011-12-30,1.0140959024429321,1.020300030708313,0.9401900172233582,1.2956053018569946,1.5415922403335571,77.65899658203125,0.7720815539360046
2012-01-02,1.0208040475845337,1.020900011062622,0.9380999803543091,1.2960082292556763,1.5512052774429321,77.0199966430664,0.7786949276924133
2012-01-03,1.0253992080688477,1.0174000263214111,0.9394000172615051,1.2940963506698608,1.5519996881484985,76.93000030517578,0.7810059189796448
2012-01-04,1.0370001792907715,1.0111000537872314,0.9319000244140625,1.3056023120880127,1.5644066333770752,76.72200012207031,0.7903888821601868
2012-01-05,1.0341261625289917,1.0133999586105347,0.9420999884605408,1.2931424379348755,1.5609389543533325,76.70999908447266,0.786596417427063
2012-01-06,1.0257041454315186,1.0196000337600708,0.9520999789237976,1.279606819152832,1.5501713752746582,77.1510009765625,0.78118896484375
2012-01-09,1.01980459690094,1.029099941253662,0.9585000276565552,1.2680377960205078,1.541948676109314,76.91000366210938,0.7800920009613037
2012-01-10,1.0253992080688477,1.0224000215530396,0.9478999972343445,1.2775959968566895,1.545905590057373,76.86000061035156,0.789016842842102
2012-01-11,1.0298025608062744,1.016700029373169,0.9506800174713135,1.2751848697662354,1.5474605560302734,76.8499984741211,0.7940919399261475
2012-01-12,1.03152334690094,1.0182000398635864,0.9531999826431274,1.272394061088562,1.5336012840270996,76.85800170898438,0.7982119917869568
2012-01-13,1.0336664915084839,1.0180000066757202,0.9437999725341797,1.2820513248443604,1.5342129468917847,76.77899932861328,0.7939028143882751
2012-01-16,1.0281190872192383,1.0242999792099,0.9544000029563904,1.2647020816802979,1.5300110578536987,76.91000366210938,0.7932101488113403
2012-01-17,1.032002329826355,1.0176000595092773,0.9553999900817871,1.2667046785354614,1.5324965715408325,76.81999969482422,0.7942811846733093
2012-01-18,1.0379796028137207,1.014799952507019,0.9490000009536743,1.2745997905731201,1.5338599681854248,76.81999969482422,0.8003841638565063
2012-01-19,1.041894555091858,1.0115000009536743,0.9387999773025513,1.2866039276123047,1.542995572090149,76.76699829101562,0.8032773733139038
2012-01-20,1.041590690612793,1.0115000009536743,0.932200014591217,1.2964956760406494,1.5488266944885254,77.08000183105469,0.8030193448066711
2012-01-23,1.0468025207519531,1.0149999856948853,0.9369500279426575,1.2884771823883057,1.554557204246521,76.95999908447266,0.8052178621292114
2012-01-24,1.052897572517395,1.007390022277832,0.9274600148200989,1.3026939630508423,1.5578993558883667,77.0,0.8115565776824951
2012-01-25,1.047998309135437,1.0089999437332153,0.9275000095367432,1.304103970527649,1.5626953840255737,77.68699645996094,0.8114906549453735
2012-01-26,1.0592883825302124,1.0044000148773193,0.9217000007629395,1.3107362985610962,1.5660971403121948,77.7699966430664,0.8175946474075317
2012-01-27,1.061582326889038,1.0024000406265259,,1.3092775344848633,1.5682092905044556,77.45999908447266,0.8208832740783691
2012-01-30,1.0637166500091553,1.0013999938964844,0.913100004196167,1.3207945823669434,1.5724011659622192,76.73200225830078,0.8237232565879822
2012-01-31,1.05860435962677,1.0024000406265259,,1.3139568567276,1.570845127105713,76.36000061035156,0.8194034695625305
2012-02-01,1.060805320739746,1.0029799938201904,0.9204000234603882,1.3077024221420288,1.5760440826416016,76.2699966430664,0.8243343830108643
2012-02-02,1.071799874305725,0.9975000023841858,0.9143999814987183,1.317002534866333,1.5842838287353516,76.18900299072266,0.8334722518920898
2012-02-03,1.0705033540725708,0.9994000196456909,0.9172999858856201,1.3137152194976807,1.5802781581878662,76.18000030517578,0.8320159912109375
2012-02-06,1.0751993656158447,0.9934999942779541,0.9190999865531921,1.31271493434906,1.5803030729293823,76.5510025024414,0.8341675400733948
2012-02-07,1.0722020864486694,0.9962000250816345,0.9193999767303467,1.3121638298034668,1.5812777280807495,76.55000305175781,0.8336807489395142
2012-02-08,1.0797970294952393,0.9950600266456604,0.9122300148010254,1.3248542547225952,1.5893198251724243,76.79000091552734,0.8352823853492737
2012-02-09,1.0787951946258545,0.9962999820709229,0.9132999777793884,1.3248542547225952,1.5812777280807495,77.05999755859375,0.8338196873664856
2012-02-10,1.0769131183624268,0.995199978351593,0.9121000170707703,1.3278449773788452,1.5812777280807495,77.63200378417969,0.8333333134651184
2012-02-13,1.0709046125411987,1.000100016593933,0.9138000011444092,1.3236793279647827,1.5782082080841064,77.69999694824219,0.830426812171936
2012-02-14,1.0705033540725708,1.0009000301361084,0.9185699820518494,1.3157894611358643,1.572574257850647,77.51000213623047,0.8320159912109375
2012-02-15,1.0704002380371094,0.9984999895095825,0.9194999933242798,1.3133701086044312,1.5691196918487549,78.36000061035156,0.8357011675834656
2012-02-16,1.0687299966812134,1.0003000497817993,0.9243000149726868,1.3058068752288818,1.568873643875122,78.4800033569336,0.8327088356018066
2012-02-17,1.0750607252120972,0.9966999888420105,0.9190999865531921,1.3126804828643799,1.5807777643203735,78.8239974975586,0.8359805941581726
2012-02-20,1.0803452730178833,0.9914000034332275,0.9144999980926514,1.3227163553237915,1.5869237184524536,79.78800201416016,0.8426019549369812
2012-02-21,1.0722020864486694,0.9948999881744385,0.9136000275611877,1.3204805850982666,1.5828293561935425,79.58599853515625,0.8376612663269043
2012-02-22,1.066996693611145,0.9965999722480774,0.9115999937057495,1.324327826499939,1.5790305137634277,79.83000183105469,0.8352823853492737
2012-02-23,1.0624960660934448,0.9998999834060669,0.9106000065803528,1.325574278831482,1.5672016143798828,80.27999877929688,0.8288437128067017
2012-02-24,1.0728002786636353,0.9972000122070312,0.9007999897003174,1.337363362312317,1.5745551586151123,79.93000030517578,0.8375911116600037
2012-02-27,1.0695186853408813,0.9995999932289124,0.8942000269889832,1.3467106819152832,1.5886884927749634,81.47100067138672,0.8359805941581726
2012-02-28,1.0759166479110718,0.9980999827384949,0.8985000252723694,1.3406623601913452,1.5832804441452026,80.46399688720703,0.8406187295913696
2012-02-29,1.0799602270126343,0.9937000274658203,0.89410001039505,1.3477997779846191,1.5922045707702637,80.4800033569336,0.8401949405670166
2012-03-01,1.0741138458251953,0.9883999824523926,0.9044700264930725,1.3320900201797485,1.5923566818237305,81.2760009765625,0.8350730538368225
2012-03-02,1.0807772874832153,0.9852499961853027,0.905489981174469,1.3322675228118896,1.595914363861084,81.12000274658203,0.8385040760040283
2012-03-05,1.072259545326233,0.9894000291824341,0.9146999716758728,1.318617582321167,1.5833055973052979,81.62699890136719,0.8295313119888306
2012-03-06,1.0677030086517334,0.9937999844551086,0.9117400050163269,1.3225764036178589,1.58755362033844,81.51799774169922,0.8217602372169495
2012-03-07,1.056602120399475,1.001099944114685,0.9184799790382385,1.3123359680175781,1.5723271369934082,80.66000366210938,0.8136696815490723
2012-03-08,1.0568814277648926,0.998199999332428,0.9169800281524658,1.3139914274215698,1.573564052581787,81.33799743652344,0.8145976066589355
2012-03-09,1.0644639730453491,0.9902999997138977,0.9081000089645386,1.327492356300354,1.582528829574585,81.58000183105469,0.8244022727012634
2012-03-12,1.0563342571258545,0.9902999997138977,0.9187999963760376,1.312508225440979,1.5672998428344727,82.37300109863281,0.8192691802978516
2012-03-13,1.0532968044281006,0.9914000034332275,0.9151999950408936,1.3168290853500366,1.5654351711273193,82.36299896240234,0.8200082182884216
2012-03-14,1.0542962551116943,0.9882000088691711,0.9233999848365784,1.30804443359375,1.5705984830856323,82.95999908447266,0.8218953013420105
2012-03-15,1.0440047979354858,0.9937000274658203,0.9314000010490417,1.3022528886795044,1.5654351711273193,83.83999633789062,0.807884931564331
2012-03-16,1.0521000623703003,0.9922000169754028,0.9232000112533569,1.3078734874725342,1.5703518390655518,83.49199676513672,0.8192020654678345
2012-03-19,1.0601980686187744,0.9909499883651733,0.9154999852180481,1.3177140951156616,1.5837068557739258,83.44999694824219,0.8265829086303711
2012-03-20,1.059984564781189,0.9876000285148621,0.9117000102996826,1.3229262828826904,1.5888147354125977,83.37000274658203,0.8252868056297302
2012-03-21,1.0485148429870605,0.9909999966621399,0.9108999967575073,1.323766827583313,1.586294412612915,83.6500015258789,0.8167265057563782
2012-03-22,1.0459047555923462,0.9919000267982483,0.9121999740600586,1.3218770027160645,1.58755362033844,83.2030029296875,0.8128759264945984
2012-03-23,1.0401498079299927,0.9987000226974487,0.9128000140190125,1.3204805850982666,1.5827794075012207,82.51000213623047,0.8114906549453735
2012-03-26,1.048866629600525,0.996399998664856,0.9071999788284302,1.328303575515747,1.5878056287765503,82.58899688720703,0.8181297183036804
2012-03-27,1.052698016166687,0.9912999868392944,0.902899980545044,1.3360053300857544,1.596169114112854,82.98699951171875,0.8227066993713379
2012-03-28,1.0443209409713745,0.9955000281333923,0.9045000076293945,1.3328713178634644,1.5954052209854126,83.0479965209961,0.8196721076965332
2012-03-29,1.039198637008667,0.9976999759674072,0.9043999910354614,1.3326226472854614,1.5893198251724243,82.83200073242188,0.818397581577301
2012-03-30,1.0374951362609863,0.996399998664856,0.9053999781608582,1.3313806056976318,1.595914363861084,82.27300262451172,0.8175278306007385
2012-04-02,1.0426006317138672,0.9961000084877014,0.901199996471405,1.3358268737792969,1.6014091968536377,82.87000274658203,0.8220979571342468
2012-04-03,1.0429269075393677,0.9900000095367432,0.9028000235557556,1.3333333730697632,1.6038492918014526,81.54000091552734,0.825218677520752
2012-04-04,1.0309809446334839,0.9908999800682068,0.910860002040863,1.3225239515304565,1.590659737586975,82.83000183105469,0.8173941373825073
2012-04-05,1.0280978679656982,0.9962999820709229,0.9154999852180481,1.314405918121338,1.5903308391571045,82.44000244140625,0.8160600662231445
2012-04-06,1.0295162200927734,0.9930999875068665,0.9199000000953674,1.3065063953399658,1.5830299854278564,82.2699966430664,0.8157937526702881
2012-04-09,1.0287959575653076,0.9973999857902527,0.9185000061988831,1.3079075813293457,1.5880577564239502,81.33000183105469,0.8187325596809387
2012-04-10,1.0310128927230835,0.9965000152587891,0.9169999957084656,1.311131477355957,1.5908114910125732,81.64299774169922,0.8210854530334473
2012-04-11,1.0233948230743408,1.0047999620437622,0.9187999963760376,1.3073604106903076,1.5855399370193481,80.69400024414062,0.8143322467803955
2012-04-12,1.032002329826355,1.0032999515533447,0.9171000123023987,1.311991572380066,1.5923566818237305,81.00800323486328,0.8198065161705017
2012-04-13,1.0438958406448364,0.994700014591217,0.9110999703407288,1.318913221359253,1.595914363861084,80.93000030517578,0.8313242793083191
2012-04-16,1.0343722105026245,0.9989500045776367,0.9215999841690063,1.30565345287323,1.5850372314453125,80.9020004272461,0.8227744102478027
2012-04-17,1.035400390625,0.9997000098228455,0.9156000018119812,1.3126804828643799,1.5895723104476929,80.38099670410156,0.8196049332618713
2012-04-18,1.040680170059204,0.9889000058174133,0.9146999716758728,1.3135426044464111,1.594209909439087,81.05999755859375,0.8220303654670715
2012-04-19,1.0372260808944702,0.9908000230789185,0.916100025177002,1.311991572380066,1.6023072004318237,81.30000305175781,0.817126989364624
2012-04-20,1.0346397161483765,0.9944000244140625,0.9144999980926514,1.314578652381897,1.6061676740646362,81.60900115966797,0.8148630857467651
2012-04-23,1.0384000539779663,0.9930999875068665,0.9096800088882446,1.3204805850982666,1.6131634712219238,81.5999984741211,0.8187325596809387
2012-04-24,1.0310978889465332,0.9909999966621399,0.9136000275611877,1.3152011632919312,1.6121231317520142,81.08000183105469,0.812809944152832
2012-04-25,1.0333994626998901,0.9866999983787537,0.9104999899864197,1.3197835683822632,1.614465594291687,81.38999938964844,0.8140007853507996
2012-04-26,1.0362050533294678,0.9825000166893005,0.9080399870872498,1.323276400566101,1.6178088188171387,81.30000305175781,0.8155276775360107
2012-04-27,1.0366991758346558,0.98580002784729,0.9108999967575073,1.319087266921997,1.617861270904541,81.05799865722656,0.8134048581123352
2012-04-30,1.0456314086914062,0.98089998960495,0.9071000218391418,1.3241524696350098,1.6281341314315796,80.3499984741211,0.8235875368118286
2012-05-01,1.0421985387802124,0.9877899885177612,0.9074000120162964,1.3239772319793701,1.6233766078948975,79.9209976196289,0.8183305859565735
2012-05-02,1.033698558807373,0.9854999780654907,0.9074699878692627,1.3239772319793701,1.6223231554031372,80.20999908447266,0.8153281211853027
2012-05-03,1.0307791233062744,0.9865999817848206,0.9138000011444092,1.3147515058517456,1.6193020343780518,80.12100219726562,0.8067768812179565
2012-05-04,1.0267994403839111,0.9878000020980835,0.9132999777793884,1.3156163692474365,1.619197130203247,80.20999908447266,0.8010253310203552
2012-05-07,1.0124019384384155,0.9980999827384949,0.9262099862098694,1.297033667564392,1.6123050451278687,79.81800079345703,0.792707085609436
2012-05-08,1.0215651988983154,0.992330014705658,0.9197700023651123,1.306165099143982,1.6194331645965576,79.91999816894531,0.7973846197128296
2012-05-09,1.0102949142456055,0.9994999766349792,0.9243000149726868,1.299545168876648,1.6147263050079346,79.86000061035156,0.7858545780181885
2012-05-10,1.0054596662521362,1.0018999576568604,0.9283999800682068,1.2936609983444214,1.6138142347335815,79.70999908447266,0.7841907143592834
2012-05-11,1.0060261487960815,1.0029000043869019,0.928600013256073,1.2934937477111816,1.613684058189392,79.86900329589844,0.7841907143592834
2012-05-14,1.002466082572937,1.0002000331878662,0.9311000108718872,1.289989709854126,1.6077170372009277,80.02999877929688,0.7813720703125
2012-05-15,0.9974067807197571,1.0022000074386597,0.9361000061035156,1.283202886581421,1.6097874641418457,79.8499984741211,0.7774840593338013
2012-05-16,0.9946290850639343,1.0068999528884888,0.9430000185966492,1.273560881614685,1.598720908164978,80.32499694824219,0.7697044014930725
2012-05-17,0.9931473135948181,1.0117000341415405,0.9433000087738037,1.2730745077133179,1.5921032428741455,80.3499984741211,0.7662835717201233
2012-05-18,0.9895111918449402,1.0187000036239624,0.9456999897956848,1.269841194152832,1.5785319805145264,79.40799713134766,0.7642338275909424
2012-05-21,0.9838646650314331,1.0211999416351318,0.9404000043869019,1.2773023843765259,1.5812777280807495,79.16999816894531,0.7579776644706726
2012-05-22,0.9917683601379395,1.0175000429153442,0.9373000264167786,1.281065821647644,1.5827794075012207,79.41000366210938,0.7669299840927124
2012-05-23,0.9772304892539978,1.0219000577926636,0.9484999775886536,1.2664639949798584,1.5760937929153442,80.00399780273438,0.7525020837783813
2012-05-24,0.9728572964668274,1.0261000394821167,0.956279993057251,1.2561235427856445,1.568381428718567,79.41999816894531,0.7493443489074707
2012-05-25,0.9764671921730042,1.0263999700546265,0.9585999846458435,1.2536041736602783,1.5659254789352417,79.66000366210938,0.7542046904563904
2012-05-28,0.9819324612617493,1.0255999565124512,0.9562000036239624,1.2569130659103394,1.568135380744934,79.58999633789062,0.7591862082481384
2012-05-29,0.9821252822875977,1.0254000425338745,0.9596999883651733,1.2525050640106201,1.5669069290161133,79.56099700927734,0.7591862082481384
2012-05-30,0.9827043414115906,1.023800015449524,0.9625999927520752,1.2478163242340088,1.5634772777557373,79.5,0.7616146206855774
2012-05-31,0.9704968333244324,1.0300999879837036,0.9706699848175049,1.2374706268310547,1.5482993125915527,78.98200225830078,0.7518796920776367
2012-06-01,0.9721007347106934,1.0329999923706055,0.9715999960899353,1.2362467050552368,1.5396459102630615,78.52799987792969,0.7535794973373413
2012-06-04,0.9644131064414978,1.0436899662017822,0.968559980392456,1.2402331829071045,1.535154938697815,78.0999984741211,0.7513148188591003
2012-06-05,0.9748489260673523,1.0378999710083008,0.9593899846076965,1.2509382963180542,1.5384615659713745,78.36100006103516,0.7590709328651428
2012-06-06,0.9776126742362976,1.0367900133132935,0.963699996471405,1.2462612390518188,1.5384615659713745,78.7300033569336,0.7591862082481384
2012-06-07,0.9908838868141174,1.028499960899353,0.9550999999046326,1.2573871612548828,1.548227310180664,79.2699966430664,0.7703566551208496
2012-06-08,0.9909821152687073,1.0271999835968018,0.9556000232696533,1.2570710182189941,1.5523128509521484,79.69000244140625,0.7684032917022705
2012-06-11,0.9986019730567932,1.0214999914169312,0.9496999979019165,1.2645422220230103,1.5537601709365845,79.55999755859375,0.7765783667564392
2012-06-12,0.987751841545105,1.0306999683380127,0.9624999761581421,1.2478163242340088,1.5486109256744385,79.30699920654297,0.7688758969306946
2012-06-13,0.995322048664093,1.0262999534606934,0.9606000185012817,1.2504688501358032,1.5569047927856445,79.5270004272461,0.7774236798286438
2012-06-14,0.994925856590271,1.0283000469207764,0.9550999999046326,1.2573871612548828,1.5520720481872559,79.37200164794922,0.7768197059631348
2012-06-15,1.0015223026275635,1.0231499671936035,0.9509699940681458,1.262785792350769,1.5554518699645996,79.4219970703125,0.7835148572921753
2012-06-18,1.011439323425293,1.0203299522399902,0.9454100131988525,1.27048659324646,1.5715856552124023,79.052001953125,0.7918910384178162
2012-06-19,1.0112961530685425,1.0220999717712402,0.9531999826431274,1.2597631216049194,1.5686274766921997,79.0,0.7922046780586243
2012-06-20,1.0181951522827148,1.017799973487854,0.9470000267028809,1.2680699825286865,1.5719810724258423,79.03399658203125,0.7959248423576355
2012-06-21,1.0196278095245361,1.0196000337600708,0.9471399784088135,1.2680699825286865,1.5705984830856323,79.4209976196289,0.8007045984268188
2012-06-22,1.0044395923614502,1.0285999774932861,0.957099974155426,1.255177617073059,1.5600625276565552,80.0199966430664,0.7877737283706665
2012-06-25,1.0035022497177124,1.0266000032424927,0.9577999711036682,1.2537612915039062,1.5583605766296387,80.55999755859375,0.787587583065033
2012-06-26,1.0014019012451172,1.0287100076675415,0.9604200124740601,1.2504688501358032,1.5566624402999878,79.6500015258789,0.7872155904769897
2012-06-27,1.0050050020217896,1.0240999460220337,0.9617000222206116,1.248751163482666,1.5637216567993164,79.45999908447266,0.7895776033401489
2012-06-28,1.007678508758545,1.0249899625778198,0.9629600048065186,1.2473493814468384,1.5571472644805908,79.68499755859375,0.7918910384178162
2012-06-29,1.0033713579177856,1.033400058746338,0.9651700258255005,1.2440905570983887,1.5518311262130737,79.31300354003906,0.7870917320251465
2012-07-02,1.0239187479019165,1.017899990081787,0.9495999813079834,1.2655184268951416,1.5682092905044556,79.83899688720703,0.801796019077301
2012-07-03,1.0238033533096313,1.0168999433517456,0.9547399878501892,1.2581782341003418,1.5691196918487549,79.44000244140625,0.8034064769744873
2012-07-04,1.0289971828460693,1.0119999647140503,0.9528999924659729,1.2605571746826172,1.5691196918487549,79.83999633789062,0.8050233125686646
2012-07-05,1.0268627405166626,1.0132999420166016,0.9595000147819519,1.2516272068023682,1.5584092140197754,79.94000244140625,0.8039231896400452
2012-07-06,1.0280767679214478,1.01419997215271,0.9693999886512756,1.2391574382781982,1.5530362129211426,79.86000061035156,0.8043111562728882
2012-07-09,1.0195966958999634,1.0196000337600708,0.9787999987602234,1.227144479751587,1.5479875802993774,79.47799682617188,0.7971938848495483
2012-07-10,1.0206893682479858,1.0191600322723389,0.9748799800872803,1.2318304777145386,1.5530362129211426,79.55799865722656,0.7968127727508545
2012-07-11,1.0188279151916504,1.0223000049591064,0.9797999858856201,1.2256402969360352,1.5518311262130737,79.3499984741211,0.7945967316627502
2012-07-12,1.0249682664871216,1.0190999507904053,0.9805999994277954,1.2247247695922852,1.5511090755462646,79.61000061035156,0.7951654195785522
2012-07-13,1.0136950016021729,1.0197999477386475,0.9847999811172485,1.2192742824554443,1.5427337884902954,79.30999755859375,0.7902015447616577
2012-07-16,1.023499608039856,1.0139000415802002,0.980400025844574,1.2248897552490234,1.5583605766296387,79.16999816894531,0.7968127727508545
2012-07-17,1.024075984954834,1.0148999691009521,0.9789000153541565,1.2268433570861816,1.5625,78.81999969482422,0.7964320182800293
2012-07-18,1.0315978527069092,1.0118000507354736,0.9768999814987183,1.2295585870742798,1.5664160251617432,79.09600067138672,0.7983394861221313
2012-07-19,1.0360976457595825,1.0097999572753906,0.9781399965286255,1.2277470827102661,1.5647003650665283,78.79900360107422,0.7998719811439514
2012-07-20,1.0424375534057617,1.007599949836731,0.9781000018119812,1.2276867628097534,1.5718327760696411,78.73999786376953,0.803535521030426
2012-07-23,1.0339871644973755,1.01419997215271,0.9902999997138977,1.2127091884613037,1.5607929229736328,78.44999694824219,0.7963685393333435
2012-07-24,1.0272952318191528,1.0180000066757202,0.9904000163078308,1.212415099143982,1.5518311262130737,78.31099700927734,0.789639949798584
2012-07-25,1.0215965509414673,1.0224299430847168,0.9955999851226807,1.2061853408813477,1.550147294998169,78.10700225830078,0.7824113965034485
2012-07-26,1.0304604768753052,1.0156999826431274,0.9890999794006348,1.2140341997146606,1.5487068891525269,78.10299682617188,0.7902015447616577
2012-07-27,1.0395010709762573,1.0096999406814575,0.9779999852180481,1.2280486822128296,1.5686274766921997,78.3239974975586,0.8003200888633728
2012-07-30,1.0464081764221191,1.0041999816894531,0.9761000275611877,1.230466365814209,1.5728216171264648,78.5,0.8086035251617432
2012-07-31,1.0498688220977783,1.0013500452041626,0.9796000123023987,1.2259409427642822,1.5713387727737427,78.10099792480469,0.809192419052124
2012-08-01,1.0485037565231323,1.0032000541687012,0.9769999980926514,1.2294074296951294,1.566784143447876,78.12000274658203,0.8092579245567322
2012-08-02,1.0469998121261597,1.0047199726104736,0.9811999797821045,1.2241400480270386,1.5544847249984741,78.37999725341797,0.8099133372306824
2012-08-03,1.0458828210830688,1.0070500373840332,0.9861999750137329,1.218026876449585,1.5515903234481812,78.22000122070312,0.8095200061798096
2012-08-06,1.0558992624282837,1.0005700588226318,0.9667999744415283,1.2428536415100098,1.5654107332229614,78.61000061035156,0.8181966543197632
2012-08-07,1.0563008785247803,1.000599980354309,0.9693999886512756,1.2390038967132568,1.558797836303711,78.19999694824219,0.8198065161705017
2012-08-08,1.0536963939666748,0.997439980506897,0.9697999954223633,1.2386969327926636,1.5616215467453003,78.61000061035156,0.8151952624320984
2012-08-09,1.0557990074157715,0.9950000047683716,0.97079998254776,1.237332820892334,1.5670297145843506,78.4000015258789,0.8120837807655334
2012-08-10,1.0573954582214355,0.9912800192832947,0.9768900275230408,1.2294074296951294,1.563110589981079,78.61000061035156,0.8118201494216919
2012-08-13,1.0552864074707031,0.9914799928665161,0.97816002368927,1.2277169227600098,1.5669069290161133,78.25,0.8112932443618774
2012-08-14,1.0514030456542969,0.9926000237464905,0.9742000102996826,1.2327415943145752,1.56788969039917,78.33000183105469,0.8095200061798096
2012-08-15,1.0487127304077148,0.9919300079345703,0.9745699763298035,1.2325897216796875,1.5676438808441162,78.81500244140625,0.8048937320709229
2012-08-16,1.0496042966842651,0.989300012588501,0.9771999716758728,1.2289540767669678,1.568135380744934,78.98999786376953,0.8069722652435303
2012-08-17,1.052398920059204,0.9865000247955322,0.9718999862670898,1.2357884645462036,1.573564052581787,79.25,0.8118860721588135
2012-08-20,1.0437215566635132,0.9883999824523926,0.9739000201225281,1.233258605003357,1.568873643875122,79.51000213623047,0.807884931564331
2012-08-21,1.0452051162719727,0.9884999990463257,0.9721999764442444,1.2353304624557495,1.571091890335083,79.33000183105469,0.8095200061798096
2012-08-22,1.0469011068344116,0.9896399974822998,0.9624999761581421,1.2476606369018555,1.577909231185913,79.24199676513672,0.8103727698326111
2012-08-23,1.0509058237075806,0.9904999732971191,0.9581000208854675,1.2534469366073608,1.5883604288101196,78.53900146484375,0.8160600662231445
2012-08-24,1.0432424545288086,0.9939600229263306,0.9560700058937073,1.2561235427856445,1.5857913494110107,78.5999984741211,0.8130081295967102
2012-08-27,1.0404852628707886,0.9920799732208252,0.9603700041770935,1.250437617301941,1.5803030729293823,78.7300033569336,0.8107012510299683
2012-08-28,1.0366023778915405,0.99031001329422,0.9606000185012817,1.250156283378601,1.579279899597168,78.75,0.8086689114570618
2012-08-29,1.0374951362609863,0.9879000186920166,0.955299973487854,1.257228970527649,1.5826040506362915,78.56999969482422,0.8048290014266968
2012-08-30,1.034104824066162,0.9894999861717224,0.958299994468689,1.2531328201293945,1.5827794075012207,78.72000122070312,0.8011536002159119
2012-08-31,1.0280978679656982,0.9926000237464905,0.9598000049591064,1.2510946989059448,1.5790305137634277,78.52999877929688,0.7980208992958069
2012-09-03,1.0278126001358032,0.9860000014305115,0.954800009727478,1.257703423500061,1.5873016119003296,78.29000091552734,0.8000640273094177
2012-09-04,1.024096965789795,0.9861099720001221,0.9538999795913696,1.2586532831192017,1.5880577564239502,78.33899688720703,0.7973846197128296
2012-09-05,1.0212000608444214,0.9865999817848206,0.9581000208854675,1.2534469366073608,1.5865461826324463,78.47000122070312,0.7940919399261475
2012-09-06,1.019295334815979,0.9904599785804749,0.9553999900817871,1.2602394819259644,1.5905836820602417,78.41999816894531,0.795418381690979
2012-09-07,1.028594970703125,0.9828000068664551,0.9537000060081482,1.2632642984390259,1.5933715105056763,78.88999938964844,0.8008328676223755
2012-09-10,1.0362157821655273,0.9782999753952026,0.9453999996185303,1.2795906066894531,1.600819706916809,78.21900177001953,0.8107669949531555
2012-09-11,1.0333994626998901,0.9768900275230408,0.9463000297546387,1.2761613130569458,1.599206805229187,78.22599792480469,0.8084728121757507
2012-09-12,1.0430465936660767,0.9733999967575073,0.9390000104904175,1.2851818799972534,1.607200264930725,77.75,0.8173273205757141
2012-09-13,1.0466053485870361,0.9761000275611877,0.9370999932289124,1.2903226613998413,1.610824704170227,77.83000183105469,0.8204118609428406
2012-09-14,1.0535187721252441,0.9682700037956238,0.9347699880599976,1.299376368522644,1.615508794784546,77.64800262451172,0.8311170339584351
2012-09-17,1.0538629293441772,0.971589982509613,0.9263399839401245,1.3116475343704224,1.6225864887237549,78.33300018310547,0.8289124369621277
2012-09-18,1.0475921630859375,0.9745000004768372,0.9272000193595886,1.3110111951828003,1.6246954202651978,78.6729965209961,0.8261049389839172
2012-09-19,1.0455001592636108,0.9746999740600586,0.9280999898910522,1.3046314716339111,1.6244314908981323,78.7699966430664,0.828157365322113
2012-09-20,1.047219157218933,0.9750000238418579,0.9262999892234802,1.3058239221572876,1.6231131553649902,78.39700317382812,0.8301510810852051
2012-09-21,1.043514609336853,0.9761000275611877,0.9323400259017944,1.2973533868789673,1.6221915483474731,78.19999694824219,0.8296001553535461
2012-09-24,1.043558120727539,0.9775999784469604,0.9330999851226807,1.2968486547470093,1.6231131553649902,78.08000183105469,0.8271982669830322
2012-09-25,1.042589783668518,0.9779599905014038,0.9346399903297424,1.2941633462905884,1.6225864887237549,77.86399841308594,0.8221655488014221
2012-09-26,1.0363768339157104,0.9807999730110168,0.9376599788665771,1.2900062799453735,1.6194331645965576,77.72799682617188,0.8196049332618713
2012-09-27,1.0372798442840576,0.9842000007629395,0.9390000104904175,1.2881617546081543,1.617861270904541,77.697998046875,0.8256956338882446
2012-09-28,1.0437650680541992,0.9807000160217285,0.9372199773788452,1.2913223505020142,1.6232975721359253,77.61000061035156,0.8306337594985962
2012-10-01,1.0355397462844849,0.9842000007629395,0.9434999823570251,1.2809016704559326,1.6124871969223022,77.95899963378906,0.8278145790100098
2012-10-02,1.0360976457595825,0.9818999767303467,0.9383500218391418,1.2888258695602417,1.6129032373428345,78.04100036621094,0.8285003900527954
2012-10-03,1.0259777307510376,0.9840999841690063,0.9369000196456909,1.2916558980941772,1.6131634712219238,78.21499633789062,0.8251506090164185
2012-10-04,1.0232168436050415,0.98649001121521,0.9369300007820129,1.2923235893249512,1.610046625137329,78.41500091552734,0.8214901685714722
2012-10-05,1.0242648124694824,0.9803299903869629,0.9308599829673767,1.3017443418502808,1.6186468601226807,78.48400115966797,0.8220303654670715
2012-10-08,1.0170457363128662,0.9772400259971619,0.9309899806976318,1.301574945449829,1.6138923168182373,78.7020034790039,0.8185985088348389
2012-10-09,1.0213565826416016,0.9755300283432007,0.932699978351593,1.2976900339126587,1.60341215133667,78.28600311279297,0.8210180401802063
2012-10-10,1.018755316734314,0.979390025138855,0.9415299892425537,1.2858428955078125,1.599692940711975,78.21900177001953,0.8157937526702881
2012-10-11,1.0222022533416748,0.9818999767303467,0.9401400089263916,1.2858428955078125,1.6007683277130127,78.07499694824219,0.8165265321731567
2012-10-12,1.0255358219146729,0.9778500199317932,0.9349700212478638,1.293326497077942,1.6045955419540405,78.4020004272461,0.8163931965827942
2012-10-15,1.0226308107376099,0.9804400205612183,0.9347000122070312,1.2943308353424072,1.605909824371338,78.46800231933594,0.8151952624320984
2012-10-16,1.0269049406051636,0.9808899760246277,0.9318000078201294,1.2968486547470093,1.6081048250198364,78.78900146484375,0.8167932629585266
2012-10-17,1.0308959484100342,0.9857000112533569,0.9227100014686584,1.3107877969741821,1.6130073070526123,78.82499694824219,0.8182636499404907
2012-10-18,1.0379042625427246,0.9782000184059143,0.9222999811172485,1.3116475343704224,1.6137100458145142,79.05999755859375,0.82182776927948
2012-10-19,1.0374951362609863,0.9847000241279602,0.924589991569519,1.3069161176681519,1.605703353881836,79.30799865722656,0.8196721076965332
2012-10-22,1.0305771827697754,0.9942100048065186,0.9279400110244751,1.3022528886795044,1.5997952222824097,79.25700378417969,0.815727174282074
2012-10-23,1.0336772203445435,0.9919999837875366,0.9261699914932251,1.3070186376571655,1.6022816896438599,79.98999786376953,0.8183305859565735
2012-10-24,1.0269049406051636,0.9926000237464905,0.9329000115394592,1.2973533868789673,1.5948964357376099,79.81999969482422,0.8112273812294006
2012-10-25,1.0345969200134277,0.9940999746322632,0.9327999949455261,1.2965123653411865,1.6031550168991089,79.83799743652344,0.8206811547279358
2012-10-26,1.0351431369781494,0.9948899745941162,0.9350000023841858,1.2938284873962402,1.6118113994598389,80.23500061035156,0.819940984249115
2012-10-29,1.0353038311004639,0.9991999864578247,0.9358000159263611,1.2924071550369263,1.6095284223556519,79.6500015258789,0.8210854530334473
2012-10-30,1.033976435661316,1.0006999969482422,0.9361900091171265,1.2908222675323486,1.603078007698059,79.76399993896484,0.8197393417358398
2012-10-31,1.0366023778915405,0.9995099902153015,0.9322599768638611,1.2962603569030762,1.6074585914611816,79.68399810791016,0.8222332000732422
2012-11-01,1.0376026630401611,1.0,0.9313300251960754,1.2965123653411865,1.6134237051010132,79.86000061035156,0.8221655488014221
2012-11-02,1.0413628816604614,0.9962999820709229,0.9315800070762634,1.2948336601257324,1.6134237051010132,80.22000122070312,0.8277460932731628
2012-11-05,1.034297227859497,0.9955999851226807,0.9409000277519226,1.2827913761138916,1.6021019220352173,80.5,0.8244022727012634
2012-11-06,1.0380982160568237,0.9957000017166138,0.9430000185966492,1.2802459001541138,1.5984655618667603,80.16000366210938,0.8261731863021851
2012-11-07,1.043068289756775,0.9919000267982483,0.9430999755859375,1.2808033227920532,1.5992324352264404,80.29000091552734,0.8276090621948242
2012-11-08,1.0403987169265747,0.9965000152587891,0.9455000162124634,1.2759984731674194,1.5982099771499634,79.97000122070312,0.8196721076965332
2012-11-09,1.0401065349578857,1.000190019607544,0.946120023727417,1.274534821510315,1.5977503061294556,79.47899627685547,0.8134048581123352
2012-11-12,1.0395010709762573,1.0,0.947700023651123,1.272394061088562,1.5894207954406738,79.45999908447266,0.8149294853210449
2012-11-13,1.0426549911499023,0.9999200105667114,0.9483000040054321,1.2709709405899048,1.5878056287765503,79.5979995727539,0.8177952170372009
2012-11-14,1.0443973541259766,1.0017199516296387,0.9470000267028809,1.2709709405899048,1.5878056287765503,79.45999908447266,0.8165265321731567
2012-11-15,1.036591649055481,1.003909945487976,0.9455000162124634,1.273236632347107,1.5841082334518433,80.19999694824219,0.8105698227882385
2012-11-16,1.0339871644973755,1.0006699562072754,0.9421799778938293,1.2784454822540283,1.5865461826324463,81.12000274658203,0.8105698227882385
2012-11-19,1.0360440015792847,1.0002399682998657,0.9444000124931335,1.2759497165679932,1.5905585289001465,81.5260009765625,0.8136034607887268
2012-11-20,1.0402363538742065,0.9969000220298767,0.9426500201225281,1.276943564414978,1.5894207954406738,81.3499984741211,0.818397581577301
2012-11-21,1.0390042066574097,0.996429979801178,0.9401000142097473,1.281443476676941,1.592610239982605,81.75499725341797,0.8169267177581787
2012-11-22,1.038303017616272,0.9957299828529358,0.9362999796867371,1.2865046262741089,1.5969338417053223,82.5739974975586,0.8159269094467163
2012-11-23,1.038022756576538,0.9976300001144409,0.9352999925613403,1.2875149250030518,1.5941334962844849,82.35900115966797,0.8157937526702881
2012-11-26,1.0459047555923462,0.9936100244522095,0.928380012512207,1.2965964078903198,1.6027952432632446,82.5459976196289,0.8239268064498901
2012-11-27,1.0471972227096558,0.992680013179779,0.9269000291824341,1.298701286315918,1.603334903717041,81.87300109863281,0.8227066993713379
2012-11-28,1.0443973541259766,0.9941999912261963,0.9306100010871887,1.2938284873962402,1.6023072004318237,82.08000183105469,0.8206811547279358
2012-11-29,1.0475043058395386,0.9919000267982483,0.929099977016449,1.2953367233276367,1.6015374660491943,82.1500015258789,0.8241305351257324
2012-11-30,1.0429377555847168,0.9929999709129333,0.9277999997138977,1.2973533868789673,1.6041065454483032,82.1510009765625,0.8227744102478027
2012-12-03,1.0426006317138672,0.9936000108718872,0.9272000193595886,1.299680233001709,1.6023072004318237,82.45600128173828,0.8192691802978516
2012-12-04,,,,,1.6097874641418457,82.13300323486328,0.8214227557182312
2012-12-05,1.0474933385849,0.9931600093841553,0.9264000058174133,1.3099292516708374,1.6100986003875732,81.81600189208984,0.8246742486953735
2012-12-06,1.044801115989685,0.9918000102043152,0.9264000058174133,1.3070186376571655,1.6093212366104126,82.43599700927734,0.8291186690330505
2012-12-07,1.0473946332931519,0.9913899898529053,0.9326500296592712,1.2963443994522095,1.6050076484680176,82.43000030517578,0.8316008448600769
2012-12-10,1.048185110092163,0.9868999719619751,0.9358699917793274,1.2906056642532349,1.603566288948059,82.55999755859375,0.8338196873664856
2012-12-11,1.0488007068634033,0.9864000082015991,0.9334999918937683,1.2938284873962402,1.6074068546295166,82.3499984741211,0.8343762755393982
2012-12-12,1.0536963939666748,0.9860000014305115,0.9314299821853638,1.3013207912445068,1.6118632555007935,82.5199966430664,0.8394895792007446
2012-12-13,1.0546298027038574,0.9846000075340271,0.9265999794006348,1.3066771030426025,1.613684058189392,83.20999908447266,0.8428150415420532
2012-12-14,1.0531748533248901,0.9842299818992615,0.9236400127410889,1.3078734874725342,1.6116034984588623,83.66699981689453,0.8435971140861511
2012-12-17,1.0555315017700195,0.9857400059700012,0.9180999994277954,1.3165863752365112,1.6175994873046875,84.15799713134766,0.8455944657325745
2012-12-18,1.0547966957092285,0.983709990978241,0.9177899956703186,1.316482424736023,1.6204829216003418,83.90299987792969,0.8445232510566711
2012-12-19,1.0519893169403076,0.9860000014305115,0.9128999710083008,1.323101282119751,1.6249593496322632,84.36100006103516,0.8402655720710754
2012-12-20,1.0476799011230469,0.9886999726295471,0.9135800004005432,1.3215277194976807,1.6252235174179077,84.22599792480469,0.8353520631790161
2012-12-21,1.0480971336364746,0.987500011920929,0.911899983882904,1.323766827583313,1.6273393630981445,84.41999816894531,0.8341675400733948
2012-12-24,1.0396956205368042,0.9937000274658203,0.9160000085830688,1.3182003498077393,1.6156916618347168,84.41000366210938,0.8233163356781006
2012-12-25,1.0367958545684814,0.9926000237464905,0.9160000085830688,1.3180439472198486,1.6131634712219238,84.83999633789062,0.8223684430122375
2012-12-26,1.0373982191085815,0.9911999702453613,0.9159600138664246,1.3180439472198486,1.613684058189392,85.0,0.8222332000732422
2012-12-27,1.0365809202194214,0.9938099980354309,0.913100004196167,1.3225764036178589,1.6126431226730347,85.66799926757812,0.8196721076965332
2012-12-28,1.0369787216186523,0.994700014591217,0.9124000072479248,1.3250298500061035,1.6116034984588623,86.50700378417969,0.821220338344574
2012-12-31,1.039198637008667,0.9944000244140625,0.9125999808311462,1.3227688074111938,1.616292119026184,85.95999908447266,0.822638988494873
2013-01-01,1.0399010181427002,0.9919999837875366,0.9146000146865845,1.3201320171356201,1.6236402988433838,86.72000122070312,0.8291186690330505
2013-01-02,1.0391662120819092,0.9939000010490417,0.9154999852180481,1.3197835683822632,1.6246954202651978,86.5999984741211,0.8271298408508301
2013-01-03,1.0492959022521973,0.9855999946594238,0.9177799820899963,1.3182177543640137,1.6252498626708984,87.2750015258789,0.8334027528762817
2013-01-04,1.045303463935852,0.9883999824523926,0.9279999732971191,1.3032711744308472,1.608234167098999,87.73999786376953,0.8264462351799011
2013-01-07,1.049538254737854,0.9859899878501892,0.924530029296875,1.3067454099655151,1.606787085533142,88.197998046875,0.8316699862480164
2013-01-08,1.051171064376831,0.9855999946594238,0.9208999872207642,1.312508225440979,1.6122010946273804,87.25299835205078,0.8374508023262024
2013-01-09,1.0513699054718018,0.9865000247955322,0.923799991607666,1.3082326650619507,1.6061676740646362,86.86799621582031,0.837871789932251
2013-01-10,1.0506078004837036,0.9876099824905396,0.925849974155426,1.305483102798462,1.6015374660491943,88.13300323486328,0.8389965295791626
2013-01-11,1.0580331087112427,0.9832299947738647,0.9140499830245972,1.327316164970398,1.616292119026184,89.24600219726562,0.8441668152809143
2013-01-14,1.0537852048873901,0.984499990940094,0.9139000177383423,1.3362016677856445,1.6126950979232788,89.52300262451172,0.8369601368904114
2013-01-15,1.056423544883728,0.9837300181388855,0.9222999811172485,1.3377926349639893,1.6077170372009277,89.45999908447266,0.8422471284866333
2013-01-16,1.0570825338363647,0.9839000105857849,0.9316999912261963,1.330849051475525,1.6074585914611816,88.75,0.8418925404548645
2013-01-17,1.0558435916900635,0.9861000180244446,0.9308000206947327,1.32908034324646,1.600256085395813,88.62999725341797,0.8401243686676025
2013-01-18,1.0546075105667114,0.98580002784729,0.9331499934196472,1.3372559547424316,1.5976994037628174,89.82099914550781,0.8371703624725342
2013-01-21,1.0507181882858276,0.9919899702072144,0.9340400099754333,1.3320013284683228,1.5855399370193481,90.18099975585938,0.8363301753997803
2013-01-22,1.0516021251678467,0.9926999807357788,0.9343299865722656,1.3311502933502197,1.5837820768356323,89.5999984741211,0.8359805941581726
2013-01-23,1.0562896728515625,0.9918000102043152,0.9292200207710266,1.331398367881775,1.5839076042175293,88.52899932861328,0.8413259983062744
2013-01-24,1.0536853075027466,0.9997000098228455,0.9296000003814697,1.330849051475525,1.5832804441452026,88.58000183105469,0.842743992805481
2013-01-25,1.0446046590805054,1.0023000240325928,0.9294499754905701,1.3369340896606445,1.5782828330993652,90.55799865722656,0.8366800546646118
2013-01-28,1.0413520336151123,1.0077999830245972,0.9268699884414673,1.3466018438339233,1.577510952949524,91.17900085449219,0.8359805941581726
2013-01-29,1.0422312021255493,1.0059000253677368,0.9261000156402588,1.3446282148361206,1.5698586702346802,90.45999908447266,0.8341675400733948
2013-01-30,1.0469011068344116,1.0012999773025513,0.9222000241279602,1.34916353225708,1.574803113937378,90.79000091552734,0.8382229804992676
2013-01-31,1.0418837070465088,1.0022000074386597,0.9110000133514404,1.3568336963653564,1.579778790473938,91.02100372314453,0.8361204266548157
2013-02-01,1.0432206392288208,0.9966999888420105,0.9093999862670898,1.3610997200012207,1.587024450302124,91.70700073242188,0.8399125933647156
2013-02-04,1.0426006317138672,0.9968000054359436,0.9082000255584717,1.3648709058761597,1.5704996585845947,92.7699966430664,0.8461668491363525
2013-02-05,1.0441029071807861,0.9976999759674072,0.9087899923324585,1.3511687517166138,1.575547456741333,92.15299987792969,0.8431703448295593
2013-02-06,1.0390042066574097,0.995419979095459,0.9078199863433838,1.3581420183181763,1.5666614770889282,93.56999969482422,0.8458090424537659
2013-02-07,1.032002329826355,0.9955000281333923,0.9099000096321106,1.3523930311203003,1.5664160251617432,93.43499755859375,0.8379420042037964
2013-02-08,1.0282670259475708,0.9976999759674072,0.9183899760246277,1.3389389514923096,1.571017861366272,93.63300323486328,0.8337502479553223
2013-02-11,1.032279372215271,1.0036200284957886,0.9172000288963318,1.3368269205093384,1.5802282094955444,92.53500366210938,0.8354218602180481
2013-02-12,1.026356816291809,1.0052599906921387,0.9205700159072876,1.340356707572937,1.5656802654266357,94.19100189208984,0.8358408212661743
2013-02-13,1.0338696241378784,1.0015699863433838,0.9165999889373779,1.3452069759368896,1.5676438808441162,93.30500030517578,0.8406893610954285
2013-02-14,1.0360976457595825,1.001670002937317,0.9174000024795532,1.3444474935531616,1.5533015727996826,93.25599670410156,0.8458090424537659
2013-02-15,1.0350574254989624,1.0009000301361084,0.9221299886703491,1.3352917432785034,1.548658847808838,92.95700073242188,0.8514261245727539
2013-02-18,1.0299403667449951,1.0073000192642212,0.9230999946594238,1.3344007730484009,1.5480115413665771,93.72200012207031,0.8458805680274963
2013-02-19,1.0318958759307861,1.0104999542236328,0.923229992389679,1.3347214460372925,1.54774808883667,93.6500015258789,0.8458805680274963
2013-02-20,1.034896731376648,1.0117000341415405,0.921999990940094,1.3395847082138062,1.5427337884902954,93.70800018310547,0.8460952639579773
2013-02-21,1.0248421430587769,1.0168999433517456,0.9279000163078308,1.327316164970398,1.522997260093689,93.66000366210938,0.8346548676490784
2013-02-22,1.0294420719146729,1.0175000429153442,0.9306700229644775,1.3194352388381958,1.5262515544891357,93.1500015258789,0.8350033164024353
2013-02-25,1.029823660850525,1.0220999717712402,0.930400013923645,1.319591999053955,1.5097301006317139,94.22000122070312,0.8370302319526672
2013-02-26,1.027031421661377,1.0255999565124512,0.931410014629364,1.3065063953399658,1.5164152383804321,92.39700317382812,0.8336111903190613
2013-02-27,1.0233948230743408,1.0255000591278076,0.9315999746322632,1.3065917491912842,1.5129966735839844,92.11000061035156,0.8264462351799011
2013-02-28,1.0232272148132324,1.0234500169754028,0.9285100102424622,1.3150973320007324,1.5167601108551025,92.3030014038086,0.8263097405433655
2013-03-01,1.0218993425369263,1.0305999517440796,0.9370999932289124,1.3059945106506348,1.516530156135559,92.58200073242188,0.8245382308959961
2013-03-04,1.0196278095245361,1.0270700454711914,0.9420199990272522,1.3016934394836426,1.50360107421875,93.56400299072266,0.8237232565879822
2013-03-05,1.0203874111175537,1.026550054550171,0.9402999877929688,1.3036110401153564,1.5128592252731323,93.4010009765625,0.8276775479316711
2013-03-06,1.0266835689544678,1.0266499519348145,0.9411900043487549,1.3048527240753174,1.51377534866333,93.28900146484375,0.832292914390564
2013-03-07,1.023352861404419,1.0321999788284302,0.9484999775886536,1.297858476638794,1.4996776580810547,93.927001953125,0.8276775479316711
2013-03-08,1.0270631313323975,1.0293999910354614,0.9422000050544739,1.311131477355957,1.5026296377182007,94.9280014038086,0.8284317851066589
2013-03-11,1.0217949151992798,1.0282000303268433,0.9523000121116638,1.2988024950027466,1.491001844406128,96.16999816894531,0.8208832740783691
2013-03-12,1.0278971195220947,1.0263999700546265,0.9482300281524658,1.3032711744308472,1.4905351400375366,96.61900329589844,0.8256956338882446
2013-03-13,1.0328978300094604,1.0259000062942505,0.9472000002861023,1.3029316663742065,1.4905351400375366,95.81999969482422,0.8250824809074402
2013-03-14,1.0300040245056152,1.0279099941253662,0.9525799751281738,1.2958402633666992,1.492537260055542,96.0199966430664,0.8185985088348389
2013-03-15,1.038022756576538,1.0220999717712402,0.94691002368927,1.3012362718582153,1.5090012550354004,95.96199798583984,0.821692705154419
2013-03-18,1.0353895425796509,1.0231300592422485,0.9453999996185303,1.2892745733261108,1.5107566118240356,94.88899993896484,0.8229098320007324
2013-03-19,1.0393929481506348,1.0221999883651733,0.9472000002861023,1.2944984436035156,1.509889841079712,95.34300231933594,0.8263097405433655
2013-03-20,1.0361191034317017,1.0268700122833252,0.947629988193512,1.2863887548446655,1.5096617937088013,95.05000305175781,0.8235875368118286
2013-03-21,1.0378073453903198,1.0255999565124512,0.944599986076355,1.2941633462905884,1.5096617937088013,95.95500183105469,0.8262414336204529
2013-03-22,1.0440047979354858,1.0242999792099,0.9462000131607056,1.2904890775680542,1.5182108879089355,94.91000366210938,0.832292914390564
2013-03-25,1.0448774099349976,1.0221999883651733,0.9384999871253967,1.302405595779419,1.5245994329452515,94.8280029296875,0.8357011675834656
2013-03-26,1.0462440252304077,1.0214999914169312,0.9483100175857544,1.2858428955078125,1.5179113149642944,93.96299743652344,0.8350730538368225
2013-03-27,1.0473617315292358,1.0164999961853027,0.9480999708175659,1.2860082387924194,1.5163002014160156,94.63500213623047,0.8389965295791626
2013-03-28,1.0448665618896484,1.0161000490188599,0.9538999795913696,1.277791976928711,1.5129051208496094,94.31600189208984,0.8376612663269043
2013-03-29,1.0418294668197632,1.0159000158309937,0.9492400288581848,1.2815911769866943,1.5197569131851196,94.19000244140625,0.837520956993103
2013-04-01,1.0412328243255615,1.01705002784729,0.9501199722290039,1.2805737257003784,1.5195951461791992,94.28199768066406,0.8376612663269043
2013-04-02,1.0437977313995361,1.0165599584579468,0.9463000297546387,1.2850167751312256,1.5223017930984497,93.18000030517578,0.8382229804992676
2013-04-03,1.045718789100647,1.014240026473999,0.9486299753189087,1.2820513248443604,1.5108022689819336,93.36199951171875,0.8413259983062744
2013-04-04,1.045478343963623,1.0141500234603882,0.9448000192642212,1.2850167751312256,1.5140045881271362,92.88899993896484,0.8419634103775024
2013-04-05,1.0423941612243652,1.0129799842834473,0.9405500292778015,1.2928247451782227,1.522626280784607,96.43699645996094,0.841396689414978
2013-04-08,1.0351645946502686,1.0169199705123901,0.933899998664856,1.2992074489593506,1.5349195003509521,98.7509994506836,0.8410428762435913
2013-04-09,1.042024850845337,1.0166000127792358,0.9343000054359436,1.3029316663742065,1.5262515544891357,99.27999877929688,0.8470268845558167
2013-04-10,1.04889976978302,1.016029953956604,0.9322999715805054,1.3080273866653442,1.532332181930542,98.94999694824219,0.8522969484329224
2013-04-11,1.0537852048873901,1.0146900415420532,0.9333199858665466,1.3055341243743896,1.5325671434402466,99.66600036621094,0.8577800989151001
2013-04-12,1.0546187162399292,1.01010000705719,0.9301000237464905,1.311475396156311,1.5391719341278076,99.62100219726562,0.8629617094993591
2013-04-15,1.0514030456542969,1.0147600173950195,0.9283499717712402,1.3099292516708374,1.5353907346725464,98.40599822998047,0.8570448756217957
2013-04-16,1.0338054895401,1.0230300426483154,0.9300000071525574,1.3054660558700562,1.5297303199768066,96.80000305175781,0.8436682820320129
2013-04-17,1.0384970903396606,1.0218000411987305,0.9222000241279602,1.3178702592849731,1.5360982418060303,97.61000061035156,0.8495455384254456
2013-04-18,1.0303012132644653,1.0261000394821167,0.9325000047683716,1.3034920692443848,1.5243902206420898,98.02899932861328,0.8450227975845337
2013-04-19,1.0298025608062744,1.025570034980774,0.9322999715805054,1.3053126335144043,1.5283509492874146,98.2030029296875,0.8414674997329712
2013-04-22,1.0273902416229248,1.0255999565124512,0.9333400130271912,1.3055682182312012,1.5225335359573364,99.7969970703125,0.8401949405670166
2013-04-23,1.0265675783157349,1.0255000591278076,0.9343600273132324,1.306165099143982,1.5299878120422363,99.16000366210938,0.8421052694320679
2013-04-24,1.0261040925979614,1.0270299911499023,0.9455999732017517,1.2994438409805298,1.522997260093689,99.677001953125,0.8418925404548645
2013-04-25,1.0278971195220947,1.0252599716186523,0.947409987449646,1.3017443418502808,1.5279772281646729,99.41999816894531,0.847529411315918
2013-04-26,1.0293891429901123,1.0201499462127686,0.9451299905776978,1.3007283210754395,1.5436862707138062,99.34200286865234,0.8504124879837036
2013-04-29,1.0284150838851929,1.0163700580596924,0.9420300126075745,1.3042571544647217,1.5491867065429688,97.84200286865234,0.8499788045883179
2013-04-30,1.0344042778015137,1.0117000341415405,0.9370999932289124,1.3095861673355103,1.549426794052124,97.86399841308594,0.8550662994384766
2013-05-01,1.037075400352478,1.0067100524902344,0.9293400049209595,1.3168290853500366,1.5537601709365845,97.26899719238281,0.8566043972969055
2013-05-02,1.028573751449585,1.007200002670288,0.926800012588501,1.3182177543640137,1.557195782661438,97.13200378417969,0.850991427898407
2013-05-03,1.0255674123764038,1.010699987411499,0.9347000122070312,1.3065063953399658,1.5537117719650269,97.94599914550781,0.850629448890686
2013-05-06,1.0302480459213257,1.0081700086593628,0.9351699948310852,1.3123359680175781,1.5578750371932983,99.0999984741211,0.8539709448814392
2013-05-07,1.0244851112365723,1.006700038909912,0.9384999871253967,1.3070186376571655,1.5537601709365845,99.34400177001953,0.8512811660766602
2013-05-08,1.0178323984146118,1.0049999952316284,0.9408000111579895,1.3077024221420288,1.5479875802993774,98.7760009765625,0.8458090424537659
2013-05-09,1.0191705226898193,1.0026999711990356,0.9350000023841858,1.3161357641220093,1.5542914867401123,98.87799835205078,0.8453085422515869
2013-05-10,1.00764799118042,1.0069600343704224,0.9493899941444397,1.303441047668457,1.5445923805236816,100.76499938964844,0.8397011160850525
2013-05-13,0.998502254486084,1.0120999813079834,0.9587000012397766,1.2965291738510132,1.5341894626617432,101.9229965209961,0.8271982669830322
2013-05-14,0.9971083998680115,1.010200023651123,0.9562000036239624,1.2988024950027466,1.530901312828064,101.66699981689453,0.8261731863021851
2013-05-15,0.9908838868141174,1.0182000398635864,0.9652400016784668,1.2937111854553223,1.5227190256118774,102.20999908447266,0.8216251730918884
2013-05-16,0.9898049831390381,1.0154999494552612,0.9653000235557556,1.2882447242736816,1.523995280265808,102.25800323486328,0.825423002243042
2013-05-17,0.982607901096344,1.0184999704360962,0.9646000266075134,1.2883278131484985,1.527697205543518,102.13500213623047,0.8169267177581787
2013-05-20,0.9767532348632812,1.0281000137329102,0.970300018787384,1.2835652828216553,1.5181187391281128,102.70099639892578,0.8107669949531555
2013-05-21,0.9813542366027832,1.0245000123977661,0.96670001745224,1.2891082763671875,1.5262281894683838,102.16600036621094,0.8181297183036804
2013-05-22,0.9819324612617493,1.0262999534606934,0.9690999984741211,1.2919062376022339,1.5160013437271118,102.44200134277344,0.8171937465667725
2013-05-23,0.9663702845573425,1.037660002708435,0.9803000092506409,1.2842081785202026,1.5035107135772705,103.1760025024414,0.8045052289962769
2013-05-24,0.9684291481971741,1.0318000316619873,0.9700000286102295,1.2925074100494385,1.5095024108886719,102.41000366210938,0.8097821474075317
2013-05-27,0.9637624621391296,1.0318700075149536,0.9615700244903564,1.2937781810760498,1.5131111145019531,101.06099700927734,0.809585452079773
2013-05-28,0.9629273414611816,1.0344500541687012,0.9628000259399414,1.2933933734893799,1.5108935832977295,101.1050033569336,0.8089960813522339
2013-05-29,0.9574875831604004,1.0405999422073364,0.9768999814987183,1.2846370935440063,1.502606987953186,102.44599914550781,0.8059316277503967
2013-05-30,0.9636695981025696,1.0347000360488892,0.9611999988555908,1.294783353805542,1.5131338834762573,100.91600036621094,0.81089848279953
2013-05-31,0.9669309854507446,1.0302000045776367,0.9537000060081482,1.3043931722640991,1.5229045152664185,101.0999984741211,0.8090615272521973
2013-06-03,0.9622787237167358,1.0356999635696411,0.9570000171661377,1.2996464967727661,1.520912528038025,100.47599792480469,0.7978299260139465
2013-06-04,0.975324273109436,1.0283000469207764,0.9474999904632568,1.3072919845581055,1.5321444272994995,99.73799896240234,0.8089960813522339
2013-06-05,0.9645061492919922,1.0348000526428223,0.9483000040054321,1.3073433637619019,1.5303858518600464,100.25,0.8014747500419617
2013-06-06,0.9514747858047485,1.0341999530792236,0.9417999982833862,1.3093289136886597,1.5403337478637695,98.9520034790039,0.7951654195785522
2013-06-07,0.9561508893966675,1.027500033378601,0.9294800162315369,1.3245558738708496,1.5602571964263916,97.3270034790039,0.8003841638565063
2013-06-10,0.9417969584465027,1.0214699506759644,0.9371100068092346,1.3224014043807983,1.5531085729599,98.23799896240234,0.7838833928108215
2013-06-11,0.9458053708076477,1.0194000005722046,0.9337000250816345,1.3224014043807983,1.5531085729599,98.8489990234375,0.7838833928108215
2013-06-12,0.9460737705230713,1.0183900594711304,0.9243000149726868,1.3224014043807983,1.5531085729599,96.10199737548828,0.7838833928108215
2013-06-13,0.9480469822883606,1.0205999612808228,0.9205999970436096,1.3339558839797974,1.568135380744934,95.92900085449219,0.7955449819564819
2013-06-14,0.9637624621391296,1.0156999826431274,0.9223600029945374,1.3367911577224731,1.5713881254196167,95.49400329589844,0.8105698227882385
2013-06-17,0.9575792551040649,1.0164799690246582,0.9217000007629395,1.3348639011383057,1.5723023414611816,94.24199676513672,0.8055421113967896
2013-06-18,0.9544716477394104,1.0187000036239624,0.9222999811172485,1.3363088369369507,1.571783423423767,94.68000030517578,0.7996162176132202
2013-06-19,0.9485865831375122,1.0217000246047974,0.9203000068664551,1.3389928340911865,1.5636972188949585,95.51699829101562,0.799424409866333
2013-06-20,0.9280742406845093,1.0276999473571777,0.9286900162696838,1.329186201095581,1.5482512712478638,96.58999633789062,0.786596417427063
2013-06-21,0.9203019142150879,1.0374000072479248,0.9261000156402588,1.323556661605835,1.5517107248306274,97.14099884033203,0.7770007848739624
2013-06-24,0.923616886138916,1.0479999780654907,0.9363999962806702,1.3105300664901733,1.5389113426208496,98.4229965209961,0.7765181064605713
2013-06-25,0.9261832237243652,1.0498000383377075,0.932449996471405,1.313232183456421,1.5447354316711426,97.53099822998047,0.7763372659683228
2013-06-26,0.9263548254966736,1.051509976387024,0.9386000037193298,1.3079760074615479,1.541687250137329,98.14700317382812,0.773874044418335
2013-06-27,0.9288501143455505,1.0467300415039062,0.9421499967575073,1.301337718963623,1.5325905084609985,97.7699966430664,0.7779073715209961
2013-06-28,0.9281604290008545,1.0477999448776245,0.944890022277832,1.3035939931869507,1.5258322954177856,98.47599792480469,0.7799704074859619
2013-07-01,0.9129085540771484,1.05131995677948,0.9451000094413757,1.3014055490493774,1.5204732418060303,99.37999725341797,0.7737542390823364
2013-07-02,0.9244707822799683,1.0498000383377075,0.9449700117111206,1.306762456893921,1.5216530561447144,99.65699768066406,0.7827788591384888
2013-07-03,0.9144947528839111,1.054800033569336,0.9506000280380249,1.2978922128677368,1.515289306640625,100.73300170898438,0.7754342555999756
2013-07-04,0.9092562198638916,1.0503000020980835,0.9466000199317932,1.3010838031768799,1.5274404287338257,99.95600128173828,0.7773028016090393
2013-07-05,0.9141603708267212,1.052299976348877,0.9564999938011169,1.2907721996307373,1.5038950443267822,100.22000122070312,0.7819830775260925
2013-07-08,0.9062075018882751,1.0572700500488281,0.9653000235557556,1.2829065322875977,1.4879401922225952,101.38600158691406,0.7718431353569031
2013-07-09,0.913993239402771,1.0556999444961548,0.9637200236320496,1.2871006727218628,1.4953718185424805,100.8499984741211,0.7808229923248291
2013-07-10,0.916506290435791,1.0529999732971191,0.9730600118637085,1.278183937072754,1.4861490726470947,101.15299987792969,0.7838219404220581
2013-07-11,0.9275577664375305,1.0382000207901,0.9422900080680847,1.3187741041183472,1.5180034637451172,98.5510025024414,0.7951021790504456
2013-07-12,0.9175995588302612,1.037410020828247,0.9473000168800354,1.3097747564315796,1.5178653001785278,99.04000091552734,0.7847445607185364
2013-07-15,0.907803475856781,1.039199948310852,0.9466000199317932,1.3059945106506348,1.5103687047958374,99.1969985961914,0.7800920009613037
2013-07-16,0.9091735482215881,1.043470025062561,0.9483000040054321,1.3058750629425049,1.5100038051605225,99.94599914550781,0.7797878980636597
2013-07-17,0.9241290092468262,1.0377999544143677,0.9401999711990356,1.3151146173477173,1.5138440132141113,99.16000366210938,0.7887057662010193
2013-07-18,0.9231905937194824,1.0408899784088135,0.9413999915122986,1.3116990327835083,1.520982027053833,99.66000366210938,0.7903263568878174
2013-07-19,0.9180207252502441,1.0378999710083008,0.9443600177764893,1.3110626935958862,1.5222090482711792,100.52200317382812,0.7903263568878174
2013-07-22,0.9219139218330383,1.0353000164031982,0.9394000172615051,1.3159972429275513,1.5284910202026367,100.38899993896484,0.7940288782119751
2013-07-23,0.9258401393890381,1.0334999561309814,0.9359599947929382,1.3190349340438843,1.5365231037139893,99.3239974975586,0.7975753545761108
2013-07-24,0.9289363026618958,1.0290000438690186,0.9348000288009644,1.3223315477371216,1.537491798400879,99.49700164794922,0.800000011920929
2013-07-25,0.9129918813705444,1.0319199562072754,0.9380099773406982,1.319087266921997,1.530854344367981,100.4520034790039,0.7963685393333435
2013-07-26,0.9239583015441895,1.0285999774932861,0.92985999584198,1.3274219036102295,1.538177490234375,99.2750015258789,0.8060615658760071
2013-07-29,0.9255831241607666,1.0270299911499023,0.9280200004577637,1.3287447690963745,1.5392429828643799,97.95999908447266,0.8082113862037659
2013-07-30,0.9194557070732117,1.0262000560760498,0.9308900237083435,1.3263654708862305,1.534165859222412,98.04299926757812,0.8023106455802917
2013-07-31,0.9072763323783875,1.0301200151443481,0.9296200275421143,1.3264886140823364,1.5242043733596802,98.01599884033203,0.7992966771125793
2013-08-01,0.895014762878418,1.02839994430542,0.9259999990463257,1.3301409482955933,1.5174967050552368,97.83300018310547,0.7960516214370728
2013-08-02,0.8942144513130188,1.0347000360488892,0.9364299774169922,1.3211959600448608,1.5120357275009155,99.41999816894531,0.7903888821601868
2013-08-05,0.8905512690544128,1.0387500524520874,0.9291999936103821,1.3278977870941162,1.5287247896194458,98.93499755859375,0.7768197059631348
2013-08-06,0.8914245367050171,1.0357199907302856,0.9274899959564209,1.3257501125335693,1.5353907346725464,98.23200225830078,0.7836990356445312
2013-08-07,0.898876428604126,1.0371999740600586,0.925000011920929,1.3308136463165283,1.53449547290802,97.30799865722656,0.7902015447616577
2013-08-08,0.9002520442008972,1.0420900583267212,0.9214000105857849,1.334098219871521,1.549690842628479,96.56999969482422,0.795861542224884
2013-08-09,0.9107467532157898,1.0326999425888062,0.9200199842453003,1.3380074501037598,1.553591012954712,96.73999786376953,0.8001280426979065
2013-08-12,0.9185266494750977,1.0283000469207764,0.921999990940094,1.3339380025863647,1.5513978004455566,96.04399871826172,0.8041170835494995
2013-08-13,0.911577045917511,1.031209945678711,0.9263700246810913,1.3292922973632812,1.5458101034164429,97.19999694824219,0.7981482744216919
2013-08-14,0.9099181294441223,1.0344799757003784,0.932640016078949,1.326559066772461,1.545069694519043,98.15299987792969,0.7982119917869568
2013-08-15,0.9144947528839111,1.0331699848175049,0.9338300228118896,1.3264182806015015,1.5516144037246704,97.85299682617188,0.805282711982727
2013-08-16,0.9133254289627075,1.0301899909973145,0.925320029258728,1.33539879322052,1.5642108917236328,97.05500030517578,0.8074283599853516
2013-08-19,0.9199631810188293,1.0331900119781494,0.9271000027656555,1.332906723022461,1.5625,97.66699981689453,0.8118860721588135
2013-08-20,0.911577045917511,1.034500002861023,0.9241999983787537,1.3333866596221924,1.5648962259292603,97.5790023803711,0.8059965968132019
2013-08-21,0.9062075018882751,1.0394999980926514,0.9168400168418884,1.3421016931533813,1.5663915872573853,97.30999755859375,0.7961783409118652
2013-08-22,0.8969575762748718,1.04830002784729,0.92330002784729,1.334294080734253,1.5616704225540161,97.80999755859375,0.7848061919212341
2013-08-23,0.9018758535385132,1.0516599416732788,0.9235900044441223,1.335505723953247,1.559721827507019,98.87899780273438,0.7843137383460999
2013-08-26,0.9028530120849609,1.0503000020980835,0.9210100173950195,1.33865225315094,1.558093547821045,98.70500183105469,0.7802137732505798
2013-08-27,0.9013881087303162,1.0499399900436401,0.9218999743461609,1.3379179239273071,1.5584819316864014,98.25800323486328,0.7842522263526917
2013-08-28,0.8946143984794617,1.049049973487854,0.9171000123023987,1.3392080068588257,1.5547988414764404,96.89199829101562,0.7760360240936279
2013-08-29,0.894694447517395,1.0492099523544312,0.9226099848747253,1.3334933519363403,1.5527467727661133,97.72799682617188,0.7816774845123291
2013-08-30,0.8926180005073547,1.0539000034332275,0.9312999844551086,1.3236267566680908,1.550652027130127,98.29199981689453,0.7760962843894958
2013-09-02,0.8938946723937988,1.053570032119751,0.932200014591217,1.3208295106887817,1.5519033670425415,98.38500213623047,0.7766990065574646
2013-09-03,0.900009036064148,1.0551300048828125,0.9347000122070312,1.319000244140625,1.5547021627426147,99.56999969482422,0.7814942002296448
2013-09-04,0.9056330323219299,1.0534800291061401,0.9362000226974487,1.317401647567749,1.556371808052063,99.55400085449219,0.7802137732505798
2013-09-05,0.9171788096427917,1.0496000051498413,0.935699999332428,1.320062279701233,1.5622069835662842,99.72799682617188,0.7895776033401489
2013-09-06,0.9119095206260681,1.0499999523162842,0.9449599981307983,1.3118367195129395,1.5589923858642578,100.11599731445312,0.7888923287391663
2013-09-09,0.9196248054504395,1.0413000583648682,0.9387099742889404,1.3174188137054443,1.5635994672775269,99.97699737548828,0.7982119917869568
2013-09-10,0.9231905937194824,1.0371999740600586,0.9325600266456604,1.3258028030395508,1.5697600841522217,99.71900177001953,0.8018603324890137
2013-09-11,0.930059552192688,1.0353000164031982,0.9348999857902527,1.326629400253296,1.5732917785644531,100.28500366210938,0.80560702085495
2013-09-12,0.9335324764251709,1.030869960784912,0.9299899935722351,1.3315579891204834,1.5826040506362915,99.83000183105469,0.8148630857467651
2013-09-13,0.926268994808197,1.032289981842041,0.9307900071144104,1.3298933506011963,1.5804529190063477,99.5780029296875,0.8132064938545227
2013-09-16,0.9323139786720276,1.0309900045394897,0.9251000285148621,1.3359339237213135,1.593625545501709,99.01499938964844,0.8196049332618713
2013-09-17,0.9322270750999451,1.0318700075149536,0.9268100261688232,1.3337956666946411,1.5903055667877197,99.06999969482422,0.8181297183036804
2013-09-18,0.935366153717041,1.0295000076293945,0.9259999990463257,1.3357912302017212,1.5905078649520874,99.12799835205078,0.8228421211242676
2013-09-19,0.9497578740119934,1.0223100185394287,0.9124000072479248,1.3523015975952148,1.6133195161819458,98.20999908447266,0.8389261364936829
2013-09-20,0.9445546865463257,1.0265799760818481,0.9103599786758423,1.353417992591858,1.6037977933883667,99.38999938964844,0.8388557434082031
2013-09-23,0.9402031302452087,1.0297900438308716,0.9105200171470642,1.3534547090530396,1.6016913652420044,99.2770004272461,0.8361903429031372
2013-09-24,0.9423294067382812,1.0283000469207764,0.9103699922561646,1.349892020225525,1.6041579246520996,98.73999786376953,0.8361204266548157
2013-09-25,0.9384384155273438,1.0305900573730469,0.9133999943733215,1.347182273864746,1.599590539932251,98.74500274658203,0.8247422575950623
2013-09-26,0.9365926384925842,1.031980037689209,0.9099000096321106,1.351698398590088,1.6073811054229736,98.43499755859375,0.8247422575950623
2013-09-27,0.9359790086746216,1.0311000347137451,0.910099983215332,1.348617672920227,1.6037464141845703,98.90499877929688,0.8279516100883484
2013-09-30,0.9301460981369019,1.0312000513076782,0.9052000045776367,1.349545955657959,1.6168932914733887,97.8270034790039,0.8267879486083984
2013-10-01,0.93205326795578,1.0323699712753296,0.9053000211715698,1.3525211811065674,1.6186991930007935,98.4000015258789,0.8295313119888306
2013-10-02,0.9391434788703918,1.033750057220459,0.9064599871635437,1.352338194847107,1.6192234754562378,97.9260025024414,0.8256275057792664
2013-10-03,0.9387027025222778,1.0324499607086182,0.9020900130271912,1.3591018915176392,1.6235610246658325,97.30000305175781,0.8315317034721375
2013-10-04,0.9402031302452087,1.032770037651062,0.8988000154495239,1.362416386604309,1.6156916618347168,97.25900268554688,0.8282259702682495
2013-10-07,0.9442870616912842,1.0298800468444824,0.9053000211715698,1.356999397277832,1.603592038154602,97.29000091552734,0.8313933610916138
2013-10-09,0.944822371006012,1.0355000495910645,0.901960015296936,1.3598041534423828,1.612097144126892,96.9010009765625,0.8313242793083191
2013-10-10,0.945000946521759,1.0392800569534302,0.9105499982833862,1.352027416229248,1.595507025718689,97.47899627685547,0.8298754692077637
2013-10-11,0.9455639123916626,1.0409300327301025,0.9108099937438965,1.3526674509048462,1.598005771636963,98.18499755859375,0.8276775479316711
2013-10-14,0.9447330832481384,1.0364099740982056,0.9098600149154663,1.3556748628616333,1.5971124172210693,98.31400299072266,0.832292914390564
2013-10-15,0.9512032270431519,1.035099983215332,0.9111700057983398,1.3558586835861206,1.597188949584961,98.6500015258789,0.8366100788116455
2013-10-16,0.9537435173988342,1.03725004196167,0.9133399724960327,1.3521736860275269,1.5984655618667603,98.54399871826172,0.8403360843658447
2013-10-17,0.9543806314468384,1.0327999591827393,0.9142000079154968,1.3522467613220215,1.5943877696990967,98.94000244140625,0.8430992364883423
2013-10-18,0.9617233872413635,1.0298999547958374,0.9031000137329102,1.366698980331421,1.6149349212646484,97.98999786376953,0.8461668491363525
2013-10-21,0.9660902619361877,1.0294599533081055,0.9021499752998352,1.3681949377059937,1.6172070503234863,97.927001953125,0.8495455384254456
2013-10-22,0.9653441309928894,1.0306199789047241,0.9023000001907349,1.36759614944458,1.6135278940200806,98.19400024414062,0.845522940158844
2013-10-23,0.9701203107833862,1.0290000438690186,0.8949999809265137,1.3778469562530518,1.6232712268829346,98.13300323486328,0.851353645324707
2013-10-24,0.9641342163085938,1.0378999710083008,0.8923400044441223,1.3780938386917114,1.616370677947998,97.41999816894531,0.8411843776702881
2013-10-25,0.9621860980987549,1.0417100191116333,0.8921999931335449,1.380395531654358,1.620089054107666,97.38500213623047,0.8342370986938477
2013-10-28,0.9599692821502686,1.044100046157837,0.8924999833106995,1.3805290460586548,1.6173901557922363,97.56999969482422,0.8296689987182617
2013-10-29,0.954562783241272,1.0443799495697021,0.8956199884414673,1.3789299726486206,1.614179015159607,97.62000274658203,0.8298754692077637
2013-10-30,0.9478673338890076,1.0469000339508057,0.8994699716567993,1.374306082725525,1.6048272848129272,98.19400024414062,0.8256956338882446
2013-10-31,0.9470324516296387,1.0477999448776245,0.9002500176429749,1.3724011182785034,1.602615475654602,98.50700378417969,0.825218677520752
2013-11-01,0.9462528228759766,1.0428999662399292,0.9074599742889404,1.3579760789871216,1.6044667959213257,98.32099914550781,0.8265829086303711
2013-11-04,0.9466111660003662,1.0416100025177002,0.9124000072479248,1.349400281906128,1.5923820734024048,98.69200134277344,0.8267879486083984
2013-11-05,0.9512032270431519,1.0419700145721436,0.9096999764442444,1.351698398590088,1.5972399711608887,98.62699890136719,0.8293936848640442
2013-11-06,0.9500284790992737,1.0449999570846558,0.9135000109672546,1.3473094701766968,1.6048015356063843,98.45600128173828,0.8364700675010681
2013-11-07,0.9527438879013062,1.0419199466705322,0.9118499755859375,1.351807951927185,1.6085445880889893,98.6500015258789,0.8375911116600037
2013-11-08,0.9456264972686768,1.045240044593811,0.9166300296783447,1.3409138917922974,1.6088809967041016,98.1709976196289,0.8322237133979797
2013-11-11,0.9369437098503113,1.0484700202941895,0.9228699803352356,1.3347926139831543,1.6004866361618042,99.1989974975586,0.8247422575950623
2013-11-12,0.9364173412322998,1.0469199419021606,0.9193999767303467,1.3409318923950195,1.5986955165863037,99.13800048828125,0.8258320689201355
2013-11-13,0.9304922223091125,1.049090027809143,0.9172300100326538,1.3439956903457642,1.589092493057251,99.61699676513672,0.8214227557182312
2013-11-14,0.9365926384925842,1.0446799993515015,0.9135000109672546,1.3489633798599243,1.6049045324325562,99.21800231933594,0.8289811611175537
2013-11-15,0.931011974811554,1.0468100309371948,0.9178400039672852,1.3448994159698486,1.6058067083358765,100.23999786376953,0.8274720311164856
2013-11-18,0.9370315074920654,1.0438200235366821,0.9154199957847595,1.3483994007110596,1.6113957166671753,100.35399627685547,0.8348639011383057
2013-11-19,0.9370315074920654,1.043280005455017,0.9128000140190125,1.3504389524459839,1.6115256547927856,99.86299896240234,0.8320851922035217
2013-11-20,0.9440196752548218,1.04544997215271,0.9086800217628479,1.3567416667938232,1.6138923168182373,100.18099975585938,0.837871789932251
2013-11-21,0.9328358173370361,1.0454000234603882,0.9168699979782104,1.3433817625045776,1.6100207567214966,100.20700073242188,0.8269930481910706
2013-11-22,0.9226794838905334,1.0517799854278564,0.9139999747276306,1.347182273864746,1.6186991930007935,101.31900024414062,0.8225036859512329
2013-11-25,0.9165903329849243,1.0544999837875366,0.9069499969482422,1.355233907699585,1.6231131553649902,101.29000091552734,0.8194706439971924
2013-11-26,0.9192866086959839,1.0529500246047974,0.9107599854469299,1.3527590036392212,1.6167103052139282,101.3499984741211,0.8233163356781006
2013-11-27,0.9123255610466003,1.054229974746704,0.9068499803543091,1.3567785024642944,1.620982050895691,101.23400115966797,0.8192020654678345
2013-11-28,0.9084302186965942,1.0591299533843994,0.9082599878311157,1.357367753982544,1.6282932758331299,102.20999908447266,0.8151952624320984
2013-11-29,0.9084302186965942,1.058500051498413,0.9058899879455566,1.360396146774292,1.6340937614440918,102.29199981689453,0.8114906549453735
2013-12-02,0.9123255610466003,1.062190055847168,0.9063799977302551,1.3585110902786255,1.6377869844436646,102.47100067138672,0.8164598345756531
2013-12-03,0.9116601347923279,1.0642000436782837,0.9086700081825256,1.3542062044143677,1.6359918117523193,102.93299865722656,0.8194034695625305
2013-12-04,0.9133254289627075,1.0638999938964844,0.90420001745224,1.3590649366378784,1.6388875246047974,102.35099792480469,0.8240625858306885
2013-12-05,0.9031791687011719,1.0676499605178833,0.9024199843406677,1.3586403131484985,1.6378138065338135,102.40399932861328,0.820748507976532
2013-12-06,0.9067004919052124,1.0647000074386597,0.8966000080108643,1.3669979572296143,1.6333998441696167,101.74199676513672,0.8218953013420105
2013-12-09,0.9105809926986694,1.0654200315475464,0.8922100067138672,1.3706516027450562,1.6328929662704468,103.13099670410156,0.8290498852729797
2013-12-10,0.909008264541626,1.0635299682617188,0.8900499939918518,1.3740227222442627,1.6425215005874634,103.26599884033203,0.8278830647468567
2013-12-11,0.9146620631217957,1.060479998588562,0.8870000243186951,1.37644362449646,1.6455758810043335,102.7979965209961,0.8309098482131958
2013-12-12,0.9048135876655579,1.0591700077056885,0.8866999745368958,1.3786067962646484,1.6376261711120605,102.50800323486328,0.8274036049842834
2013-12-13,0.8925384283065796,1.0641900300979614,0.8893399834632874,1.3750807046890259,1.6339869499206543,103.54000091552734,0.8220303654670715
2013-12-16,0.8952551484107971,1.0588099956512451,0.8895999789237976,1.3739283084869385,1.630496859550476,103.2699966430664,0.8263097405433655
2013-12-17,0.894134521484375,1.0592999458312988,0.8870999813079834,1.3762919902801514,1.6299653053283691,103.0270004272461,0.8261731863021851
2013-12-18,0.8921402096748352,1.0601600408554077,0.8847600221633911,1.3771259784698486,1.6277896165847778,102.6240005493164,0.8277460932731628
2013-12-19,0.8847991228103638,1.071470022201538,0.8943099975585938,1.3684945106506348,1.6386995315551758,104.21299743652344,0.8206811547279358
2013-12-20,0.8863754868507385,1.0671099424362183,0.8982999920845032,1.3655791282653809,1.6364737749099731,104.2760009765625,0.8198737502098083
2013-12-23,0.8922198414802551,1.064210057258606,0.8953499794006348,1.3678393363952637,1.6331596374511719,104.02999877929688,0.821220338344574
2013-12-24,0.8930166363716125,1.061519980430603,0.893530011177063,1.3699944019317627,1.6350288391113281,104.1760025024414,0.8198065161705017
2013-12-25,0.8926976919174194,1.0630600452423096,0.8955100178718567,1.3681949377059937,1.6370898485183716,104.30000305175781,0.818799614906311
2013-12-26,0.891742467880249,1.0634700059890747,0.8963000178337097,1.3668484687805176,1.6354032754898071,104.52400207519531,0.8180628418922424
2013-12-27,0.8886518478393555,1.0648000240325928,0.8961499929428101,1.3696191310882568,1.641631841659546,104.87899780273438,0.8160600662231445
2013-12-30,0.8855043053627014,1.0707000494003296,0.8913999795913696,1.3750240802764893,1.6482338905334473,105.31999969482422,0.8153946399688721
2013-12-31,0.8919811248779297,1.0644999742507935,0.8871999979019165,1.3810056447982788,1.6495118141174316,104.93399810791016,0.8217602372169495
2014-01-01,0.8915039300918579,1.0619299411773682,0.8926900029182434,1.3744947910308838,1.6563969850540161,105.30000305175781,0.8227066993713379
2014-01-02,0.8892050385475159,1.0644500255584717,0.8914999961853027,1.3766709566116333,1.6580722332000732,105.3239974975586,0.8208832740783691
2014-01-03,0.8906305432319641,1.0669100284576416,0.8991400003433228,1.3666616678237915,1.6447908878326416,104.83300018310547,0.8187325596809387
2014-01-06,0.8965393900871277,1.0630500316619873,0.9050300121307373,1.3596007823944092,1.6413085460662842,104.91200256347656,0.8267195820808411
2014-01-07,0.8967000842094421,1.0660899877548218,0.9037600159645081,1.3631964921951294,1.6417936086654663,104.20999908447266,0.8289811611175537
2014-01-08,0.891742467880249,1.077299952507019,0.9093199968338013,1.3616372346878052,1.6400164365768433,104.71199798583984,0.8282259702682495
2014-01-09,0.8890469670295715,1.0822299718856812,0.9114999771118164,1.3572019338607788,1.644709825515747,104.84400177001953,0.8263779282569885
2014-01-10,0.889758825302124,1.0844800472259521,0.9068300127983093,1.360710859298706,1.6479079723358154,104.83000183105469,0.8247422575950623
2014-01-13,0.9013068675994873,1.0904099941253662,0.9020000100135803,1.3671848773956299,1.6494300365447998,103.9489974975586,0.8304957747459412
2014-01-14,0.9049773812294006,1.0881999731063843,0.8992000222206116,1.3669979572296143,1.6389949321746826,103.11599731445312,0.837871789932251
2014-01-15,0.8961375951766968,1.0947200059890747,0.902999997138977,1.3668484687805176,1.6434123516082764,104.17900085449219,0.8368901014328003
2014-01-16,0.8905512690544128,1.0948200225830078,0.9092000126838684,1.359933614730835,1.6361792087554932,104.57099914550781,0.8334027528762817
2014-01-17,0.8819897174835205,1.0931999683380127,0.9047799706459045,1.3618041276931763,1.63529634475708,104.29499816894531,0.8349335789680481
2014-01-20,0.8774238228797913,1.096500039100647,0.9114000201225281,1.3527590036392212,1.6417936086654663,104.23799896240234,0.8253549337387085
2014-01-21,0.8804367184638977,1.0952399969100952,0.910860002040863,1.3549033403396606,1.64241361618042,104.2249984741211,0.8316699862480164
2014-01-22,0.8805918097496033,1.0967999696731567,0.9103000164031982,1.355913758277893,1.647527813911438,104.2229995727539,0.8313933610916138
2014-01-23,0.8844861388206482,1.110200047492981,0.9122200012207031,1.354224443435669,1.6562050580978394,104.63500213623047,0.8306337594985962
2014-01-24,0.8760402798652649,1.1112899780273438,0.8980200290679932,1.3689066171646118,1.6634783744812012,103.37000274658203,0.8287063837051392
2014-01-27,0.8694896101951599,1.1061999797821045,0.8938000202178955,1.3687942028045654,1.6490492820739746,102.05000305175781,0.8233163356781006
2014-01-28,0.8732098937034607,1.1114599704742432,0.8963900208473206,1.3674652576446533,1.657495141029358,102.66100311279297,0.8227066993713379
2014-01-29,0.8788118362426758,1.1145999431610107,0.899590015411377,1.3655046224594116,1.6570007801055908,103.23100280761719,0.8273351788520813
2014-01-30,0.8748906254768372,1.1181000471115112,0.8949999809265137,1.365859031677246,1.6559032201766968,102.30000305175781,0.8214901685714722
2014-01-31,0.8795848488807678,1.11558997631073,0.9024699926376343,1.3558770418167114,1.6498383283615112,102.75800323486328,0.8175946474075317
2014-02-03,0.87565678358078,1.1122299432754517,0.9064900279045105,1.3488178253173828,1.643790602684021,102.19200134277344,0.8105040788650513
2014-02-04,0.8750437498092651,1.110700011253357,0.9013500213623047,1.3525028228759766,1.6308956146240234,101.14199829101562,0.8071025013923645
2014-02-05,0.8914245367050171,1.108299970626831,0.9039000272750854,1.3515887260437012,1.6330530643463135,101.68900299072266,0.8225036859512329
2014-02-06,0.8928571343421936,1.1077500581741333,0.9039000272750854,1.3535096645355225,1.6327064037322998,101.46600341796875,0.8229774832725525
2014-02-07,0.895014762878418,1.1068899631500244,0.9006800055503845,1.3592127561569214,1.632200002670288,102.03900146484375,0.8244702219963074
2014-02-10,0.894694447517395,1.1036900281906128,0.8988000154495239,1.361933946609497,1.6410391330718994,102.52400207519531,0.8283631205558777
2014-02-11,0.8945664167404175,1.1055999994277954,0.8966000080108643,1.364610195159912,1.6408774852752686,102.13300323486328,0.8270614743232727
2014-02-12,0.9021199941635132,1.1008399724960327,0.8981999754905701,1.3639029264450073,1.6448721885681152,102.5199966430664,0.8309788703918457
2014-02-13,0.9024455547332764,1.0993900299072266,0.9006699919700623,1.3590095043182373,1.6609915494918823,102.46900177001953,0.8324314951896667
2014-02-14,0.8982304930686951,1.097730040550232,0.8934000134468079,1.3678767681121826,1.6657227277755737,102.18800354003906,0.8345852494239807
2014-02-17,0.9059611558914185,1.0973000526428223,0.891700029373169,1.3699944019317627,1.67613685131073,101.56400299072266,0.837871789932251
2014-02-18,0.9039466977119446,1.0956000089645386,0.891700029373169,1.3704450130462646,1.6719892024993896,102.06199645996094,0.8364000916481018
2014-02-19,0.90203857421875,1.095139980316162,0.8878499865531921,1.376197338104248,1.668613314628601,102.33200073242188,0.8301510810852051
2014-02-20,0.8999280333518982,1.1069999933242798,0.8888199925422668,1.3730417490005493,1.6675838232040405,102.31099700927734,0.8274036049842834
2014-02-21,0.9009820818901062,1.1103700399398804,0.8893100023269653,1.372118592262268,1.66616690158844,102.31199645996094,0.8306337594985962
2014-02-24,0.8977466821670532,1.111199975013733,0.8873000144958496,1.3737962245941162,1.6633399724960327,102.51300048828125,0.8280202150344849
2014-02-25,0.9037505388259888,1.1058800220489502,0.888729989528656,1.3736075162887573,1.6656949520111084,102.48200225830078,0.8333333134651184
2014-02-26,0.9009820818901062,1.108389973640442,0.8870000243186951,1.3746082782745361,1.6677229404449463,102.1500015258789,0.8328474760055542
2014-02-27,0.8963786363601685,1.1136000156402588,0.8906000256538391,1.3681949377059937,1.6668334007263184,102.29900360107422,0.8309098482131958
2014-02-28,0.8961697816848755,1.1123000383377075,0.8883000016212463,1.3707455396652222,1.6691983938217163,102.11000061035156,0.8366100788116455
2014-03-03,0.8902341723442078,1.1062400341033936,0.8795999884605408,1.377695083618164,1.6729121208190918,101.30500030517578,0.8363301753997803
2014-03-04,0.8925384283065796,1.1079599857330322,0.8827900290489197,1.373701810836792,1.6668334007263184,101.41200256347656,0.8364700675010681
2014-03-05,0.8954154849052429,1.1088000535964966,0.8873000144958496,1.374117136001587,1.6666944026947021,102.1780014038086,0.8389965295791626
2014-03-06,0.8978192210197449,1.1028200387954712,0.8873199820518494,1.3734188079833984,1.6719053983688354,102.36699676513672,0.8413259983062744
2014-03-07,0.9105809926986694,1.0985699892044067,0.8802000284194946,1.3863087892532349,1.6741725206375122,103.03199768066406,0.847529411315918
2014-03-10,0.9057971239089966,1.108839988708496,0.8776000142097473,1.3878673315048218,1.6731082201004028,103.19000244140625,0.847385823726654
2014-03-11,0.9024455547332764,1.111430048942566,0.877560019493103,1.3878865242004395,1.6640042066574097,103.23600006103516,0.8469552397727966
2014-03-12,0.8965393900871277,1.110859990119934,0.8773999810218811,1.385809302330017,1.662068247795105,102.83999633789062,0.845522940158844
2014-03-13,0.8997660279273987,1.1116700172424316,0.8741099834442139,1.3904531002044678,1.6621235609054565,102.78299713134766,0.8522969484329224
2014-03-14,0.9030161499977112,1.1077300310134888,0.8748300075531006,1.3865394592285156,1.6625105142593384,101.77999877929688,0.8538980484008789
2014-03-17,0.9029345512390137,1.109470009803772,0.8722500205039978,1.39130437374115,1.6642534732818604,101.33000183105469,0.8538250923156738
2014-03-18,0.9084302186965942,1.1058000326156616,0.8733000159263611,1.3926606178283691,1.6639212369918823,101.85900115966797,0.8560910820960999
2014-03-19,0.9133254289627075,1.112779974937439,0.8731799721717834,1.3930875062942505,1.6598061323165894,101.44000244140625,0.8623663187026978
2014-03-20,0.9030161499977112,1.1245499849319458,0.8816999793052673,1.381921648979187,1.6539040803909302,102.46800231933594,0.8533151149749756
2014-03-21,0.9038322567939758,1.1240999698638916,0.8831999897956848,1.378207802772522,1.6508733034133911,102.40699768066406,0.8531695604324341
2014-03-24,0.9094216227531433,1.1225700378417969,0.8821499943733215,1.3795576095581055,1.6490222215652466,102.24099731445312,0.8539709448814392
2014-03-25,0.9129918813705444,1.1196999549865723,0.8805800080299377,1.3838915824890137,1.6498383283615112,102.20700073242188,0.8548469543457031
2014-03-26,0.9162543416023254,1.1165000200271606,0.883109986782074,1.3819025754928589,1.6533024311065674,102.28500366210938,0.8573388457298279
2014-03-27,0.9218289256095886,1.1098599433898926,0.8851600289344788,1.378207802772522,1.6576874256134033,101.90299987792969,0.8600670695304871
2014-03-28,0.9266981482505798,1.1029599905014038,0.8865500092506409,1.3741360902786255,1.6607985496520996,102.14700317382812,0.8663259148597717
2014-03-31,0.9260116219520569,1.1050000190734863,0.8867999911308289,1.3752131462097168,1.6643919944763184,102.88899993896484,0.8669267892837524
2014-04-01,0.9268699884414673,1.1052000522613525,0.8841999769210815,1.3775053024291992,1.666638970375061,103.21399688720703,0.8676789402961731
2014-04-02,0.9238728880882263,1.1028000116348267,0.8832499980926514,1.379481554031372,1.663312315940857,103.63300323486328,0.8618460893630981
2014-04-03,0.924727201461792,1.1029000282287598,0.8865100145339966,1.376822590827942,1.6627315282821655,103.86699676513672,0.857485830783844
2014-04-04,0.9232758283615112,1.1033999919891357,0.8906999826431274,1.3723821640014648,1.659888744354248,103.89600372314453,0.8555783629417419
2014-04-07,0.9290226101875305,1.0979900360107422,0.8916000127792358,1.3704074621200562,1.657907485961914,103.31999969482422,0.8613264560699463
2014-04-08,0.9266981482505798,1.0975500345230103,0.8876399993896484,1.374306082725525,1.6610468626022339,103.06900024414062,0.8610298037528992
2014-04-09,0.9351038336753845,1.092900037765503,0.8837500214576721,1.3793293237686157,1.675013780593872,101.95500183105469,0.8667764663696289
2014-04-10,0.9378223419189453,1.0880000591278076,0.8798900246620178,1.3855020999908447,1.6799945831298828,102.10700225830078,0.8722198009490967
2014-04-11,0.9397612810134888,1.0933400392532349,0.8759999871253967,1.3886381387710571,1.6777397394180298,101.37999725341797,0.8669267892837524
2014-04-14,0.9385265111923218,1.0976200103759766,0.8769000172615051,1.3846195936203003,1.6729681491851807,101.44200134277344,0.8685833811759949
2014-04-15,0.9411764740943909,1.0967999696731567,0.8802000284194946,1.381711721420288,1.6729121208190918,101.90399932861328,0.8685833811759949
2014-04-16,0.9343174695968628,1.0984400510787964,0.8803499937057495,1.38119637966156,1.6725484132766724,101.87699890136719,0.8596973419189453
2014-04-17,0.9373828172683716,1.1009000539779663,0.881380021572113,1.3827050924301147,1.6805875301361084,102.20099639892578,0.8632596135139465
2014-04-18,0.9330969452857971,1.1007100343704224,0.8828700184822083,1.3812155723571777,1.6786692142486572,102.44300079345703,0.8579272627830505
2014-04-21,0.9333581924438477,1.10207998752594,0.8830999732017517,1.3815207481384277,1.6791765689849854,102.55999755859375,0.8591064810752869
2014-04-22,0.9337940216064453,1.1017999649047852,0.8852099776268005,1.3795006275177002,1.6792893409729004,102.66999816894531,0.8577064871788025
2014-04-23,0.9370315074920654,1.1026300191879272,0.8847699761390686,1.3810056447982788,1.6826801300048828,102.62100219726562,0.8613264560699463
2014-04-24,0.9288501143455505,1.1030499935150146,0.8834599852561951,1.381921648979187,1.6785000562667847,102.4800033569336,0.8615490794181824
2014-04-25,0.9270418286323547,1.1021000146865845,0.8816099762916565,1.3832024335861206,1.6809546947479248,102.302001953125,0.8571918606758118
2014-04-28,0.927385687828064,1.1033999919891357,0.8806999921798706,1.384063959121704,1.6805592775344849,102.1050033569336,0.8582217693328857
2014-04-29,0.925377607345581,1.1024099588394165,0.8802000284194946,1.3852909803390503,1.6810113191604614,102.51599884033203,0.8533879518508911
2014-04-30,0.9274716973304749,1.0951999425888062,0.8831999897956848,1.3813681602478027,1.6824253797531128,102.56400299072266,0.8562377095222473
2014-05-01,0.9283326864242554,1.096500039100647,0.8799999952316284,1.386924147605896,1.6876497268676758,102.22000122070312,0.8610298037528992
2014-05-02,0.9276438355445862,1.0963300466537476,0.8791199922561646,1.3870972394943237,1.6895315647125244,102.26599884033203,0.8630361557006836
2014-05-05,0.9275577664375305,1.097599983215332,0.8776000142097473,1.387270450592041,1.6879061460494995,102.19999694824219,0.8663259148597717
2014-05-06,0.9282465577125549,1.0958199501037598,0.8776999711990356,1.387597680091858,1.686995029449463,102.13999938964844,0.8683570623397827
2014-05-07,0.9351038336753845,1.0888999700546265,0.8741000294685364,1.3930680751800537,1.6976776123046875,101.69300079345703,0.8710042834281921
2014-05-08,0.9324009418487549,1.0898000001907349,0.8761299848556519,1.3911689519882202,1.6955475807189941,101.87200164794922,0.8652764558792114
2014-05-09,0.9369437098503113,1.0830199718475342,0.879800021648407,1.3844279050827026,1.6935373544692993,101.59300231933594,0.8647527098655701
2014-05-12,0.9360666275024414,1.0898000001907349,0.8866000175476074,1.376064658164978,1.6860277652740479,101.9000015258789,0.8625895380973816
2014-05-13,0.9360666275024414,1.0898000001907349,0.8876500129699707,1.3756672143936157,1.6873650550842285,102.18499755859375,0.8625150918960571
2014-05-14,0.9365049004554749,1.0906000137329102,0.8895999789237976,1.3709522485733032,1.6834166049957275,102.23200225830078,0.8629617094993591
2014-05-15,0.9371192455291748,1.0887000560760498,0.8893799781799316,1.372005581855774,1.6770081520080566,101.81500244140625,0.8661758303642273
2014-05-16,0.9358038306236267,1.0875999927520752,0.890500009059906,1.3716480731964111,1.6795432567596436,101.4990005493164,0.8654261827468872
2014-05-19,0.9367681741714478,1.0863900184631348,0.8919600248336792,1.3703323602676392,1.6824253797531128,101.54199981689453,0.8640055060386658
2014-05-20,0.9334453344345093,1.08719003200531,0.8920300006866455,1.3713847398757935,1.681689739227295,101.5,0.8632596135139465
2014-05-21,0.9234462380409241,1.0908399820327759,0.8916299939155579,1.3704074621200562,1.6837284564971924,101.26200103759766,0.8568246364593506
2014-05-22,0.923616886138916,1.091380000114441,0.8932999968528748,1.3681762218475342,1.6897029876708984,101.41999816894531,0.856531023979187
2014-05-23,0.9227646589279175,1.0893000364303589,0.8944200277328491,1.3654487133026123,1.6867388486862183,101.76499938964844,0.8568246364593506
2014-05-26,0.924043595790863,1.086899995803833,0.895579993724823,1.3628805875778198,1.6834166049957275,101.96199798583984,0.8544087409973145
2014-05-27,0.9256688356399536,1.0856000185012817,0.8946599960327148,1.3651318550109863,1.6843807697296143,101.89399719238281,0.85638427734375
2014-05-28,0.9265264272689819,1.0853999853134155,0.896399974822998,1.3636983633041382,1.6812090873718262,101.97699737548828,0.8568980097770691
2014-05-29,0.922934889793396,1.086899995803833,0.898140013217926,1.359342098236084,1.6715978384017944,101.7300033569336,0.8490405678749084
2014-05-30,0.9310986995697021,1.0837600231170654,0.8978999853134155,1.360451579093933,1.6724364757537842,101.72000122070312,0.8495455384254456
2014-06-02,0.9299730658531189,1.0843000411987305,0.8954899907112122,1.3628062009811401,1.675659418106079,101.8759994506836,0.8491126298904419
2014-06-03,0.9237021803855896,1.0902199745178223,0.8985300064086914,1.3598966598510742,1.6745930910110474,102.41999816894531,0.8442381024360657
2014-06-04,0.9261832237243652,1.091599941253662,0.8967000246047974,1.3621008396148682,1.674116611480713,102.54000091552734,0.8438819050788879
2014-06-05,0.927385687828064,1.094099998474121,0.8967999815940857,1.3604146242141724,1.674004316329956,102.68099975585938,0.8423181176185608
2014-06-06,0.9326618909835815,1.092079997062683,0.8917099833488464,1.3661948442459106,1.6810113191604614,102.4229965209961,0.8486082553863525
2014-06-09,0.9335324764251709,1.0925300121307373,0.8931900262832642,1.3642936944961548,1.6801921129226685,102.4800033569336,0.8502678275108337
2014-06-10,0.9344047904014587,1.0906000137329102,0.8970100283622742,1.3592681884765625,1.6803898811340332,102.4800033569336,0.8495455384254456
2014-06-11,0.9372071027755737,1.0898200273513794,0.8994500041007996,1.3540961742401123,1.6753225326538086,102.31400299072266,0.8533879518508911
2014-06-12,0.9381743669509888,1.0868200063705444,0.8995000123977661,1.3537112474441528,1.6789791584014893,102.0,0.8609556555747986
2014-06-13,0.9425959587097168,1.085510015487671,0.8980000019073486,1.3554543256759644,1.695892572402954,101.69999694824219,0.8678295612335205
2014-06-16,0.9391434788703918,1.0856000185012817,0.9002000093460083,1.3538029193878174,1.697792887687683,101.96700286865234,0.8664010167121887
2014-06-17,0.9394964575767517,1.0849100351333618,0.8970000147819519,1.3577179908752441,1.6978504657745361,101.87000274658203,0.8673779368400574
2014-06-18,0.9337068200111389,1.0861999988555908,0.8991000056266785,1.3547931909561157,1.6959787607192993,102.17400360107422,0.8661007881164551
2014-06-19,0.9400263428688049,1.0835000276565552,0.8960999846458435,1.3590649366378784,1.6998707056045532,101.88999938964844,0.8720676302909851
2014-06-20,0.9400263428688049,1.0816999673843384,0.8938000202178955,1.361136794090271,1.7040129899978638,101.93000030517578,0.8709284067153931
2014-06-23,0.9387027025222778,1.0751999616622925,0.8955299854278564,1.3593051433563232,1.7022724151611328,102.06600189208984,0.8704735040664673
2014-06-24,0.941974401473999,1.0730299949645996,0.8944000005722046,1.3601926565170288,1.70253324508667,101.87000274658203,0.8704735040664673
2014-06-25,0.9366803765296936,1.0743000507354736,0.8937699794769287,1.3605812788009644,1.6980524063110352,101.91000366210938,0.8670019507408142
2014-06-26,0.9405568242073059,1.0721900463104248,0.8927000164985657,1.3628991842269897,1.6986002922058105,101.80000305175781,0.8735913038253784
2014-06-27,0.9409107565879822,1.0691499710083008,0.8934199810028076,1.3613035678863525,1.70253324508667,101.63700103759766,0.8774238228797913
2014-06-30,0.9417082667350769,1.0665500164031982,0.890999972820282,1.3644425868988037,1.7034034729003906,101.44300079345703,0.8775778412818909
2014-07-01,0.9429514408111572,1.0671000480651855,0.8867300152778625,1.3693565130233765,1.710981011390686,101.29000091552734,0.8762706518173218
2014-07-02,0.9492168426513672,1.0633800029754639,0.8874800205230713,1.3680826425552368,1.7148540019989014,101.54000091552734,0.8762706518173218
2014-07-03,0.9434852004051208,1.0666600465774536,0.8891900181770325,1.3652995824813843,1.7160900831222534,101.83000183105469,0.8765778541564941
2014-07-04,0.935016393661499,1.0636500120162964,0.8932700157165527,1.3610072135925293,1.7152658700942993,102.18000030517578,0.8746610283851624
2014-07-07,0.9360666275024414,1.065000057220459,0.8948000073432922,1.3588433265686035,1.7151482105255127,102.11000061035156,0.8735150694847107
2014-07-08,0.9372949600219727,1.0681999921798706,0.8931999802589417,1.360618233680725,1.713443636894226,101.80000305175781,0.8751968741416931
2014-07-09,0.9410879015922546,1.067229986190796,0.8924999833106995,1.3617113828659058,1.7140311002731323,101.45999908447266,0.8795074820518494
2014-07-10,0.941974401473999,1.0649399757385254,0.890749990940094,1.3642936944961548,1.715854525566101,101.53500366210938,0.8823789358139038
2014-07-11,0.9387027025222778,1.06482994556427,0.8925899863243103,1.3605072498321533,1.713091492652893,101.28299713134766,0.881212592124939
2014-07-14,0.9383503198623657,1.0727299451828003,0.8925099968910217,1.360377550125122,1.7122994661331177,101.37000274658203,0.8811349272727966
2014-07-15,0.9394081830978394,1.0714999437332153,0.8916000127792358,1.3621751070022583,1.708788275718689,101.5199966430664,0.881212592124939
2014-07-16,0.9363296031951904,1.0759199857711792,0.8954499959945679,1.3572019338607788,1.7143837213516235,101.66000366210938,0.8729050755500793
2014-07-17,0.9366803765296936,1.07368004322052,0.8979799747467041,1.3529969453811646,1.7139723300933838,101.62999725341797,0.8716875910758972
2014-07-18,0.9351038336753845,1.07614004611969,0.8978099822998047,1.3518811464309692,1.7095186710357666,101.2300033569336,0.8670019507408142
2014-07-21,0.9395847320556641,1.073930025100708,0.8978700041770935,1.3532166481018066,1.7091095447540283,101.33999633789062,0.8707009553909302
2014-07-22,0.9367681741714478,1.0737600326538086,0.8978999853134155,1.3527040481567383,1.7073588371276855,101.4000015258789,0.868206262588501
2014-07-23,0.9388790130615234,1.073799967765808,0.9021199941635132,1.3468012809753418,1.7065428495407104,101.47000122070312,0.8672274351119995
2014-07-24,0.9441087245941162,1.0730400085449219,0.9021000266075134,1.346293568611145,1.7041000127792358,101.5199966430664,0.8609556555747986
2014-07-25,0.9417082667350769,1.0743999481201172,0.9025099873542786,1.3464748859405518,1.699177622795105,101.76000213623047,0.8581480979919434
2014-07-28,0.9402031302452087,1.0810500383377075,0.9047399759292603,1.3428946733474731,1.698196530342102,101.7490005493164,0.8552857041358948
2014-07-29,0.9411764740943909,1.079800009727478,0.904009997844696,1.3439054489135742,1.6984561681747437,101.80999755859375,0.8550662994384766
2014-07-30,0.9386146068572998,1.08502995967865,0.9068099856376648,1.3411117792129517,1.6947429180145264,102.07599639892578,0.8510638475418091
2014-07-31,0.9325748682022095,1.0907000303268433,0.9086999893188477,1.3396027088165283,1.6910173892974854,102.83999633789062,0.8490405678749084
2014-08-01,0.9302325248718262,1.0905300378799438,0.9085000157356262,1.3389928340911865,1.6891605854034424,102.77300262451172,0.8505571484565735
2014-08-04,0.9312721490859985,1.0921599864959717,0.9060500264167786,1.3428946733474731,1.6829917430877686,102.56300354003906,0.8510638475418091
2014-08-05,0.9332711696624756,1.0905400514602661,0.9065799713134766,1.342209815979004,1.6867672204971313,102.54199981689453,0.8523696064949036
2014-08-06,0.9304922223091125,1.09621000289917,0.9092000126838684,1.337238073348999,1.6878206729888916,102.58899688720703,0.8442381024360657
2014-08-07,0.9346667528152466,1.0916399955749512,0.9076799750328064,1.3382940292358398,1.685487985610962,102.11299896240234,0.8476012349128723
2014-08-08,0.9266122579574585,1.0931299924850464,0.9089000225067139,1.3358268737792969,1.6829917430877686,102.12899780273438,0.8454514145851135
2014-08-11,0.9279019832611084,1.0967999696731567,0.905780017375946,1.3405184745788574,1.6777114868164062,102.15499877929688,0.8465249538421631
2014-08-12,0.9264406561851501,1.0927400588989258,0.9066900014877319,1.3384909629821777,1.6787537336349487,102.20500183105469,0.8458090424537659
2014-08-13,0.9270418286323547,1.092479944229126,0.9076099991798401,1.3366124629974365,1.680700421333313,102.28199768066406,0.842957079410553
2014-08-14,0.9307520985603333,1.091380000114441,0.9073100090026855,1.3367911577224731,1.6689753532409668,102.40799713134766,0.8479607105255127
2014-08-15,0.9316191077232361,1.0906100273132324,0.9067400097846985,1.3363981246948242,1.6686691045761108,102.49600219726562,0.8482483625411987
2014-08-18,0.9317059516906738,1.089229941368103,0.9034199714660645,1.339046597480774,1.672017216682434,102.41000366210938,0.84846431016922
2014-08-19,0.9323139786720276,1.0890300273895264,0.9067000150680542,1.336112380027771,1.67235267162323,102.61000061035156,0.8461668491363525
2014-08-20,0.9298000931739807,1.0940099954605103,0.9092000126838684,1.332196593284607,1.6621512174606323,102.91000366210938,0.8428860306739807
2014-08-21,0.9287638664245605,1.0966999530792236,0.9134899973869324,1.3260489702224731,1.6600265502929688,103.70099639892578,0.8377314805984497
2014-08-22,0.93031907081604,1.0945600271224976,0.9115999937057495,1.3279330730438232,1.6579898595809937,103.8489990234375,0.8397716283798218
2014-08-25,0.930059552192688,1.0968899726867676,0.9166100025177002,1.3198705911636353,1.6551907062530518,104.20099639892578,0.8356313109397888
2014-08-26,0.9278159141540527,1.0993000268936157,0.9160000085830688,1.3188958168029785,1.657028317451477,104.06999969482422,0.8316008448600769
2014-08-27,0.9317059516906738,1.0950000286102295,0.9175500273704529,1.3170199394226074,1.6547799110412598,104.08999633789062,0.8340979218482971
2014-08-28,0.9336196184158325,1.0867500305175781,0.9149600267410278,1.319087266921997,1.65763258934021,103.87799835205078,0.8367500901222229
2014-08-29,0.9355412125587463,1.0855000019073486,0.9150400161743164,1.3184958696365356,1.6589525938034058,103.69599914550781,0.8377314805984497
2014-09-01,0.933009922504425,1.0876100063323975,0.918910026550293,1.3127838373184204,1.6592552661895752,104.16799926757812,0.8354916572570801
2014-09-02,0.9335324764251709,1.086899995803833,0.9193000197410583,1.3131976127624512,1.661598801612854,104.33999633789062,0.8389261364936829
2014-09-03,0.9279881119728088,1.093000054359436,0.9193699955940247,1.3131976127624512,1.6468766927719116,105.23699951171875,0.8304957747459412
2014-09-04,0.9339683651924133,1.0887999534606934,0.9178000092506409,1.3150973320007324,1.6461988687515259,104.87100219726562,0.8322237133979797
2014-09-05,0.9336196184158325,1.0884000062942505,0.9328100085258484,1.2932761907577515,1.629407525062561,105.58200073242188,0.8282259702682495
2014-09-08,0.9363296031951904,1.0885499715805054,0.9311000108718872,1.2953367233276367,1.6212447881698608,105.18000030517578,0.8313242793083191
2014-09-09,0.9278159141540527,1.098099946975708,0.9361000061035156,1.2891082763671875,1.6095025539398193,106.16000366210938,0.8271982669830322
2014-09-10,0.9207255244255066,1.0974400043487549,0.9322999715805054,1.2941968441009521,1.6124610900878906,106.12300109863281,0.8257638812065125
2014-09-11,0.9156670570373535,1.0947999954223633,0.9368000030517578,1.2917059659957886,1.620089054107666,106.82599639892578,0.8196721076965332
2014-09-12,0.9099181294441223,1.1036100387573242,0.9359999895095825,1.2923569679260254,1.6251970529556274,107.1050033569336,0.8185985088348389
2014-09-15,0.9014694094657898,1.1087199449539185,0.9337199926376343,1.2960082292556763,1.6258047819137573,107.33000183105469,0.8149959444999695
2014-09-16,0.9036688804626465,1.1049599647521973,0.9355499744415283,1.2939791679382324,1.6229023933410645,107.13800048828125,0.8177952170372009
2014-09-17,0.9085953235626221,1.0973000526428223,0.932699978351593,1.2959076166152954,1.6265981197357178,107.1500015258789,0.8192691802978516
2014-09-18,0.8958967924118042,1.1008599996566772,0.9422900080680847,1.285000205039978,1.6268097162246704,108.51599884033203,0.8099789619445801
2014-09-19,0.898311197757721,1.094190001487732,0.9343500137329102,1.2920063734054565,1.643709421157837,108.80000305175781,0.8153281211853027
2014-09-22,0.894134521484375,1.0945500135421753,0.9401699900627136,1.2841421365737915,1.6319869756698608,108.94000244140625,0.8149294853210449
2014-09-23,0.8877841234207153,1.1038700342178345,0.939740002155304,1.2851488590240479,1.6371970176696777,108.75,0.8112273812294006
2014-09-24,0.8855827450752258,1.1069999933242798,0.9393699765205383,1.2853965759277344,1.6393711566925049,108.54199981689453,0.8080155253410339
2014-09-25,0.8859750032424927,1.1074999570846558,0.9459199905395508,1.2778083086013794,1.6324131488800049,109.31600189208984,0.8063865900039673
2014-09-26,0.8805142045021057,1.1103999614715576,0.946590006351471,1.2757054567337036,1.6331329345703125,108.61000061035156,0.7946599125862122
2014-09-29,0.8735913038253784,1.1164000034332275,0.9520000219345093,1.2673146724700928,1.6238247156143188,109.41100311279297,0.786101758480072
2014-09-30,0.8716875910758972,1.1159600019454956,0.9509000182151794,1.269083857536316,1.624220371246338,109.38999938964844,0.7764578461647034
2014-10-01,0.8737439513206482,1.1205799579620361,0.9549999833106995,1.262833595275879,1.6213761568069458,109.66000366210938,0.7808839678764343
2014-10-02,0.8746228218078613,1.1150000095367432,0.9561200141906738,1.2624191045761108,1.6192234754562378,109.0199966430664,0.7783918380737305
2014-10-03,0.8795074820518494,1.1155999898910522,0.9538999795913696,1.2670577764511108,1.6160049438476562,108.52300262451172,0.7892037034034729
2014-10-06,0.8663259148597717,1.1259700059890747,0.9677600264549255,1.2513607740402222,1.5963984727859497,109.802001953125,0.7729767560958862
2014-10-07,0.8769621849060059,1.1144499778747559,0.9590100049972534,1.264606237411499,1.6075102090835571,108.86799621582031,0.783392071723938
2014-10-08,0.8810572624206543,1.1158000230789185,0.9570000171661377,1.266800880432129,1.608906865119934,108.0719985961914,0.7825950980186462
2014-10-09,0.8839388489723206,1.1102999448776245,0.9513999819755554,1.2743074893951416,1.616292119026184,108.12699890136719,0.7907013297080994
2014-10-10,0.8762706518173218,1.1182600259780884,0.9542499780654907,1.2689067125320435,1.6122791767120361,107.83000183105469,0.786101758480072
2014-10-13,0.8678295612335205,1.118749976158142,0.9561799764633179,1.263982892036438,1.60929536819458,107.33799743652344,0.7832693457603455
2014-10-14,0.8755800724029541,1.1204999685287476,0.9498999714851379,1.272394061088562,1.6066838502883911,107.06300354003906,0.7870917320251465
2014-10-15,0.8709284067153931,1.131500005722046,0.9550300240516663,1.2639029026031494,1.589142918586731,107.31400299072266,0.7832080125808716
2014-10-16,0.8792754411697388,1.1264100074768066,0.9413999915122986,1.2821663618087769,1.599206805229187,105.9800033569336,0.7966222763061523
2014-10-17,0.8771929740905762,1.126099944114685,0.9427000284194946,1.280442476272583,1.609606146812439,106.40499877929688,0.7947230935096741
2014-10-20,0.8758100867271423,1.1288000345230103,0.9469000101089478,1.274957299232483,1.6092175245285034,107.14399719238281,0.7930842638015747
2014-10-21,0.8778089880943298,1.1291999816894531,0.9430999755859375,1.2795250415802002,1.6159005165100098,106.91000366210938,0.7965589165687561
2014-10-22,0.8771160244941711,1.1227999925613403,0.9491999745368958,1.2714719772338867,1.611499547958374,107.02100372314453,0.7967492341995239
2014-10-23,0.8767315745353699,1.125,0.9540500044822693,1.2641425132751465,1.6044925451278687,107.14800262451172,0.7855459451675415
2014-10-24,0.87565678358078,1.1223000288009644,0.953790009021759,1.2654062509536743,1.6029495000839233,108.16100311279297,0.7829627394676208
2014-10-27,0.8804367184638977,1.1238000392913818,0.9516500234603882,1.2676681280136108,1.60929536819458,108.2020034790039,0.7852992415428162
2014-10-28,0.8804367184638977,1.1247999668121338,0.9491999745368958,1.270147681236267,1.6124871969223022,107.84300231933594,0.7888923287391663
2014-10-29,0.8861320614814758,1.1167999505996704,0.9466000199317932,1.273836612701416,1.6142832040786743,108.11199951171875,0.792330265045166
2014-10-30,0.8768084645271301,1.1190999746322632,0.954800009727478,1.2632802724838257,1.600563406944275,108.84600067138672,0.7783312201499939
2014-10-31,0.8824567198753357,1.1194000244140625,0.9560999870300293,1.2613362073898315,1.600102424621582,109.21299743652344,0.7841907143592834
2014-11-03,0.8753501176834106,1.1287000179290771,0.9643999934196472,1.2503125667572021,1.597367525100708,112.84100341796875,0.7777259349822998
2014-11-04,0.8694896101951599,1.135759949684143,0.9646999835968018,1.2495938539505005,1.5978779792785645,113.64800262451172,0.7736943960189819
2014-11-05,0.8749672174453735,1.1392899751663208,0.9592999815940857,1.2552564144134521,1.6006401777267456,113.4800033569336,0.7825950980186462
2014-11-06,0.8579272627830505,1.1394200325012207,0.9644700288772583,1.2480031251907349,1.5964748859405518,114.65499877929688,0.7713074088096619
2014-11-07,0.8561643958091736,1.1426299810409546,0.9728000164031982,1.238006830215454,1.5841333866119385,115.1760025024414,0.7692899107933044
2014-11-10,0.8644536137580872,1.1327600479125977,0.9653199911117554,1.246137022972107,1.5885119438171387,114.53299713134766,0.7762166857719421
2014-11-11,0.8629617094993591,1.1369500160217285,0.9675999879837036,1.242992639541626,1.585338830947876,114.75299835205078,0.7760962843894958
2014-11-12,0.8706251382827759,1.1333999633789062,0.9643999934196472,1.2475829124450684,1.592610239982605,115.72100067138672,0.7825338840484619
2014-11-13,0.8712319731712341,1.1322499513626099,0.9670000076293945,1.242992639541626,1.576889157295227,115.56999969482422,0.786596417427063
2014-11-14,0.8707236051559448,1.138100028038025,0.9635999798774719,1.2475982904434204,1.5702284574508667,115.8239974975586,0.7872155904769897
2014-11-17,0.8749672174453735,1.1290700435638428,0.9595800042152405,1.251846432685852,1.5666369199752808,116.89600372314453,0.7932730913162231
2014-11-18,0.870852530002594,1.1295000314712524,0.9648000001907349,1.2448959350585938,1.5640885829925537,116.64600372314453,0.792707085609436
2014-11-19,0.8709284067153931,1.1321799755096436,0.9585000276565552,1.253337025642395,1.5628662109375,116.86900329589844,0.7904513478279114
2014-11-20,0.8601410388946533,1.1348999738693237,0.9580100178718567,1.2540757656097412,1.5673490762710571,118.14800262451172,0.7832080125808716
2014-11-21,0.8623663187026978,1.1309000253677368,0.958299994468689,1.2545005083084106,1.5694891214370728,118.23600006103516,0.7861635684967041
2014-11-24,0.868206262588501,1.123020052909851,0.9715999960899353,1.2375012636184692,1.5648717880249023,117.74400329589844,0.789016842842102
2014-11-25,0.8605111837387085,1.1289000511169434,0.9670000076293945,1.2433171272277832,1.5697108507156372,118.4540023803711,0.7859781384468079
2014-11-26,0.8557248115539551,1.1247999668121338,0.9635499715805054,1.24806547164917,1.572104573249817,117.8010025024414,0.7832693457603455
2014-11-27,0.8532422780990601,1.125190019607544,0.961139976978302,1.2505940198898315,1.5789058208465576,117.62999725341797,0.7878978848457336
2014-11-28,0.8524422645568848,1.1339000463485718,0.9646400213241577,1.246199131011963,1.5724753141403198,117.83999633789062,0.7859163880348206
2014-12-01,0.8438106775283813,1.1453900337219238,0.9677000045776367,1.2438275814056396,1.5612071752548218,118.86399841308594,0.7792409658432007
2014-12-02,0.8478168845176697,1.1319999694824219,0.9646900296211243,1.247007131576538,1.5734403133392334,118.30799865722656,0.7864108085632324
2014-12-03,0.846023678779602,1.1399999856948853,0.9718000292778015,1.2388503551483154,1.5646514892578125,119.19400024414062,0.7801529169082642
2014-12-04,0.8401243686676025,1.136240005493164,0.977150022983551,1.231663703918457,1.5694153308868408,119.86100006103516,0.775494396686554
2014-12-05,0.8386447429656982,1.138700008392334,0.9706000089645386,1.2386661767959595,1.567865014076233,119.81199645996094,0.7779073715209961
2014-12-08,0.8309098482131958,1.1445000171661377,0.9782000184059143,1.2294074296951294,1.556565523147583,121.56099700927734,0.767990231513977
2014-12-09,0.8300132751464844,1.148110032081604,0.9762399792671204,1.2315119504928589,1.565165638923645,120.6500015258789,0.7653451561927795
2014-12-10,0.8300132751464844,1.1439000368118286,0.9703999757766724,1.2394952774047852,1.5687997341156006,119.34200286865234,0.7700007557868958
2014-12-11,0.8334027528762817,1.1467000246047974,0.9646599888801575,1.2473959922790527,1.5747040510177612,117.70899963378906,0.781921923160553
2014-12-12,0.8248103260993958,1.1528300046920776,0.9692500233650208,1.2394952774047852,1.572252869606018,119.00700378417969,0.7790589332580566
2014-12-15,0.8209506869316101,1.1564199924468994,0.9637799859046936,1.2463544607162476,1.5727968215942383,118.16500091552734,0.7763975262641907
2014-12-16,0.8216251730918884,1.1653800010681152,0.9650999903678894,1.2443537712097168,1.5645290613174438,117.74099731445312,0.7744133472442627
2014-12-17,0.8225036859512329,1.1632000207901,0.9596999883651733,1.2512043714523315,1.5745303630828857,116.61299896240234,0.7791802883148193
2014-12-18,0.8125457167625427,1.163599967956543,0.9732999801635742,1.2338976860046387,1.5573413372039795,118.7959976196289,0.7697044014930725
2014-12-19,0.8173273205757141,1.1583000421524048,0.9796000123023987,1.229044795036316,1.5670051574707031,118.93800354003906,0.7777259349822998
2014-12-22,0.8149294853210449,1.1612999439239502,0.9842000007629395,1.2225985527038574,1.5629639625549316,119.49700164794922,0.7750135660171509
2014-12-23,0.8122817277908325,1.1642500162124634,0.9843199849128723,1.2223743200302124,1.557778000831604,120.1500015258789,0.7723796963691711
2014-12-24,0.8109642267227173,1.1618000268936157,0.9876000285148621,1.217492938041687,1.5522165298461914,120.69000244140625,0.7714858651161194
2014-12-25,0.8116224408149719,1.1620099544525146,0.9860000014305115,1.2198543548583984,1.5562022924423218,120.45899963378906,0.77327561378479
2014-12-26,0.81089848279953,1.1618000268936157,0.9848999977111816,1.2210012674331665,1.5562022924423218,120.37000274658203,0.7736943960189819
2014-12-29,0.8116224408149719,1.1631100177764893,0.9883000254631042,1.216944694519043,1.5553550720214844,120.42400360107422,0.7749534845352173
2014-12-30,0.8136696815490723,1.1641299724578857,0.9894999861717224,1.215347409248352,1.5515903234481812,120.63200378417969,0.7783918380737305
2014-12-31,0.818397581577301,1.16048002243042,0.98853999376297,1.2162047624588013,1.5569047927856445,119.45800018310547,0.7835148572921753
2015-01-01,0.817126989364624,1.161460041999817,0.9941099882125854,1.2098628282546997,1.558093547821045,119.6729965209961,0.7800920009613037
2015-01-02,0.8177952170372009,1.1613999605178833,0.9940999746322632,1.2089413404464722,1.5579720735549927,119.87000274658203,0.7791802883148193
2015-01-05,0.8067768812179565,1.1792999505996704,1.0058000087738037,1.194643259048462,1.5284910202026367,120.43399810791016,0.7665772438049316
2015-01-06,0.8099789619445801,1.1756999492645264,1.0061999559402466,1.193901538848877,1.5258322954177856,119.42500305175781,0.7700007557868958
2015-01-07,0.8080155253410339,1.1836999654769897,1.011299967765808,1.1875356435775757,1.5137982368469238,118.6729965209961,0.7747734189033508
2015-01-08,0.8075587749481201,1.1818499565124512,1.014739990234375,1.1836000680923462,1.5107566118240356,119.28900146484375,0.7770611047744751
2015-01-09,0.8114249110221863,1.1827399730682373,1.0182900428771973,1.1796069145202637,1.5087963342666626,119.79199981689453,0.7813110947608948
2015-01-12,0.8222332000732422,1.1844300031661987,1.0118199586868286,1.187070369720459,1.5189489126205444,118.21199798583984,0.7846829891204834
2015-01-13,0.8150623440742493,1.1967999935150146,1.0148999691009521,1.1831519603729248,1.5170363187789917,118.3280029296875,0.7765181064605713
2015-01-14,0.8173941373825073,1.195449948310852,1.0195000171661377,1.1778285503387451,1.5170363187789917,117.79499816894531,0.7744133472442627
2015-01-15,0.8144648671150208,1.194700002670288,1.0189299583435059,1.1785920858383179,1.5234380960464478,117.38999938964844,0.7713668942451477
2015-01-16,0.8223684430122375,1.1957999467849731,0.8543999791145325,1.1637378931045532,1.5181187391281128,116.12999725341797,0.784067690372467
2015-01-19,0.8227066993713379,1.197029948234558,0.8582000136375427,1.1566041707992554,1.5142109394073486,117.55999755859375,0.7794232368469238
2015-01-20,0.8195378184318542,1.1955000162124634,0.8796700239181519,1.1597968339920044,1.5090012550354004,117.71199798583984,0.7758553624153137
2015-01-21,0.8165265321731567,1.2113100290298462,0.8743199706077576,1.1546944379806519,1.5147384405136108,118.64900207519531,0.7647013664245605
2015-01-22,0.8101101517677307,1.2343800067901611,0.8604999780654907,1.1615345478057861,1.5144860744476318,117.86000061035156,0.7572888731956482
2015-01-23,0.801988959312439,1.238219976425171,0.8716999888420105,1.1346745491027832,1.5013211965560913,118.7509994506836,0.750750720500946
2015-01-26,0.787587583065033,1.2457000017166138,0.8810999989509583,1.1125450134277344,1.4995876550674438,117.36100006103516,0.7418947815895081
2015-01-27,0.7922046780586243,1.2479300498962402,0.9013000130653381,1.1247708797454834,1.5085458755493164,118.5199966430664,0.7437156438827515
2015-01-28,0.7921419143676758,1.239400029182434,0.8992000222206116,1.1367381811141968,1.5188103914260864,117.7750015258789,0.7454341650009155
2015-01-29,0.7892659902572632,1.2522000074386597,0.9070000052452087,1.1281461715698242,1.5142338275909424,117.59200286865234,0.7324396967887878
2015-01-30,0.7782101631164551,1.261199951171875,0.9225000143051147,1.13355553150177,1.5079090595245361,118.24800109863281,0.7282790541648865
2015-02-02,0.7782101631164551,1.2688100337982178,0.9212999939918518,1.1309019327163696,1.5087052583694458,117.18399810791016,0.726005494594574
2015-02-03,0.7801529169082642,1.2582999467849731,0.9271000027656555,1.1341726779937744,1.5028102397918701,117.57499694824219,0.7301934957504272
2015-02-04,0.7762769460678101,1.2440999746322632,0.9247499704360962,1.145737886428833,1.5142109394073486,117.64600372314453,0.7328691482543945
2015-02-05,0.7760962843894958,1.257699966430664,0.9259999990463257,1.131874680519104,1.5180034637451172,117.28800201416016,0.7359976172447205
2015-02-06,0.7799704074859619,1.243499994277954,0.921999990940094,1.147196888923645,1.5325905084609985,117.53500366210938,0.7406858801841736
2015-02-09,0.7760962843894958,1.2517000436782837,0.9262999892234802,1.1314393281936646,1.523902416229248,118.97000122070312,0.7350239157676697
2015-02-10,0.7799095511436462,1.2473900318145752,0.9246000051498413,1.1326953172683716,1.5216069221496582,118.56300354003906,0.7401924729347229
2015-02-11,0.7783918380737305,1.2583999633789062,0.9265000224113464,1.1321951150894165,1.526205062866211,119.35800170898438,0.7418947815895081
2015-02-12,0.7722604274749756,1.2617000341415405,0.9286999702453613,1.131196141242981,1.5242739915847778,120.16999816894531,0.7375718951225281
2015-02-13,0.7756748795509338,1.250920057296753,0.9299399852752686,1.140393853187561,1.5391956567764282,118.91600036621094,0.7433286309242249
2015-02-16,0.7765783667564392,1.245419979095459,0.9316999912261963,1.1400039196014404,1.5400489568710327,118.56999969482422,0.7479431629180908
2015-02-17,0.7756748795509338,1.2474600076675415,0.9324700236320496,1.1334012746810913,1.5356265306472778,118.49199676513672,0.7485030293464661
2015-02-18,0.78118896484375,1.2390799522399902,0.9361400008201599,1.1404719352722168,1.5353436470031738,119.20800018310547,0.7539203763008118
2015-02-19,0.7808229923248291,1.2454999685287476,0.9419000148773193,1.1400039196014404,1.543900728225708,118.68900299072266,0.7551158666610718
2015-02-20,0.7795447707176208,1.2490299940109253,0.949429988861084,1.1366735696792603,1.5419963598251343,118.98799896240234,0.7519361972808838
2015-02-23,0.7846214175224304,1.253290057182312,0.9405999779701233,1.1381484270095825,1.5389113426208496,119.07599639892578,0.7530120611190796
2015-02-24,0.7799704074859619,1.2573000192642212,0.9506000280380249,1.1332985162734985,1.5452368259429932,118.90299987792969,0.7531254291534424
2015-02-25,0.7833307385444641,1.2496000528335571,0.9501000046730042,1.1339025497436523,1.545905590057373,118.89199829101562,0.7483909726142883
2015-02-26,0.7883948683738708,1.2431199550628662,0.9485099911689758,1.1363636255264282,1.552891492843628,118.8219985961914,0.7571169137954712
2015-02-27,0.780579149723053,1.2503000497817993,0.9526000022888184,1.1205360889434814,1.5418059825897217,119.37699890136719,0.7539203763008118
2015-03-02,0.7785736322402954,1.2514499425888062,0.9542999863624573,1.1161960363388062,1.5406184196472168,119.82599639892578,0.7548878788948059
2015-03-03,0.7756748795509338,1.2539000511169434,0.9585000276565552,1.1179054975509644,1.5359095335006714,120.2040023803711,0.7505817413330078
2015-03-04,0.7820442914962769,1.2482999563217163,0.9607999920845032,1.118217945098877,1.5366648435592651,119.63700103759766,0.7562580704689026
2015-03-05,0.7823501825332642,1.2424399852752686,0.9634000062942505,1.1082050800323486,1.52650785446167,119.6510009765625,0.7591285705566406
2015-03-06,0.7785130143165588,1.2482199668884277,0.9736300110816956,1.1032048463821411,1.5247621536254883,120.04499816894531,0.749007523059845
2015-03-09,0.7722604274749756,1.2603000402450562,0.984499990940094,1.0845986604690552,1.5057746171951294,120.73899841308594,0.7363770008087158
2015-03-10,0.7685213685035706,1.2620999813079834,0.9871900081634521,1.0833414793014526,1.5104827880859375,121.40799713134766,0.7341066002845764
2015-03-11,0.7641754746437073,1.2674599885940552,0.9980999827384949,1.0708701610565186,1.508204698562622,121.03800201416016,0.7291818857192993
2015-03-12,0.7605719566345215,1.2738900184631348,1.0090500116348267,1.0548745393753052,1.4932951927185059,121.41100311279297,0.7306736707687378
2015-03-13,0.770653486251831,1.2690800428390503,1.0026999711990356,1.0626314878463745,1.4894028902053833,121.31800079345703,0.7405762076377869
2015-03-16,0.7616146206855774,1.2816599607467651,1.0066499710083008,1.0481630563735962,1.4755791425704956,121.34300231933594,0.7319036722183228
2015-03-17,0.7644091248512268,1.2773200273513794,1.007699966430664,1.0572947263717651,1.4825797080993652,121.36699676513672,0.7380618453025818
2015-03-18,0.7623113393783569,1.2786999940872192,1.0056300163269043,1.0598047971725464,1.47520911693573,121.27999877929688,0.7315824031829834
2015-03-19,0.7778469324111938,1.255270004272461,0.9811000227928162,1.0849988460540771,1.496199607849121,120.06400299072266,0.7505817413330078
2015-03-20,0.7658140659332275,1.2700999975204468,0.9897400140762329,1.066894292831421,1.4761673212051392,120.76200103759766,0.7432181239128113
2015-03-23,0.7783918380737305,1.2580699920654297,0.9775000214576721,1.0826611518859863,1.494321584701538,120.0270004272461,0.7570022940635681
2015-03-24,0.7875256538391113,1.2520999908447266,0.9660000205039978,1.094499111175537,1.4951928853988647,119.75,0.7655209302902222
2015-03-25,0.7862871289253235,1.2509000301361084,0.9595699906349182,1.0902034044265747,1.4833933115005493,119.79100036621094,0.7624857425689697
2015-03-26,0.7830240726470947,1.2526999711990356,0.9603800177574158,1.0960465669631958,1.4877409934997559,119.51799774169922,0.7584951519966125
2015-03-27,0.783392071723938,1.247939944267273,0.9631800055503845,1.0886367559432983,1.4858399629592896,119.18299865722656,0.7591862082481384
2015-03-30,0.773455023765564,1.2608000040054321,0.9612200260162354,1.0884946584701538,1.4885826110839844,119.25,0.7547169327735901
2015-03-31,0.7658140659332275,1.2673300504684448,0.9673600196838379,1.0830246210098267,1.4809110164642334,120.01300048828125,0.7501313090324402
2015-04-01,0.7613826394081116,1.2688000202178955,0.9721999764442444,1.073814034461975,1.482953429222107,120.02200317382812,0.7445462346076965
2015-04-02,0.7606876492500305,1.2610399723052979,0.9661999940872192,1.0769942998886108,1.4836794137954712,119.5739974975586,0.7441030144691467
2015-04-03,0.7582076191902161,1.2561700344085693,0.9599699974060059,1.087074637413025,1.4830634593963623,119.6969985961914,0.7506943941116333
2015-04-06,0.7644091248512268,1.247499942779541,0.9521399736404419,1.100134253501892,1.4930721521377563,118.822998046875,0.7616726756095886
2015-04-07,0.759013295173645,1.2474499940872192,0.9579499959945679,1.0934817790985107,1.4890702962875366,119.47699737548828,0.7535794973373413
2015-04-08,0.7642922401428223,1.2503999471664429,0.9656000137329102,1.0824151039123535,1.4823819398880005,120.29000091552734,0.750750720500946
2015-04-09,0.7684623003005981,1.2541500329971313,0.9661499857902527,1.078527569770813,1.487851619720459,120.09400177001953,0.7554011344909668
2015-04-10,0.7704160213470459,1.2577099800109863,0.9769700169563293,1.0669056177139282,1.4714971780776978,120.55000305175781,0.7576331496238708
2015-04-13,0.7669299840927124,1.2569500207901,0.9790800213813782,1.0609854459762573,1.4640644788742065,120.20899963378906,0.7538067698478699
2015-04-14,0.7587253451347351,1.2591999769210815,0.9771999716758728,1.0572947263717651,1.4667917490005493,120.05899810791016,0.7462129592895508
2015-04-15,0.761440634727478,1.2483700513839722,0.9727399945259094,1.0647132396697998,1.4771921634674072,119.45700073242188,0.7512019276618958
2015-04-16,0.7678722143173218,1.2303999662399292,0.9648000001907349,1.0676802396774292,1.4828435182571411,119.14299774169922,0.7589556574821472
2015-04-17,0.7789375185966492,1.220139980316162,0.9564599990844727,1.0755579471588135,1.4921809434890747,119.04399871826172,0.7652866244316101
2015-04-20,0.7809448838233948,1.2210700511932373,0.9513999819755554,1.0810226202011108,1.4968267679214478,118.81800079345703,0.7705348134040833
2015-04-21,0.7722604274749756,1.2223000526428223,0.955299973487854,1.0747487545013428,1.490979552268982,119.19499969482422,0.7661073803901672
2015-04-22,0.77154541015625,1.2266499996185303,0.9545999765396118,1.074171543121338,1.4935628175735474,119.63300323486328,0.767224133014679
2015-04-23,0.7750135660171509,1.2242000102996826,0.9693999886512756,1.0725815296173096,1.5037593841552734,119.94999694824219,0.7642922401428223
2015-04-24,0.7777259349822998,1.2146899700164795,0.955299973487854,1.0815019607543945,1.5052080154418945,119.57099914550781,0.7579776644706726
2015-04-27,0.7833307385444641,1.2169400453567505,0.9534400105476379,1.086897373199463,1.517657995223999,118.927001953125,0.7609770894050598
2015-04-28,0.7867201566696167,1.2093000411987305,0.9552099704742432,1.0877959728240967,1.5223711729049683,119.1259994506836,0.7628929018974304
2015-04-29,0.7996801733970642,1.2036999464035034,0.9562900066375732,1.096912145614624,1.533483624458313,118.822998046875,0.7723796963691711
2015-04-30,0.7994883060455322,1.2018400430679321,0.9402999877929688,1.1114321947097778,1.542686104774475,118.97000122070312,0.7605719566345215
2015-05-01,0.7903263568878174,1.207800030708313,0.9332000017166138,1.1214659214019775,1.5354615449905396,119.4520034790039,0.7605140805244446
2015-05-04,0.7830240726470947,1.2161999940872192,0.9333000183105469,1.1185932159423828,1.5146695375442505,120.13600158691406,0.7526153922080994
2015-05-05,0.7843137383460999,1.2092499732971191,0.9336599707603455,1.1149141788482666,1.5122873783111572,120.0999984741211,0.7540909647941589
2015-05-06,0.7935248017311096,1.2070599794387817,0.9271900057792664,1.1186307668685913,1.517427682876587,119.9219970703125,0.7500750422477722
2015-05-07,0.7956715226173401,1.2037999629974365,0.9165499806404114,1.1341469287872314,1.5242043733596802,119.39700317382812,0.749007523059845
2015-05-08,0.7901390790939331,1.210800051689148,0.9217000007629395,1.1246949434280396,1.5407133102416992,119.70899963378906,0.7443245053291321
2015-05-11,0.7925814390182495,1.2090400457382202,0.9315199851989746,1.1194071769714355,1.5434004068374634,119.77999877929688,0.7425007820129395
2015-05-12,0.7899518013000488,1.2093600034713745,0.934499979019165,1.114441990852356,1.557705283164978,120.13099670410156,0.7344300746917725
2015-05-13,0.7990411520004272,1.2002999782562256,0.9283199906349182,1.1221455335617065,1.567103385925293,119.83499908447266,0.7415646910667419
2015-05-14,0.8112932443618774,1.1953999996185303,0.9169999957084656,1.1350480318069458,1.574009895324707,119.16000366210938,0.753409206867218
2015-05-15,0.8086689114570618,1.1983000040054321,0.9125999808311462,1.1404979228973389,1.5772124528884888,119.19100189208984,0.7492882013320923
2015-05-18,0.8046994805335999,1.2011799812316895,0.9153000116348267,1.144505262374878,1.574604868888855,119.33000183105469,0.7457677721977234
2015-05-19,0.7994883060455322,1.2144999504089355,0.9259999990463257,1.1326183080673218,1.5663670301437378,119.9000015258789,0.737626314163208
2015-05-20,0.7922046780586243,1.2229100465774536,0.9370999932289124,1.1146656274795532,1.5516144037246704,120.6520004272461,0.7361059784889221
2015-05-21,0.7878358364105225,1.220639944076538,0.9361000061035156,1.1100751161575317,1.5542914867401123,121.21199798583984,0.7303534746170044
2015-05-22,0.7902015447616577,1.219599962234497,0.936959981918335,1.1111851930618286,1.5663915872573853,121.03900146484375,0.7352941036224365
2015-05-25,0.78118896484375,1.2295000553131104,0.9433000087738037,1.0992997884750366,1.5475084781646729,121.57099914550781,0.7301934957504272
2015-05-26,0.7827175855636597,1.2319300174713135,0.9455000162124634,1.0971167087554932,1.5472211837768555,121.5999984741211,0.7312079668045044
2015-05-27,0.7744733095169067,1.2424399852752686,0.95169997215271,1.08888578414917,1.5398591756820679,122.98600006103516,0.7247952818870544
2015-05-28,0.7735148668289185,1.2453999519348145,0.9497900009155273,1.0900014638900757,1.5350136756896973,123.73999786376953,0.7242178320884705
2015-05-29,0.7658140659332275,1.2425099611282349,0.9430000185966492,1.0960345268249512,1.531909704208374,123.81999969482422,0.718339204788208
2015-06-01,0.7645260095596313,1.245609998703003,0.9412999749183655,1.0957943201065063,1.5288883447647095,124.19300079345703,0.7099247574806213
2015-06-02,0.7614986300468445,1.2524399757385254,0.9459999799728394,1.0922993421554565,1.519987940788269,124.84700012207031,0.7104290723800659
2015-06-03,0.7763975262641907,1.2413699626922607,0.9334099888801575,1.1150012016296387,1.5339776277542114,124.03600311279297,0.7166917324066162
2015-06-04,0.7774840593338013,1.2455999851226807,0.9345399737358093,1.1257838010787964,1.5326610803604126,124.30400085449219,0.7152052521705627
2015-06-05,0.7688168287277222,1.249400019645691,0.9345999956130981,1.120787262916565,1.5364996194839478,124.37999725341797,0.7128092050552368
2015-06-08,0.7621369957923889,1.2457000017166138,0.9402599930763245,1.1108149290084839,1.526787519454956,125.62899780273438,0.7048706412315369
2015-06-09,0.7688168287277222,1.2410000562667847,0.9273999929428101,1.128095269203186,1.5345896482467651,124.56300354003906,0.7130632996559143
2015-06-10,0.7691124677658081,1.2339999675750732,0.9300199747085571,1.1299052238464355,1.539408802986145,124.33899688720703,0.7145919799804688
2015-06-11,0.7731559872627258,1.2273999452590942,0.932129979133606,1.131196141242981,1.549690842628479,122.86599731445312,0.7047712802886963
2015-06-12,0.7748873829841614,1.2293000221252441,0.933899998664856,1.1240627765655518,1.5508925914764404,123.58100128173828,0.7016066908836365
2015-06-15,0.7730364799499512,1.231469988822937,0.9297999739646912,1.1219944953918457,1.5561537742614746,123.29000091552734,0.6991051435470581
2015-06-16,0.7757951617240906,1.231600046157837,0.9298400282859802,1.1277008056640625,1.5596001148223877,123.41999816894531,0.6999860405921936
2015-06-17,0.774713397026062,1.2295399904251099,0.9316999912261963,1.124201774597168,1.563966155052185,123.43900299072266,0.6984215378761292
2015-06-18,0.7725587487220764,1.2229000329971313,0.9208999872207642,1.1369967460632324,1.5848110914230347,123.52999877929688,0.6889899373054504
2015-06-19,0.7789981961250305,1.2228000164031982,0.9212999939918518,1.1370742321014404,1.587881326675415,123.00199890136719,0.6918978691101074
2015-06-22,0.7765783667564392,1.2273999452590942,0.9181100130081177,1.1372941732406616,1.5885119438171387,122.7509994506836,0.6902264356613159
2015-06-23,0.7728572487831116,1.2313499450683594,0.9211900234222412,1.13490629196167,1.5829297304153442,123.37899780273438,0.6870018839836121
2015-06-24,0.7742335200309753,1.232319951057434,0.9334999918937683,1.1172186136245728,1.5741090774536133,123.86000061035156,0.6867188811302185
2015-06-25,0.7709506154060364,1.2383999824523926,0.9334999918937683,1.1206992864608765,1.570993185043335,123.85099792480469,0.6890373826026917
2015-06-26,0.7733952403068542,1.2332099676132202,0.9365299940109253,1.1202975511550903,1.5745056867599487,123.5979995727539,0.6887526512145996
2015-06-29,0.7626601457595825,1.2351000308990479,0.940500020980835,1.0975021123886108,1.5693166255950928,122.61199951171875,0.682314395904541
2015-06-30,0.767283022403717,1.241189956665039,0.9258999824523926,1.122296690940857,1.573192834854126,122.66999816894531,0.6839009523391724
2015-07-01,0.7694082856178284,1.2476999759674072,0.9347000122070312,1.1134989261627197,1.5687012672424316,122.38600158691406,0.6787022948265076
2015-07-02,0.7641754746437073,1.2591099739074707,0.9487400054931641,1.103363037109375,1.5605005025863647,123.31999969482422,0.6713212132453918
2015-07-03,0.7638835906982422,1.2544000148773193,0.9434000253677368,1.1086965799331665,1.5613046884536743,123.05899810791016,0.6723141074180603
2015-07-06,0.7484470009803772,1.2614099979400635,0.944100022315979,1.0995051860809326,1.555596947669983,122.40699768066406,0.6681811809539795
2015-07-07,0.7478815913200378,1.2659300565719604,0.9429299831390381,1.1048991680145264,1.5602084398269653,122.61100006103516,0.6675121784210205
2015-07-08,0.7458233833312988,1.2716799974441528,0.9465600252151489,1.1009942293167114,1.5462881326675415,122.48999786376953,0.6667110919952393
2015-07-09,0.742225170135498,1.2728999853134155,0.9455999732017517,1.1071009635925293,1.536995530128479,120.86199951171875,0.6715916991233826
2015-07-10,0.7461016178131104,1.2709599733352661,0.9478999972343445,1.1063048839569092,1.5373972654342651,121.69999694824219,0.6748093962669373
2015-07-13,0.7425007820129395,1.2696000337600708,0.9400299787521362,1.1129041910171509,1.5515903234481812,122.49600219726562,0.6715014576911926
2015-07-14,0.7394808530807495,1.2750999927520752,0.9503999948501587,1.099045991897583,1.548227310180664,123.56999969482422,0.6684938669204712
2015-07-15,0.7446016073226929,1.2736999988555908,0.9448699951171875,1.1008002758026123,1.5636972188949585,123.31999969482422,0.6703760623931885
2015-07-16,0.7373543977737427,1.2927000522613525,0.9521999955177307,1.0943553447723389,1.563403844833374,123.87000274658203,0.6575053930282593
2015-07-17,0.7415096759796143,1.2968100309371948,0.957099974155426,1.0886012315750122,1.5613046884536743,124.14900207519531,0.6524859666824341
2015-07-20,0.7369197010993958,1.298699975013733,0.9621999859809875,1.0830246210098267,1.5600380897521973,124.14199829101562,0.6517205238342285
2015-07-21,0.7375501990318298,1.2995699644088745,0.9634000062942505,1.0835410356521606,1.5573898553848267,124.29399871826172,0.6582412123680115
2015-07-22,0.7425007820129395,1.2942999601364136,0.9580000042915344,1.0939961671829224,1.555596947669983,123.86000061035156,0.6629101634025574
2015-07-23,0.7375174760818481,1.3040800094604492,0.9596999883651733,1.0927051305770874,1.5614020824432373,124.06800079345703,0.6629980802536011
2015-07-24,0.7356186509132385,1.3018499612808228,0.9592999815940857,1.0989010334014893,1.5519516468048096,123.8759994506836,0.6619009971618652
2015-07-27,0.7275902032852173,1.3041000366210938,0.9624999761581421,1.0972371101379395,1.5522888898849487,123.76300048828125,0.6579813361167908
2015-07-28,0.7275902032852173,1.30377995967865,0.9620000123977661,1.109004020690918,1.5564203262329102,123.23999786376953,0.6626905202865601
2015-07-29,0.7346999049186707,1.292870044708252,0.9616299867630005,1.1065986156463623,1.5611096620559692,123.57599639892578,0.6714112758636475
2015-07-30,0.7298737168312073,1.2947700023651123,0.9673699736595154,1.098406195640564,1.5602084398269653,123.94000244140625,0.6655131578445435
2015-07-31,0.7294477820396423,1.3005599975585938,0.9682999849319458,1.0939244031906128,1.5604275465011597,124.07099914550781,0.6608075499534607
2015-08-03,0.7299802899360657,1.3121000528335571,0.9671000242233276,1.0969001054763794,1.5626953840255737,124.04000091552734,0.6582845449447632
2015-08-04,0.7275902032852173,1.315809965133667,0.9692000150680542,1.09560227394104,1.559040904045105,123.94499969482422,0.6569007635116577
2015-08-05,0.737626314163208,1.319200038909912,0.9779000282287598,1.0888975858688354,1.5569047927856445,124.27400207519531,0.6537656784057617
2015-08-06,0.7352941036224365,1.3169000148773193,0.9790400266647339,1.0903104543685913,1.5605981349945068,124.7300033569336,0.6526563167572021
2015-08-07,0.7345379590988159,1.3113199472427368,0.9809899926185608,1.0927051305770874,1.551421880722046,124.73400115966797,0.6544074416160583
2015-08-10,0.7401924729347229,1.3144999742507935,0.9833999872207642,1.0965032577514648,1.5494027137756348,124.30000305175781,0.6611133217811584
2015-08-11,0.7413997650146484,1.3011200428009033,0.9836000204086304,1.1016976833343506,1.5585306882858276,124.61299896240234,0.6614194512367249
2015-08-12,0.7310475707054138,1.309999942779541,0.9881600141525269,1.104203701019287,1.5584092140197754,125.06999969482422,0.6553938984870911
2015-08-13,0.7381163239479065,1.297700047492981,0.9753000140190125,1.1160963773727417,1.561597228050232,124.25499725341797,0.6612007021903992
2015-08-14,0.7375174760818481,1.30649995803833,0.9753999710083008,1.1160963773727417,1.561792254447937,124.36299896240234,0.655995786190033
2015-08-17,0.7369197010993958,1.3100299835205078,0.9771000146865845,1.1092993021011353,1.5651901960372925,124.3499984741211,0.6541934013366699
2015-08-18,0.7370826601982117,1.309499979019165,0.9782000184059143,1.107800006866455,1.5585062503814697,124.43800354003906,0.6581112146377563
2015-08-19,0.7339987754821777,1.305899977684021,0.977400004863739,1.1030831336975098,1.5664896965026855,124.37100219726562,0.6588917374610901
2015-08-20,0.7354563474655151,1.312399983406067,0.9656999707221985,1.1118029356002808,1.568307638168335,123.89700317382812,0.6601967215538025
2015-08-21,0.7337295413017273,1.3076599836349487,0.9591000080108643,1.1236965656280518,1.5690950155258179,123.41999816894531,0.6623393893241882
2015-08-24,0.7258474230766296,1.3219000101089478,0.9473000168800354,1.1376951932907104,1.5677913427352905,121.73200225830078,0.662778377532959
2015-08-25,0.7172057628631592,1.3285000324249268,0.9325000047683716,1.1583056449890137,1.5762925148010254,118.88400268554688,0.646120011806488
2015-08-26,0.7105300426483154,1.3345999717712402,0.9391000270843506,1.1550945043563843,1.5695877075195312,118.54000091552734,0.6469979286193848
2015-08-27,0.7124537229537964,1.3300000429153442,0.9519000053405762,1.1340054273605347,1.5482032299041748,120.05799865722656,0.64470374584198
2015-08-28,0.7174115777015686,1.319000005722046,0.9653000235557556,1.1247961521148682,1.541401982307434,121.00299835205078,0.647794246673584
2015-08-31,0.7140816450119019,1.323799967765808,0.9610999822616577,1.1214030981063843,1.5418059825897217,121.28900146484375,0.6462870836257935
2015-09-01,0.7109341621398926,1.3142999410629272,0.9650999903678894,1.1225864887237549,1.5363106727600098,121.08899688720703,0.6352836489677429
2015-09-02,0.7009181976318359,1.3252999782562256,0.9599999785423279,1.1293437480926514,1.5305262804031372,119.71499633789062,0.6319115161895752
2015-09-03,0.7047216296195984,1.3265000581741333,0.9697999954223633,1.121604323387146,1.5308074951171875,120.58000183105469,0.6369832158088684
2015-09-04,0.7019021511077881,1.3187999725341797,0.973800003528595,1.1125946044921875,1.526205062866211,120.05599975585938,0.6392635703086853
2015-09-07,0.6935774683952332,1.3276000022888184,0.9718999862670898,1.115200161933899,1.5201033353805542,119.16400146484375,0.6294850707054138
2015-09-08,0.6946374177932739,1.3297200202941895,0.9754999876022339,1.1163954734802246,1.5283042192459106,119.40299987792969,0.6273919343948364
2015-09-09,0.7037792801856995,1.3200000524520874,0.9778000116348267,1.1207369565963745,1.5401912927627563,120.08899688720703,0.6375924348831177
2015-09-10,0.6965728402137756,1.3279099464416504,0.9750999808311462,1.1220699548721313,1.5357915163040161,120.27799987792969,0.6266841888427734
2015-09-11,0.7071135640144348,1.3234100341796875,0.9732000231742859,1.1290887594223022,1.54421067237854,120.61900329589844,0.630994439125061
2015-09-14,0.7099751830101013,1.3247400522232056,0.968999981880188,1.1344043016433716,1.5448071956634521,120.7959976196289,0.6323110461235046
2015-09-15,0.7160758972167969,1.3250999450683594,0.9682000279426575,1.1307612657546997,1.5427099466323853,120.36000061035156,0.6341153979301453
2015-09-16,0.7128092050552368,1.3243999481201172,0.9741100072860718,1.1271796226501465,1.53449547290802,120.43399810791016,0.6347997188568115
2015-09-17,0.7199942469596863,1.3167999982833862,0.9700999855995178,1.12920343875885,1.5518070459365845,120.52300262451172,0.6353644132614136
2015-09-18,0.7189072370529175,1.3174999952316284,0.9620699882507324,1.1400948762893677,1.5569047927856445,120.0459976196289,0.637511134147644
2015-09-21,0.7190106511116028,1.3219000101089478,0.9692999720573425,1.12920343875885,1.552891492843628,120.0009994506836,0.6384880542755127
2015-09-22,0.7130124568939209,1.3249000310897827,0.9718000292778015,1.1190940141677856,1.5508204698562622,120.49800109863281,0.6329113841056824
2015-09-23,0.7079144716262817,1.327299952507019,0.9753999710083008,1.1120749711990356,1.5353907346725464,120.08000183105469,0.6288912296295166
2015-09-24,0.6998880505561829,1.3324999809265137,0.9790999889373779,1.1189937591552734,1.5252039432525635,120.19999694824219,0.6278252005577087
2015-09-25,0.7011638879776001,1.333899974822998,0.9779999852180481,1.1178929805755615,1.522695779800415,120.23999786376953,0.6327111721038818
2015-09-28,0.7020993232727051,1.333400011062622,0.9793000221252441,1.1201720237731934,1.5201727151870728,120.36799621582031,0.637511134147644
2015-09-29,0.6972042322158813,1.3396999835968018,0.9746999740600586,1.123103380203247,1.5165071487426758,119.83999633789062,0.630795419216156
2015-09-30,0.7003781795501709,1.3418999910354614,0.9710000157356262,1.1255937814712524,1.5157945156097412,119.86000061035156,0.6354047656059265
2015-10-01,0.7010164856910706,1.3316999673843384,0.9740999937057495,1.11720609664917,1.5124017000198364,119.85900115966797,0.6388959884643555
2015-10-02,0.7036802172660828,1.3245699405670166,0.9761999845504761,1.1193444728851318,1.5139129161834717,119.80999755859375,0.6399999856948853
2015-10-05,0.704820990562439,1.3166999816894531,0.9710999727249146,1.1226998567581177,1.5194103717803955,119.99500274658203,0.6452028751373291
2015-10-06,0.708817720413208,1.3083000183105469,0.9753999710083008,1.1195199489593506,1.5154958963394165,120.46099853515625,0.64939284324646
2015-10-07,0.7159220576286316,1.3043999671936035,0.9674599766731262,1.1267986297607422,1.5226030349731445,120.23999786376953,0.6544074416160583
2015-10-08,0.7194762229919434,1.3065099716186523,0.9732999801635742,1.1239995956420898,1.5315576791763306,119.91500091552734,0.6605892181396484
2015-10-09,0.7267441749572754,1.2998499870300293,0.9661999940872192,1.1286935806274414,1.535131573677063,119.92900085449219,0.6668000221252441
2015-10-12,0.7314754128456116,1.2949999570846558,0.9610000252723694,1.1369967460632324,1.5323086977005005,120.17900085449219,0.6681811809539795
2015-10-13,0.7344300746917725,1.3011000156402588,0.9627000093460083,1.135550618171692,1.5337893962860107,120.01100158691406,0.6703311800956726
2015-10-14,0.7222824096679688,1.301800012588501,0.958299994468689,1.138498306274414,1.5258090496063232,119.72000122070312,0.664893627166748
2015-10-15,0.7320108413696289,1.2920000553131104,0.949400007724762,1.147552251815796,1.5480115413665771,118.83000183105469,0.6804109811782837
2015-10-16,0.7329228520393372,1.2853000164031982,0.9513000249862671,1.1368157863616943,1.5471972227096558,119.05000305175781,0.6837139129638672
2015-10-19,0.726005494594574,1.2916899919509888,0.953029990196228,1.1361054182052612,1.543805480003357,119.2699966430664,0.6799020767211914
2015-10-20,0.7256367206573486,1.3020000457763672,0.9562699794769287,1.132900595664978,1.5471972227096558,119.50299835205078,0.6805961728096008
2015-10-21,0.7267441749572754,1.2985600233078003,0.9560400247573853,1.1353960037231445,1.5449025630950928,119.77999877929688,0.6751282811164856
2015-10-22,0.7215527892112732,1.313349962234497,0.959119975566864,1.134803295135498,1.5424481630325317,119.84200286865234,0.6725401878356934
2015-10-23,0.721188485622406,1.3106000423431396,0.9735000133514404,1.108094573020935,1.5383669137954712,120.86000061035156,0.6799020767211914
2015-10-26,0.7223867774009705,1.3172199726104736,0.978600025177002,1.1020376682281494,1.531745433807373,121.2959976196289,0.6749460101127625
2015-10-27,0.7251105904579163,1.315600037574768,0.9824399948120117,1.1065986156463623,1.5357915163040161,120.9489974975586,0.6785181164741516
2015-10-28,0.7192692160606384,1.3270000219345093,0.9869999885559082,1.1037039756774902,1.5312998294830322,120.47699737548828,0.6772773265838623
2015-10-29,0.7100759744644165,1.319100022315979,0.9936000108718872,1.0928961038589478,1.5271838903427124,120.86000061035156,0.6688068509101868
2015-10-30,0.7090187072753906,1.3158999681472778,0.9886999726295471,1.0993843078613281,1.532379150390625,121.0,0.6706008911132812
2015-11-02,0.7137249112129211,1.3072600364685059,0.9862800240516663,1.102596640586853,1.5441631078720093,120.49500274658203,0.6771856546401978
2015-11-03,0.7159220576286316,1.3092999458312988,0.9869800209999084,1.1016006469726562,1.542400598526001,120.78800201416016,0.6758126616477966
2015-11-04,0.7191140651702881,1.306439995765686,0.9909999966621399,1.0963950157165527,1.5419248342514038,121.09500122070312,0.666400134563446
2015-11-05,0.71387779712677,1.3154900074005127,0.992900013923645,1.0868029594421387,1.5390061140060425,121.48999786376953,0.6595001220703125
2015-11-06,0.714796245098114,1.3162000179290771,0.9951500296592712,1.0883997678756714,1.5210051536560059,121.66999816894531,0.6609822511672974
2015-11-09,0.7038784027099609,1.3295999765396118,1.0053999423980713,1.0733413696289062,1.5055025815963745,123.19999694824219,0.6536802053451538
2015-11-10,0.7051191329956055,1.3265899419784546,1.0030800104141235,1.0759514570236206,1.5121043920516968,123.0770034790039,0.6538939476013184
2015-11-11,0.7046719789505005,1.3261799812316895,1.005210041999817,1.0737563371658325,1.5138899087905884,123.08399963378906,0.6552221179008484
2015-11-12,0.7071135640144348,1.3252999782562256,1.0035300254821777,1.0762988328933716,1.522510290145874,122.75700378417969,0.6555227637290955
2015-11-13,0.7137249112129211,1.3281999826431274,1.0003600120544434,1.0815019607543945,1.5234612226486206,122.55999755859375,0.6547930836677551
2015-11-16,0.7105805277824402,1.3320000171661377,1.0080000162124634,1.06999933719635,1.5217920541763306,122.36399841308594,0.6532958745956421
2015-11-17,0.7095217704772949,1.3329999446868896,1.0094499588012695,1.068798542022705,1.5204963684082031,123.26599884033203,0.6485084295272827
2015-11-18,0.7113893628120422,1.331760048866272,1.01419997215271,1.0643846988677979,1.5220005512237549,123.44499969482422,0.6480041146278381
2015-11-19,0.7117944359779358,1.3299000263214111,1.0189000368118286,1.066996693611145,1.5239256620407104,123.5250015258789,0.6491820216178894
2015-11-20,0.7191658020019531,1.3295400142669678,1.0134600400924683,1.0726161003112793,1.5288182497024536,122.91200256347656,0.6558666825294495
2015-11-23,0.7229090332984924,1.3356200456619263,1.0194900035858154,1.0641014575958252,1.518994927406311,122.9229965209961,0.6547502279281616
2015-11-24,0.7189072370529175,1.3360300064086914,1.018180012702942,1.0642033815383911,1.5129051208496094,122.91500091552734,0.6512112617492676
2015-11-25,0.7257947325706482,1.330299973487854,1.0169999599456787,1.0643846988677979,1.5085914134979248,122.50499725341797,0.655995786190033
2015-11-26,0.725584089756012,1.3297200202941895,1.0217000246047974,1.0624960660934448,1.512355923652649,122.68000030517578,0.6578081846237183
2015-11-27,0.7219173908233643,1.3294399976730347,1.0236300230026245,1.0604453086853027,1.5099810361862183,122.63400268554688,0.6575918793678284
2015-11-30,0.7183908224105835,1.3366999626159668,1.0302000045776367,1.0583018064498901,1.5038950443267822,122.83000183105469,0.6526989340782166
2015-12-01,0.7232750058174133,1.334879994392395,1.0289000272750854,1.0572947263717651,1.5057973861694336,123.20999908447266,0.6599788665771484
2015-12-02,0.7323324680328369,1.3359999656677246,1.0262000560760498,1.0625863075256348,1.5077953338623047,122.91500091552734,0.6672894954681396
2015-12-03,0.7303001284599304,1.3347899913787842,1.0183600187301636,1.0613007545471191,1.4949023723602295,123.22599792480469,0.6643193960189819
2015-12-04,0.7329766154289246,1.334689974784851,0.9937000274658203,1.0915957689285278,1.513500452041626,122.65299987792969,0.6675121784210205
2015-12-07,0.7342144250869751,1.3387999534606934,0.9968000054359436,1.0883997678756714,1.511258840560913,123.19000244140625,0.6729022264480591
2015-12-08,0.7259001135826111,1.3508399724960327,1.0003999471664429,1.0834001302719116,1.5050268173217773,123.27999877929688,0.6640105843544006
2015-12-09,0.7225067615509033,1.3579399585723877,0.9927999973297119,1.0893957614898682,1.5010056495666504,122.91200256347656,0.663790225982666
2015-12-10,0.7235366702079773,1.3566999435424805,0.983299970626831,1.1017948389053345,1.5183953046798706,121.69999694824219,0.6727211475372314
2015-12-11,0.727219820022583,1.3632999658584595,0.9879999756813049,1.0948106050491333,1.516093373298645,121.70999908447266,0.676315426826477
2015-12-14,0.7164863348007202,1.3736000061035156,0.9837999939918518,1.0983941555023193,1.5198955535888672,120.89299774169922,0.6719075441360474
2015-12-15,0.7254788279533386,1.372689962387085,0.9854999780654907,1.0992997884750366,1.5160702466964722,121.08999633789062,0.6785181164741516
2015-12-16,0.7203054428100586,1.3728400468826294,0.9906899929046631,1.0936251878738403,1.5043702125549316,121.67500305175781,0.6770939230918884
2015-12-17,0.7208765745162964,1.378999948501587,0.9926599860191345,1.087453007698059,1.497790813446045,122.46299743652344,0.6766357421875
2015-12-18,0.7128092050552368,1.3924000263214111,0.9944000244140625,1.0844104290008545,1.4929606914520264,122.44999694824219,0.6701963543891907
2015-12-21,0.7166917324066162,1.3946000337600708,0.9918199777603149,1.0869920253753662,1.4908239841461182,121.30000305175781,0.6728116869926453
2015-12-22,0.7199942469596863,1.3951799869537354,0.9926999807357788,1.09129798412323,1.4896912574768066,121.20600128173828,0.6775985956192017
2015-12-23,0.7232226729393005,1.3918999433517456,0.9878000020980835,1.0950024127960205,1.4823379516601562,121.02999877929688,0.6809206008911133
2015-12-24,0.7233796119689941,1.385200023651123,0.9904999732971191,1.0909169912338257,1.4876967668533325,120.93499755859375,0.6790710091590881
2015-12-25,0.727219820022583,1.3827500343322754,0.9862499833106995,1.0969964265823364,1.491424322128296,120.16999816894531,0.6830601096153259
2015-12-28,0.7282790541648865,1.3837000131607056,0.9867799878120422,1.0965994596481323,1.4932059049606323,120.23100280761719,0.6843221783638
2015-12-29,0.7257947325706482,1.3894000053405762,0.9879400134086609,1.0975261926651,1.4894028902053833,120.3499984741211,0.6855888962745667
2015-12-30,0.7290754914283752,1.3833999633789062,0.9922099709510803,1.0928006172180176,1.4822280406951904,120.52899932861328,0.6864831447601318
2015-12-31,0.7284913063049316,1.3871999979019165,0.9879999756813049,1.093398094177246,1.481920599937439,120.44999694824219,0.684415876865387
2016-01-01,0.7271669507026672,1.3899699449539185,1.0013600587844849,1.0859060287475586,1.4738394021987915,120.28800201416016,0.6841349005699158
2016-01-04,0.7287036180496216,1.3864500522613525,0.9994999766349792,1.0853991508483887,1.473708987236023,120.31099700927734,0.6832934617996216
2016-01-05,0.7185972929000854,1.3934299945831299,1.0024199485778809,1.0827549695968628,1.4714103937149048,119.46700286865234,0.67458176612854
2016-01-06,0.7162810564041138,1.3983999490737915,1.0083999633789062,1.0751993656158447,1.467394471168518,119.10199737548828,0.6701065301895142
2016-01-07,0.708014726638794,1.4067599773406982,1.007390022277832,1.0778998136520386,1.4629936218261719,118.61000061035156,0.6643193960189819
2016-01-08,0.7018036246299744,1.4101999998092651,0.9937000274658203,1.0925976037979126,1.4626940488815308,117.54000091552734,0.6625587940216064
2016-01-11,0.6942998170852661,1.4184000492095947,0.9921000003814697,1.0941038131713867,1.45249605178833,117.08000183105469,0.6518904566764832
2016-01-12,0.6987143754959106,1.4221999645233154,1.0015000104904175,1.0857999324798584,1.454397439956665,117.6500015258789,0.6556087136268616
2016-01-13,0.6987143754959106,1.4255000352859497,1.0029000043869019,1.0843987464904785,1.4436262845993042,117.83000183105469,0.6544930934906006
2016-01-14,0.6935774683952332,1.4350999593734741,1.00600004196167,1.0886012315750122,1.4407975673675537,117.42500305175781,0.6487187743186951
2016-01-15,0.6996921300888062,1.4344600439071655,1.0052000284194946,1.085894227027893,1.442710041999817,118.2030029296875,0.6490135192871094
2016-01-18,0.6861063838005066,1.457800030708313,1.0017000436782837,1.0920010805130005,1.4274091720581055,116.98999786376953,0.6443299055099487
2016-01-19,0.6878998875617981,1.454450011253357,1.0049999952316284,1.0895025730133057,1.4253135919570923,117.38400268554688,0.6454527974128723
2016-01-20,0.6917064189910889,1.45632004737854,1.0032000541687012,1.09129798412323,1.4182385206222534,117.56500244140625,0.6402868628501892
2016-01-21,0.6937218308448792,1.4474999904632568,1.0055700540542603,1.0877013206481934,1.4198495149612427,117.13400268554688,0.6462870836257935
2016-01-22,0.7016066908836365,1.4270800352096558,1.0078999996185303,1.0862009525299072,1.4226775169372559,117.92400360107422,0.6545788049697876
2016-01-25,0.7004027366638184,1.4140599966049194,1.0161199569702148,1.079901933670044,1.4260046482086182,118.5719985961914,0.6475006341934204
2016-01-26,0.6939143538475037,1.4296000003814697,1.0124000310897827,1.0853049755096436,1.4242985248565674,118.22799682617188,0.6449116468429565
2016-01-27,0.700721800327301,1.4118000268936157,1.017240047454834,1.0864958763122559,1.434308648109436,118.37999725341797,0.6507874727249146
2016-01-28,0.7016066908836365,1.4094799757003784,1.014299988746643,1.090798020362854,1.4249074459075928,118.46700286865234,0.6427148580551147
2016-01-29,0.7086167335510254,1.4034299850463867,1.013800024986267,1.0936970710754395,1.4362038373947144,118.93000030517578,0.6480041146278381
2016-02-01,0.7068636417388916,1.397279977798462,1.0245000123977661,1.0825908184051514,1.4246028661727905,121.33999633789062,0.6469979286193848
2016-02-02,0.711085855960846,1.3949999809265137,1.0195000171661377,1.0897282361984253,1.4427932500839233,120.83999633789062,0.6545788049697876
2016-02-03,0.7029876708984375,1.406000018119812,1.0186899900436401,1.0922038555145264,1.4409221410751343,119.85600280761719,0.6520180106163025
2016-02-04,0.7154611349105835,1.3794200420379639,1.0052000284194946,1.1091023683547974,1.4585764408111572,118.12000274658203,0.6647168397903442
2016-02-05,0.7199423909187317,1.3755199909210205,0.9933900237083435,1.119996428489685,1.4581085443496704,116.86599731445312,0.6729927659034729
2016-02-08,0.7086167335510254,1.3882999420166016,0.9927999973297119,1.114504098892212,1.4512102603912354,116.94999694824219,0.6629980802536011
2016-02-09,0.7079144716262817,1.3925000429153442,0.9871000051498413,1.1189812421798706,1.4436055421829224,115.66799926757812,0.6619009971618652
2016-02-10,0.7067137956619263,1.388319969177246,0.9728999733924866,1.1289994716644287,1.446591854095459,115.19100189208984,0.6642311811447144
2016-02-11,0.7103786468505859,1.392300009727478,0.9733999967575073,1.128095269203186,1.452643871307373,113.25199890136719,0.6684938669204712
2016-02-12,0.7124029397964478,1.3916300535202026,0.9722999930381775,1.1317979097366333,1.4482258558273315,112.49700164794922,0.6715014576911926
2016-02-15,0.7116931080818176,1.383679986000061,0.9782000184059143,1.1225990056991577,1.4518002271652222,113.66999816894531,0.6640105843544006
2016-02-16,0.714796245098114,1.3821899890899658,0.9857000112533569,1.1174057722091675,1.4459224939346313,114.3219985961914,0.664893627166748
2016-02-17,0.7119971513748169,1.3865200281143188,0.9883000254631042,1.1147029399871826,1.4303901195526123,114.08000183105469,0.6581978797912598
2016-02-18,0.7176175117492676,1.3677400350570679,0.9925000071525574,1.112297534942627,1.4281632900238037,114.27999877929688,0.6633939146995544
2016-02-19,0.7150007486343384,1.3737900257110596,0.9930899739265442,1.1110987663269043,1.4333218336105347,113.25,0.6644960045814514
2016-02-22,0.7142857313156128,1.3789000511169434,0.9906200170516968,1.1123965978622437,1.426594614982605,112.48899841308594,0.6626027226448059
2016-02-23,0.7234842777252197,1.370300054550171,0.9994999766349792,1.102803349494934,1.4148073196411133,112.97100067138672,0.6714112758636475
2016-02-24,0.7195797562599182,1.379699945449829,0.9909999966621399,1.1027060747146606,1.4013453722000122,111.87999725341797,0.6640105843544006
2016-02-25,0.7194762229919434,1.370300054550171,0.9890999794006348,1.1013944149017334,1.3929517269134521,112.10099792480469,0.6664445400238037
2016-02-26,0.7235890030860901,1.3544000387191772,0.9900000095367432,1.1024993658065796,1.3966480493545532,113.11799621582031,0.674900472164154
2016-02-29,0.7128092050552368,1.354699969291687,0.9966999888420105,1.0923947095870972,1.3861935138702393,113.66000366210938,0.6591957807540894
2016-03-01,0.7142857313156128,1.3537399768829346,0.9976999759674072,1.0888975858688354,1.3927963972091675,112.43000030517578,0.6604147553443909
2016-03-02,0.7181844115257263,1.3427000045776367,0.9965999722480774,1.0875948667526245,1.3963944911956787,113.93000030517578,0.6640987992286682
2016-03-03,0.7288098335266113,1.342900037765503,0.996399998664856,1.086897373199463,1.408093810081482,113.46600341796875,0.666400134563446
2016-03-04,0.7357810139656067,1.3406000137329102,0.9922999739646912,1.094894528388977,1.4174946546554565,113.66999816894531,0.6724949479103088
2016-03-07,0.7411414980888367,1.3329999446868896,0.9939000010490417,1.0993964672088623,1.4215044975280762,113.8030014038086,0.6789788007736206
2016-03-08,0.7458233833312988,1.329300045967102,0.9952999949455261,1.1016006469726562,1.4261265993118286,113.4520034790039,0.6785181164741516
2016-03-09,0.7433839440345764,1.3416999578475952,0.9964100122451782,1.1004005670547485,1.4208581447601318,112.66000366210938,0.674490749835968
2016-03-10,0.7471049427986145,1.3247699737548828,0.998199999332428,1.0989010334014893,1.42069673538208,113.25299835205078,0.6644076704978943
2016-03-11,0.7462129592895508,1.33378005027771,0.984499990940094,1.1178430318832397,1.4287755489349365,112.86000061035156,0.6688963174819946
2016-03-14,0.756315290927887,1.3235700130462646,0.982699990272522,1.1167943477630615,1.4380005598068237,113.77799987792969,0.674081563949585
2016-03-15,0.7521058917045593,1.327280044555664,0.9870200157165527,1.1101982593536377,1.4282041788101196,113.83000183105469,0.6684938669204712
2016-03-16,0.746324360370636,1.3353999853134155,0.9869999885559082,1.1109012365341187,1.4156285524368286,113.1050033569336,0.6612444519996643
2016-03-17,0.7547169327735901,1.3115999698638916,0.9779300093650818,1.1218937635421753,1.4255167245864868,112.75199890136719,0.674081563949585
2016-03-18,0.7649939060211182,1.2984000444412231,0.9670500159263611,1.1317979097366333,1.4478065967559814,111.3499984741211,0.6839009523391724
2016-03-21,0.7597629427909851,1.3046000003814697,0.9693300127983093,1.1279042959213257,1.4468011856079102,111.44499969482422,0.6776904463768005
2016-03-22,0.7571741938591003,1.3092000484466553,0.970740020275116,1.1235954761505127,1.4370087385177612,112.13899993896484,0.6766815185546875
2016-03-23,0.7620208859443665,1.3050099611282349,0.9728000164031982,1.122296690940857,1.4224953651428223,112.25199890136719,0.674900472164154
2016-03-24,0.7533524632453918,1.3209999799728394,0.9753000140190125,1.118105411529541,1.411691665649414,112.4000015258789,0.6721785664558411
2016-03-25,0.7526719570159912,1.3250800371170044,0.9759899973869324,1.1167943477630615,1.4130080938339233,112.83000183105469,0.670286238193512
2016-03-28,0.7505817413330078,1.3271000385284424,0.9782999753952026,1.1159967184066772,1.413107991218567,113.44999694824219,0.6677796840667725
2016-03-29,0.7556865215301514,1.3174699544906616,0.9734500050544739,1.1202723979949951,1.4263300895690918,113.36399841308594,0.674217939376831
2016-03-30,0.7640002965927124,1.3063000440597534,0.9664000272750854,1.12920343875885,1.438641905784607,112.68000030517578,0.6869075298309326
2016-03-31,0.7661073803901672,1.297659993171692,0.9649500250816345,1.1334655284881592,1.4374011754989624,112.36599731445312,0.690321683883667
2016-04-01,0.7669888138771057,1.2990599870681763,0.9610000252723694,1.1379671096801758,1.4366991519927979,112.4800033569336,0.6920893788337708
2016-04-04,0.7668711543083191,1.3035999536514282,0.9585999846458435,1.1390039920806885,1.422454833984375,111.72200012207031,0.6897027492523193
2016-04-05,0.7599939703941345,1.307669997215271,0.9588000178337097,1.1389002799987793,1.4264928102493286,111.25,0.6813845634460449
2016-04-06,0.7546030879020691,1.3141200542449951,0.9564099907875061,1.138200283050537,1.4156285524368286,110.37799835205078,0.6800407767295837
2016-04-07,0.7612088322639465,1.3080799579620361,0.9555100202560425,1.1404979228973389,1.4138071537017822,109.6989974975586,0.6832934617996216
2016-04-08,0.7513712644577026,1.3140000104904175,0.9560999870300293,1.1373976469039917,1.4057974815368652,108.427001953125,0.6781960129737854
2016-04-11,0.7564868927001953,1.2979099750518799,0.9533500075340271,1.1403028964996338,1.4130080938339233,108.31099700927734,0.6817097067832947
2016-04-12,0.7594744563102722,1.2908799648284912,0.9540600180625916,1.141291856765747,1.4234064817428589,107.93000030517578,0.6861063838005066
2016-04-13,0.7685213685035706,1.2766000032424927,0.955299973487854,1.138498306274414,1.4268999099731445,108.63999938964844,0.6923769116401672
2016-04-14,0.7662248611450195,1.281790018081665,0.9664999842643738,1.1279042959213257,1.4192047119140625,109.41999816894531,0.6915150880813599
2016-04-15,0.7695859670639038,1.2839000225067139,0.9663000106811523,1.1270017623901367,1.4146071672439575,109.31600189208984,0.6864831447601318
2016-04-18,0.7640002965927124,1.2978999614715576,0.9663000106811523,1.1299946308135986,1.4174344539642334,108.01699829101562,0.6882786154747009
2016-04-19,0.7771215438842773,1.276919960975647,0.9645500183105469,1.1309019327163696,1.4289796352386475,109.072998046875,0.6984215378761292
2016-04-20,0.7796663045883179,1.2696199417114258,0.9618499875068665,1.1359634399414062,1.4389524459838867,109.23999786376953,0.703234851360321
2016-04-21,0.7802137732505798,1.264549970626831,0.9711999893188477,1.1305055618286133,1.4338973760604858,109.83799743652344,0.6976906061172485
2016-04-22,0.7742934823036194,1.2724299430847168,0.9746299982070923,1.12920343875885,1.432295322418213,109.43699645996094,0.6907030940055847
2016-04-25,0.7710813879966736,1.2670199871063232,0.9782500267028809,1.123406171798706,1.4446691274642944,111.43599700927734,0.6867188811302185
2016-04-26,0.7717240452766418,1.2675000429153442,0.9749000072479248,1.1269001960754395,1.4490653276443481,111.13600158691406,0.6875215172767639
2016-04-27,0.7747734189033508,1.2608000040054321,0.9735999703407288,1.1299052238464355,1.457726001739502,111.2300033569336,0.6893223524093628
2016-04-28,0.7603984475135803,1.2583800554275513,0.9708200097084045,1.132900595664978,1.4542070627212524,111.5199966430664,0.6926167011260986
2016-04-29,0.7634170055389404,1.2553000450134277,0.9661999940872192,1.135589361190796,1.4611338376998901,108.07599639892578,0.6963788270950317
2016-05-02,0.7617306113243103,1.2542999982833862,0.9587000012397766,1.146302580833435,1.4602802991867065,106.4530029296875,0.7002801299095154
2016-05-03,0.7663775086402893,1.2529000043869019,0.9552000164985657,1.1524986028671265,1.4665981531143188,106.39600372314453,0.7034822702407837
2016-05-04,0.7499625086784363,1.270009994506836,0.9538000226020813,1.1504037380218506,1.4550957679748535,106.68000030517578,0.6931928396224976
2016-05-05,0.7467144727706909,1.2862000465393066,0.9569900035858154,1.1493064165115356,1.4507049322128296,106.91999816894531,0.6889424324035645
2016-05-06,0.7476076483726501,1.2851999998092651,0.9678699970245361,1.1406019926071167,1.4492753744125366,107.2750015258789,0.6893223524093628
2016-05-09,0.737626314163208,1.2928099632263184,0.9725000262260437,1.1387965679168701,1.443084716796875,107.36000061035156,0.6841817498207092
2016-05-10,0.731689453125,1.295680046081543,0.9711300134658813,1.1387965679168701,1.4415452480316162,108.33100128173828,0.6771856546401978
2016-05-11,0.7373000383377075,1.2916300296783447,0.9751999974250793,1.1374363899230957,1.4451494216918945,109.19400024414062,0.6800870895385742
2016-05-12,0.7357810139656067,1.2860000133514404,0.9707000255584717,1.142700433731079,1.4438347816467285,108.41500091552734,0.6819886565208435
2016-05-13,0.7317965626716614,1.28410005569458,0.9709600210189819,1.1376951932907104,1.4445230960845947,109.0999984741211,0.6819886565208435
2016-05-16,0.7274843454360962,1.2954800128936768,0.9756399989128113,1.1316953897476196,1.4349260330200195,108.66100311279297,0.6768189668655396
2016-05-17,0.7288098335266113,1.2898900508880615,0.9779999852180481,1.1316057443618774,1.4446901082992554,109.08000183105469,0.678380012512207
2016-05-18,0.731368362903595,1.2910399436950684,0.9800000190734863,1.1316057443618774,1.4455254077911377,108.94999694824219,0.6797172427177429
2016-05-19,0.7226999998092651,1.302299976348877,0.9878000020980835,1.122296690940857,1.4596196413040161,110.13999938964844,0.6761782765388489
2016-05-20,0.7232226729393005,1.3085999488830566,0.9902999997138977,1.1205987930297852,1.4601097106933594,109.88099670410156,0.6761782765388489
2016-05-23,0.7228044867515564,1.312399983406067,0.9910100102424622,1.1221708059310913,1.4490653276443481,110.05000305175781,0.6765899658203125
2016-05-24,0.7223867774009705,1.3144999742507935,0.9897000193595886,1.121604323387146,1.4481840133666992,109.3740005493164,0.6753562688827515
2016-05-25,0.719062328338623,1.3125,0.9930999875068665,1.113796591758728,1.4612619876861572,110.16999816894531,0.6753106117248535
2016-05-26,0.7186489701271057,1.3034000396728516,0.9909999966621399,1.1158970594406128,1.4698317050933838,110.11100006103516,0.6709157824516296
2016-05-27,0.7225955128669739,1.2975300550460815,0.9891999959945679,1.1192066669464111,1.466490626335144,109.71299743652344,0.6753106117248535
2016-05-30,0.7184939980506897,1.3046000003814697,0.9946699738502502,1.1110000610351562,1.4626511335372925,110.7699966430664,0.6693888902664185
2016-05-31,0.7195797562599182,1.3037999868392944,0.9912999868392944,1.1148396730422974,1.4635074138641357,110.84100341796875,0.6710057854652405
2016-06-01,0.7236937284469604,1.3076200485229492,0.9930800199508667,1.113598108291626,1.4482468366622925,110.66999816894531,0.6785181164741516
2016-06-02,0.7250054478645325,1.3075100183486938,0.9884999990463257,1.1189061403274536,1.4419403076171875,109.47699737548828,0.6820816993713379
2016-06-03,0.7231180667877197,1.309399962425232,0.990369975566864,1.115200161933899,1.4405485391616821,108.86000061035156,0.6818026900291443
2016-06-06,0.7346999049186707,1.295930027961731,0.9762200117111206,1.1350995302200317,1.4383935928344727,106.72100067138672,0.6939143538475037
2016-06-07,0.7373543977737427,1.2813700437545776,0.9702399969100952,1.1364023685455322,1.4459224939346313,107.43800354003906,0.6913716793060303
2016-06-08,0.7446016073226929,1.275670051574707,0.9650999903678894,1.1357828378677368,1.454355001449585,107.25399780273438,0.695313572883606
2016-06-09,0.7496814131736755,1.268399953842163,0.958299994468689,1.140706181526184,1.4518423080444336,106.77999877929688,0.7129108309745789
2016-06-10,0.7416747212409973,1.2729400396347046,0.9644200205802917,1.1315033435821533,1.4463825225830078,107.08999633789062,0.7117944359779358
2016-06-13,0.7374087572097778,1.2782299518585205,0.9643999934196472,1.1239995956420898,1.4188824892044067,106.50399780273438,0.7051191329956055
2016-06-14,0.7381163239479065,1.2828199863433838,0.9625599980354309,1.1291015148162842,1.4206764698028564,106.22599792480469,0.7044237852096558
2016-06-15,0.7356186509132385,1.2860599756240845,0.9632999897003174,1.1213024854660034,1.4123696088790894,106.08699798583984,0.6987143754959106
2016-06-16,0.7416197061538696,1.2907999753952026,0.9607999920845032,1.1262656450271606,1.41958749294281,105.8499984741211,0.7079144716262817
2016-06-17,0.7387160658836365,1.2916899919509888,0.9649900197982788,1.1252011060714722,1.4295722246170044,104.74299621582031,0.7062645554542542
2016-06-20,0.7431076765060425,1.2847900390625,0.9598000049591064,1.13490629196167,1.4585976600646973,104.64800262451172,0.7089182138442993
2016-06-21,0.7461016178131104,1.2798000574111938,0.9613999724388123,1.1322976350784302,1.467502236366272,103.8239974975586,0.7116931080818176
2016-06-22,0.7453786730766296,1.2802000045776367,0.961899995803833,1.1250618696212769,1.4670286178588867,104.66999816894531,0.7132158875465393
2016-06-23,0.7514277100563049,1.2813999652862549,0.9595999717712402,1.1328235864639282,1.4789398908615112,104.6500015258789,0.7161784768104553
2016-06-24,0.7535226941108704,1.2832000255584717,0.9617499709129333,1.1324002742767334,1.4557948112487793,104.89600372314453,0.7199942469596863
2016-06-27,0.7431076765060425,1.3020999431610107,0.972599983215332,1.103594422340393,1.3450984954833984,102.12699890136719,0.7094210982322693
2016-06-28,0.7357268929481506,1.306570053100586,0.9785500168800354,1.1015034914016724,1.323504090309143,101.81199645996094,0.7016066908836365
2016-06-29,0.7405213713645935,1.301900029182434,0.980400025844574,1.1073951721191406,1.3350956439971924,102.70099639892578,0.7078142762184143
2016-06-30,0.7469933032989502,1.293429970741272,0.9792699813842773,1.1128050088882446,1.3465837240219116,102.77799987792969,0.7124029397964478
2016-07-01,0.7448789477348328,1.295799970626831,0.9762399792671204,1.1106051206588745,1.3328713178634644,103.072998046875,0.7136231064796448
2016-07-04,0.7463800311088562,1.291100025177002,0.974399983882904,1.1131023168563843,1.3289920091629028,102.48799896240234,0.7176175117492676
2016-07-05,0.7530120611190796,1.2867300510406494,0.9709600210189819,1.1146035194396973,1.3279860019683838,102.51799774169922,0.7213966250419617
2016-07-06,0.7443799376487732,1.3005599975585938,0.9768999814987183,1.1065007448196411,1.2957899570465088,101.14099884033203,0.7132158875465393
2016-07-07,0.7518796920776367,1.2960000038146973,0.9747999906539917,1.1099025011062622,1.292590856552124,101.1500015258789,0.7134194374084473
2016-07-08,0.7494004368782043,1.2997000217437744,0.9786999821662903,1.1065741777420044,1.2915725708007812,100.79000091552734,0.7234842777252197
2016-07-11,0.7559149861335754,1.3044999837875366,0.9829999804496765,1.1043988466262817,1.2946157455444336,100.69200134277344,0.7298737168312073
2016-07-12,0.7538067698478699,1.3122999668121338,0.9826700091362,1.1058032512664795,1.2981113195419312,102.52400207519531,0.7230135202407837
2016-07-13,0.7605719566345215,1.3057600259780884,0.9890599846839905,1.1062926054000854,1.3278273344039917,104.75599670410156,0.729341447353363
2016-07-14,0.7596474885940552,1.2974300384521484,0.9843000173568726,1.1094961166381836,1.3119744062423706,104.07599639892578,0.7262164354324341
2016-07-15,0.7614986300468445,1.2908300161361694,0.9813699722290039,1.1106051206588745,1.3357912302017212,105.19100189208984,0.7162810564041138
2016-07-18,0.759013295173645,1.2956899404525757,0.9837999939918518,1.1053143739700317,1.3229613304138184,105.45899963378906,0.7074637413024902
2016-07-19,0.7575184106826782,1.295799970626831,0.9827100038528442,1.1071866750717163,1.3268934488296509,106.14600372314453,0.7038784027099609
2016-07-20,0.750750720500946,1.3026599884033203,0.986020028591156,1.1013579368591309,1.310839295387268,106.13700103759766,0.7047712802886963
2016-07-21,0.747160792350769,1.3067200183868408,0.9863399863243103,1.1019526720046997,1.326453447341919,107.2040023803711,0.6966699361801147
2016-07-22,0.7506943941116333,1.3073699474334717,0.9849399924278259,1.1032899618148804,1.3246086835861206,105.81099700927734,0.7007708549499512
2016-07-25,0.7476076483726501,1.3135499954223633,0.9881399869918823,1.097044587135315,1.3129734992980957,106.32599639892578,0.7010656595230103
2016-07-26,0.7476076483726501,1.3222899436950684,0.9858999848365784,1.0991184711456299,1.3107877969741821,105.5780029296875,0.6998390555381775
2016-07-27,0.7516536712646484,1.3175499439239502,0.9919999837875366,1.0987803936004639,1.3152875900268555,104.8489990234375,0.706763744354248
2016-07-28,0.7517440319061279,1.313730001449585,0.9846799969673157,1.1073460578918457,1.323784351348877,104.95099639892578,0.7094714641571045
2016-07-29,0.751258373260498,1.3151899576187134,0.9795299768447876,1.108438491821289,1.316187858581543,104.74500274658203,0.709069013595581
2016-08-01,0.7587829232215881,1.3058300018310547,0.9694399833679199,1.1168068647384644,1.3216325044631958,102.33200073242188,0.7190106511116028
2016-08-02,0.7528419494628906,1.312250018119812,0.9681599736213684,1.1168068647384644,1.3185480833053589,102.35900115966797,0.7173600792884827
2016-08-03,0.7599939703941345,1.310539960861206,0.9648799896240234,1.1219062805175781,1.333777904510498,101.06800079345703,0.7209805250167847
2016-08-04,0.759013295173645,1.3069499731063843,0.9726899862289429,1.1151504516601562,1.332800269126892,101.33699798583984,0.7156659364700317
2016-08-05,0.7640002965927124,1.3015400171279907,0.9737799763679504,1.1134741306304932,1.3129217624664307,101.1989974975586,0.7180812358856201
2016-08-08,0.7611798048019409,1.3179899454116821,0.9804800152778625,1.1089547872543335,1.3085750341415405,102.1449966430664,0.711895763874054
2016-08-09,0.7660487294197083,1.3155299425125122,0.9828000068664551,1.1083648204803467,1.3032373189926147,102.28800201416016,0.7146430611610413
2016-08-10,0.7664597034454346,1.3116799592971802,0.981410026550293,1.111580491065979,1.3007115125656128,101.91500091552734,0.7164350152015686
2016-08-11,0.77154541015625,1.3056000471115112,0.9737799763679504,1.1186434030532837,1.3020155429840088,101.13300323486328,0.7289692759513855
2016-08-12,0.7695859670639038,1.2984100580215454,0.9749500155448914,1.113908290863037,1.2954877614974976,101.80799865722656,0.721188485622406
2016-08-15,0.7656381726264954,1.2958699464797974,0.97461998462677,1.1166945695877075,1.290988802909851,101.28299713134766,0.7192692160606384
2016-08-16,0.7676364183425903,1.2927500009536743,0.9729300141334534,1.1184055805206299,1.2883111238479614,101.23999786376953,0.7216569185256958
2016-08-17,0.7700778245925903,1.286329984664917,0.9616400003433228,1.1275991201400757,1.303373098373413,100.19999694824219,0.7289161086082458
2016-08-18,0.766400933265686,1.2844300270080566,0.9614099860191345,1.1298924684524536,1.3044612407684326,99.90599822998047,0.7269026637077332
2016-08-19,0.7678722143173218,1.2775800228118896,0.9545000195503235,1.1349449157714844,1.3166556358337402,100.11199951171875,0.7283321022987366
2016-08-22,0.7608034610748291,1.2891600131988525,0.9618499875068665,1.1298158168792725,1.3056023120880127,100.55400085449219,0.7249528765678406
2016-08-23,0.7630093097686768,1.2940000295639038,0.9624300003051758,1.1319260597229004,1.3137152194976807,100.2509994506836,0.7284913063049316
2016-08-24,0.7613826394081116,1.291949987411499,0.9633899927139282,1.1300839185714722,1.3196094036102295,100.31099700927734,0.7276431918144226
2016-08-25,0.7610350251197815,1.2931400537490845,0.967199981212616,1.1263798475265503,1.3234516382217407,100.552001953125,0.7317965626716614
2016-08-26,0.7624857425689697,1.2912399768829346,0.9669899940490723,1.1290504932403564,1.3194352388381958,100.55500030517578,0.7302467823028564
2016-08-29,0.7544322609901428,1.3014800548553467,0.9777399897575378,1.1199462413787842,1.3128528594970703,101.91999816894531,0.7225955128669739
2016-08-30,0.7577479481697083,1.3009999990463257,0.9777299761772156,1.1192818880081177,1.3107877969741821,101.80899810791016,0.7261109352111816
2016-08-31,0.7524454593658447,1.3086700439453125,0.9830899834632874,1.1153244972229004,1.3090718984603882,102.86799621582031,0.7241129279136658
2016-09-01,0.7519927620887756,1.310920000076294,0.9835699796676636,1.116071343421936,1.3133701086044312,103.302001953125,0.7245851755142212
2016-09-02,0.7552869915962219,1.309399962425232,0.9796000123023987,1.1200717687606812,1.327492356300354,103.25800323486328,0.7293945550918579
2016-09-05,0.7564868927001953,1.299399971961975,0.9800000190734863,1.1161960363388062,1.3294336795806885,103.93399810791016,0.7296074628829956
2016-09-06,0.7593014240264893,1.2929199934005737,0.9800400137901306,1.1153244972229004,1.3313806056976318,103.51000213623047,0.7311010360717773
2016-09-07,0.7688168287277222,1.2845900058746338,0.970009982585907,1.1253657341003418,1.3421016931533813,101.5250015258789,0.742225170135498
2016-09-08,0.7669299840927124,1.2882100343704224,0.9697200059890747,1.1241008043289185,1.333866834640503,101.8290023803711,0.745156466960907
2016-09-09,0.7650523781776428,1.292099952697754,0.9718599915504456,1.1271415948867798,1.331026315689087,102.30599975585938,0.7405762076377869
2016-09-12,0.7544892430305481,1.304800033569336,0.9748200178146362,1.1241133213043213,1.327316164970398,102.43800354003906,0.7336218357086182
2016-09-13,0.7567158937454224,1.3029999732971191,0.9713799953460693,1.1243535280227661,1.333866834640503,101.7509994506836,0.7363770008087158
2016-09-14,0.7469375729560852,1.3157700300216675,0.976859986782074,1.12186861038208,1.3194352388381958,102.50399780273438,0.7251105904579163
2016-09-15,0.7482229471206665,1.3193600177764893,0.9732900261878967,1.1247328519821167,1.326435923576355,102.5479965209961,0.727219820022583
2016-09-16,0.7513148188591003,1.3158999681472778,0.9712299704551697,1.124593734741211,1.3247665166854858,102.00800323486328,0.7322788834571838
2016-09-19,0.7501875758171082,1.3198699951171875,0.9796500205993652,1.1158473491668701,1.3016257286071777,102.30699920654297,0.7274843454360962
2016-09-20,0.7537499070167542,1.320199966430664,0.9800400137901306,1.118067979812622,1.3044612407684326,101.84600067138672,0.7304602265357971
2016-09-21,0.7558007836341858,1.318179965019226,0.9789999723434448,1.1153992414474487,1.2985326051712036,101.5469970703125,0.7322788834571838
2016-09-22,0.763242244720459,1.3082599639892578,0.9732300043106079,1.1193194389343262,1.3036110401153564,100.39299774169922,0.7345919609069824
2016-09-23,0.7649353742599487,1.3046900033950806,0.9689000248908997,1.1210134029388428,1.3087291717529297,100.83100128173828,0.731368362903595
2016-09-26,0.7616146206855774,1.3151600360870361,0.9692299962043762,1.123923897743225,1.297858476638794,100.88899993896484,0.7235366702079773
2016-09-27,0.763382077217102,1.3227399587631226,0.9690200090408325,1.124985933303833,1.2969495058059692,100.35900115966797,0.7276431918144226
2016-09-28,0.7669888138771057,1.3207000494003296,0.9705700278282166,1.121956706047058,1.3012362718582153,100.46800231933594,0.7296607494354248
2016-09-29,0.7694082856178284,1.3064199686050415,0.9704999923706055,1.1224982738494873,1.3039510250091553,100.93499755859375,0.7285974621772766
2016-09-30,0.7628347277641296,1.315269947052002,0.9660999774932861,1.121956706047058,1.2963443994522095,101.1989974975586,0.7245851755142212
2016-10-03,0.7644091248512268,1.3132599592208862,0.9720900058746338,1.1234692335128784,1.2931592464447021,101.56300354003906,0.7265858054161072
2016-10-04,0.7686395049095154,1.3115899562835693,0.9737399816513062,1.121038556098938,1.2848516702651978,101.81700134277344,0.7297139763832092
2016-10-05,0.7610929608345032,1.3196500539779663,0.9783400297164917,1.121076226234436,1.273236632347107,102.87999725341797,0.7188039422035217
2016-10-06,0.7623694539070129,1.3177000284194946,0.9739999771118164,1.120824933052063,1.2755101919174194,103.45999908447266,0.7172572016716003
2016-10-07,0.7578054070472717,1.3220000267028809,0.9806600213050842,1.1144545078277588,1.2402331829071045,103.76499938964844,0.716383695602417
2016-10-10,0.7599939703941345,1.3251399993896484,0.9776899814605713,1.1196954250335693,1.2434717416763306,103.01799774169922,0.7172057628631592
2016-10-11,0.7599939703941345,1.3166999816894531,0.9821500182151794,1.1140819787979126,1.2341108322143555,103.6969985961914,0.7128599882125854
2016-10-12,0.7562580704689026,1.3229199647903442,0.9879000186920166,1.1061947345733643,1.2278977632522583,103.34200286865234,0.708365797996521
2016-10-13,0.7558007836341858,1.3275400400161743,0.9900000095367432,1.1011881828308105,1.2187690734863281,104.30400085449219,0.704820990562439
2016-10-14,0.7563723921775818,1.3202300071716309,0.9866399765014648,1.1049723625183105,1.222195029258728,103.72200012207031,0.708666980266571
2016-10-17,0.7596474885940552,1.314170002937317,0.9903799891471863,1.0967799425125122,1.2183235883712769,104.03900146484375,0.7090187072753906
2016-10-18,0.7640587091445923,1.3114800453186035,0.9878900051116943,1.1015641689300537,1.2218962907791138,103.85099792480469,0.7174115777015686
2016-10-19,0.7674597501754761,1.310789942741394,0.9900599718093872,1.0976948738098145,1.230466365814209,103.86499786376953,0.72061687707901
2016-10-20,0.7726184129714966,1.313330054283142,0.989080011844635,1.0975141525268555,1.2289540767669678,103.39099884033203,0.7232226729393005
2016-10-21,0.7633005380630493,1.322700023651123,0.9923999905586243,1.0930395126342773,1.2256402969360352,104.10900115966797,0.7191140651702881
2016-10-24,0.7602249979972839,1.3352999687194824,0.9942100048065186,1.0882576704025269,1.2219113111495972,103.91699981689453,0.7156659364700317
2016-10-25,0.7594167590141296,1.3349000215530396,0.9939000010490417,1.0875475406646729,1.2217471599578857,104.32099914550781,0.7130124568939209
2016-10-26,0.7650523781776428,1.3351999521255493,0.9945899844169617,1.0887316465377808,1.217581868171692,104.15399932861328,0.7168973088264465
2016-10-27,0.7649939060211182,1.3373899459838867,0.9933000206947327,1.091202735900879,1.2235409021377563,104.56300354003906,0.7154099345207214
2016-10-28,0.759013295173645,1.338729977607727,0.9937800168991089,1.0900371074676514,1.2171372175216675,105.20899963378906,0.7126567959785461
2016-10-31,0.7598206996917725,1.3401999473571777,0.9873899817466736,1.0984665155410767,1.2215979099273682,104.56500244140625,0.716589093208313
2016-11-01,0.7607455253601074,1.341879963874817,0.9891999959945679,1.0973334312438965,1.2236906290054321,104.81999969482422,0.7158196568489075
2016-11-02,0.7645260095596313,1.3391000032424927,0.9750000238418579,1.1057054996490479,1.2238553762435913,104.09200286865234,0.7207207083702087
2016-11-03,0.7653451561927795,1.339400053024292,0.973039984703064,1.1097548007965088,1.230466365814209,103.37799835205078,0.7283851504325867
2016-11-04,0.768580436706543,1.339210033416748,0.9742000102996826,1.1102476119995117,1.2468827962875366,103.052001953125,0.733245313167572
2016-11-07,0.7678722143173218,1.3359299898147583,0.97434002161026,1.1101243495941162,1.248907208442688,104.19499969482422,0.7320643663406372
2016-11-08,0.7720219492912292,1.3370800018310547,0.9739999771118164,1.1052166223526,1.2399256229400635,104.43800354003906,0.7338911294937134
2016-11-09,0.7745933532714844,1.32955002784729,0.9794600009918213,1.1019041538238525,1.2388503551483154,105.02999877929688,0.737136960029602
2016-11-10,0.7649353742599487,1.3412400484085083,0.9845399856567383,1.0920606851577759,1.242081642150879,105.85299682617188,0.7289692759513855
2016-11-11,0.760861337184906,1.347040057182312,0.9872499704360962,1.0889687538146973,1.2553352117538452,106.85600280761719,0.7218131422996521
2016-11-14,0.754944920539856,1.3526300191879272,0.9895099997520447,1.0824854373931885,1.2573871612548828,106.87100219726562,0.7109847068786621
2016-11-15,0.7571169137954712,1.353790044784546,0.9970999956130981,1.0750375986099243,1.2520345449447632,108.2020034790039,0.7132158875465393
2016-11-16,0.7553440928459167,1.3454899787902832,1.001389980316162,1.0727311372756958,1.2456402778625488,109.03800201416016,0.7095217704772949
2016-11-17,0.7494566440582275,1.3426400423049927,1.0008100271224976,1.0706638097763062,1.2442454099655151,108.78500366210938,0.709723174571991
2016-11-18,0.7398091554641724,1.3536299467086792,1.007099986076355,1.062304139137268,1.2410026788711548,110.25599670410156,0.7020993232727051
2016-11-21,0.7323324680328369,1.3508000373840332,1.0110499858856201,1.0584250688552856,1.2324377298355103,110.9729995727539,0.6997900605201721
2016-11-22,0.7376807332038879,1.3408000469207764,1.0078200101852417,1.0638864040374756,1.2493752241134644,110.6500015258789,0.707764208316803
2016-11-23,0.7410151958465576,1.3431999683380127,1.010949969291687,1.0633772611618042,1.2423903942108154,111.00599670410156,0.7069135904312134
2016-11-24,0.7374631762504578,1.3501499891281128,1.0174599885940552,1.0545185804367065,1.2433171272277832,112.58200073242188,0.6997900605201721
2016-11-25,0.7416747212409973,1.3490999937057495,1.0166000127792358,1.0561892986297607,1.2452834844589233,113.29199981689453,0.7009181976318359
2016-11-28,0.7445462346076965,1.3516000509262085,1.0125000476837158,1.0612331628799438,1.248127818107605,112.6520004272461,0.7049700617790222
2016-11-29,0.7494566440582275,1.3403300046920776,1.0123399496078491,1.062134861946106,1.2411566972732544,111.69000244140625,0.7085163593292236
2016-11-30,0.7484470009803772,1.3431199789047241,1.0116599798202515,1.0648492574691772,1.249219298362732,112.47000122070312,0.7134703397750854
2016-12-01,0.7388798594474792,1.3425400257110596,1.0169999599456787,1.0592098236083984,1.2517211437225342,114.69400024414062,0.707764208316803
2016-12-02,0.7421150207519531,1.3306900262832642,1.0105899572372437,1.0663141012191772,1.2589701414108276,113.90899658203125,0.7098239660263062
2016-12-05,0.7443799376487732,1.3320399522781372,1.013800024986267,1.0582010746002197,1.266784906387329,113.50499725341797,0.7102777361869812
2016-12-06,0.747439980506897,1.3272000551223755,1.0069999694824219,1.0757315158843994,1.2728476524353027,113.86299896240234,0.7143367528915405
2016-12-07,0.7472166419029236,1.3277000188827515,1.0099300146102905,1.0720411539077759,1.2671059370040894,114.052001953125,0.7127075791358948
2016-12-08,0.748615026473999,1.32260000705719,1.0067700147628784,1.0761945247650146,1.262785792350769,113.71299743652344,0.7182360291481018
2016-12-09,0.7459513545036316,1.3194999694824219,1.0158900022506714,1.062134861946106,1.2584948539733887,114.07499694824219,0.7180297374725342
2016-12-12,0.7448234558105469,1.3128900527954102,1.0180399417877197,1.0547411441802979,1.2597631216049194,115.41200256347656,0.7129108309745789
2016-12-13,0.7497376203536987,1.3126699924468994,1.0132999420166016,1.0641694068908691,1.2675877809524536,115.00199890136719,0.7199942469596863
2016-12-14,0.7494566440582275,1.313439965248108,1.0118199586868286,1.062925100326538,1.2663036584854126,115.2239990234375,0.7204091548919678
2016-12-15,0.7410700917243958,1.3285800218582153,1.0221199989318848,1.051414132118225,1.253824234008789,117.21099853515625,0.7117944359779358
2016-12-16,0.7368110418319702,1.3333100080490112,1.0297600030899048,1.0418837070465088,1.2423903942108154,118.24099731445312,0.7049203515052795
2016-12-19,0.7291286587715149,1.3339300155639648,1.0267000198364258,1.0449975728988647,1.248907208442688,117.79100036621094,0.6963788270950317
2016-12-20,0.7251105904579163,1.3403600454330444,1.0271799564361572,1.0405826568603516,1.2390038967132568,117.03700256347656,0.6929046511650085
2016-12-21,0.7269555330276489,1.3371200561523438,1.0289700031280518,1.039047360420227,1.2365524768829346,117.875,0.6930007338523865
2016-12-22,0.7235366702079773,1.3431799411773682,1.0266000032424927,1.0428615808486938,1.2354830503463745,117.60399627685547,0.6904169917106628
2016-12-23,0.7221781015396118,1.348140001296997,1.025589942932129,1.0437650680541992,1.2285012006759644,117.54199981689453,0.6906077861785889
2016-12-26,0.7179266214370728,1.352020025253296,1.0261000394821167,1.045478343963623,1.2289540767669678,117.30999755859375,0.6885629892349243
2016-12-27,0.7180812358856201,1.3522499799728394,1.0268299579620361,1.0456969738006592,1.227596402168274,117.19200134277344,0.6883260011672974
2016-12-28,0.7191140651702881,1.3575700521469116,1.027500033378601,1.046233057975769,1.227596402168274,117.4800033569336,0.6897027492523193
2016-12-29,0.7184939980506897,1.3552600145339966,1.0281599760055542,1.0416991710662842,1.2224938869476318,117.08699798583984,0.6927126049995422
2016-12-30,0.7234842777252197,1.3478100299835205,1.0170999765396118,1.0575296878814697,1.2288031578063965,116.26699829101562,0.6972042322158813
2017-01-02,0.7209805250167847,1.343400001525879,1.0186899900436401,1.052698016166687,1.234903335571289,116.79499816894531,0.6934331655502319
2017-01-03,0.7196833491325378,1.3441400527954102,1.0241899490356445,1.0460032224655151,1.2281994819641113,117.49500274658203,0.6931928396224976
2017-01-04,0.7229925990104675,1.3421800136566162,1.0261000394821167,1.0419923067092896,1.2245597839355469,117.65899658203125,0.6923769116401672
2017-01-05,0.7287036180496216,1.3299000263214111,1.0201200246810913,1.0500892400741577,1.2326807975769043,117.11299896240234,0.6963303089141846
2017-01-06,0.7338372468948364,1.3229399919509888,1.0097899436950684,1.0605915784835815,1.2425447702407837,115.26499938964844,0.7021485567092896
2017-01-09,0.7312079668045044,1.324180006980896,1.0174200534820557,1.0531858205795288,1.2260912656784058,117.1500015258789,0.6967670321464539
2017-01-10,0.7359976172447205,1.3214099407196045,1.0140399932861328,1.0588620901107788,1.2173447608947754,115.98500061035156,0.7018036246299744
2017-01-11,0.7361602187156677,1.3243999481201172,1.0168299674987793,1.0552419424057007,1.2174336910247803,115.87200164794922,0.6984215378761292
2017-01-12,0.7447125315666199,1.3163199424743652,1.0130300521850586,1.0597710609436035,1.2214486598968506,115.0979995727539,0.7067137956619263
2017-01-13,0.7488393187522888,1.315060019493103,1.0103000402450562,1.0616837739944458,1.2165449857711792,114.66400146484375,0.711186945438385
2017-01-16,0.7497938275337219,1.312600016593933,1.0098299980163574,1.0628687143325806,1.2039345502853394,114.22699737548828,0.7131599187850952
2017-01-17,0.7473283410072327,1.3174999952316284,1.0111000537872314,1.0602991580963135,1.2040214538574219,114.1520004272461,0.7100709080696106
2017-01-18,0.7550702691078186,1.3061699867248535,1.0029300451278687,1.0696789026260376,1.2388043403625488,112.87799835205078,0.7202794551849365
2017-01-19,0.7509198784828186,1.3265000581741333,1.0077999830245972,1.062778353691101,1.225970983505249,114.76200103759766,0.7128193378448486
2017-01-20,0.7566586136817932,1.3321499824523926,1.0063300132751465,1.0659730434417725,1.2338367700576782,114.9800033569336,0.7193416953086853
2017-01-23,0.7573462724685669,1.3303799629211426,1.0009100437164307,1.0713750123977661,1.2386969327926636,113.80999755859375,0.7189692854881287
2017-01-24,0.7582650780677795,1.3237700462341309,0.9973499774932861,1.0760787725448608,1.2517211437225342,112.77999877929688,0.7236099243164062
2017-01-25,0.7592437863349915,1.3153599500656128,1.0010700225830078,1.0728693008422852,1.2533055543899536,113.83999633789062,0.7256894111633301
2017-01-26,0.7574036121368408,1.3069499731063843,0.9990400075912476,1.0751993656158447,1.2634079456329346,113.29299926757812,0.7300815582275391
2017-01-27,0.7533524632453918,1.309000015258789,0.9998999834060669,1.068296194076538,1.2595410346984863,114.45500183105469,0.7245011925697327
2017-01-30,0.7553611993789673,1.3131500482559204,0.9973999857902527,1.0713980197906494,1.2591921091079712,114.66799926757812,0.7272674441337585
2017-01-31,0.7565441131591797,1.310230016708374,0.9943600296974182,1.0708587169647217,1.25,113.6500015258789,0.7295223474502563
2017-02-01,0.7580351233482361,1.3035999536514282,0.9890000224113464,1.0803803205490112,1.2589701414108276,112.74299621582031,0.7294318675994873
2017-02-02,0.7583800554275513,1.3048700094223022,0.9931100010871887,1.0767391920089722,1.2661433219909668,113.31099700927734,0.7254314422607422
2017-02-03,0.7654623985290527,1.303030014038086,0.9924499988555908,1.0761713981628418,1.2520031929016113,112.78900146484375,0.7285602688789368
2017-02-06,0.7676010727882385,1.3018200397491455,0.9923499822616577,1.0782949924468994,1.2484238147735596,112.63899993896484,0.7314700484275818
2017-02-07,0.764584481716156,1.308500051498413,0.991349995136261,1.0743216276168823,1.2468360662460327,111.8270034790039,0.7317376136779785
2017-02-08,0.7622532248497009,1.3190300464630127,0.9977999925613403,1.0678056478500366,1.2496250867843628,112.38700103759766,0.7297991514205933
2017-02-09,0.7631723284721375,1.314579963684082,0.9952300190925598,1.0692213773727417,1.252803087234497,111.9520034790039,0.723552405834198
2017-02-10,0.7625904083251953,1.3133000135421753,1.0013999938964844,1.0658594369888306,1.2498124837875366,113.43399810791016,0.7195383310317993
2017-02-13,0.7670122981071472,1.3117899894714355,1.0044000148773193,1.061954379081726,1.2484550476074219,113.91400146484375,0.7194244861602783
2017-02-14,0.7642396688461304,1.3071500062942505,1.0055999755859375,1.059849739074707,1.2523010969161987,113.70500183105469,0.7180503606796265
2017-02-15,0.7669299840927124,1.3081200122833252,1.0062600374221802,1.0578316450119019,1.2470382452011108,114.3010025024414,0.717288076877594
2017-02-16,0.7721471190452576,1.3067699670791626,1.0046800374984741,1.0607378482818604,1.2469760179519653,114.11199951171875,0.7222719788551331
2017-02-17,0.7698229551315308,1.3075200319290161,0.9972400069236755,1.0672245025634766,1.2489228248596191,113.30500030517578,0.721547544002533
2017-02-20,0.7668006420135498,1.3088200092315674,1.0018600225448608,1.062665343284607,1.2433944940567017,112.91100311279297,0.7181895971298218
2017-02-21,0.7688758969306946,1.310520052909851,1.0032600164413452,1.0609403848648071,1.2473337650299072,113.27999877929688,0.7176175117492676
2017-02-22,0.7676364183425903,1.3146300315856934,1.0090999603271484,1.0542073249816895,1.248704433441162,113.66899871826172,0.7164401412010193
2017-02-23,0.7697044014930725,1.3164600133895874,1.0108000040054321,1.0554089546203613,1.2453765869140625,113.41699981689453,0.7181792259216309
2017-02-24,0.7713074088096619,1.3100600242614746,1.006119966506958,1.0584474802017212,1.255618929862976,112.68199920654297,0.7230396866798401
2017-02-27,0.767047643661499,1.3119299411773682,1.008870005607605,1.055275321006775,1.2399563789367676,112.18800354003906,0.7192174792289734
2017-02-28,0.7676364183425903,1.3186899423599243,1.009469985961914,1.0584250688552856,1.2439358234405518,112.74500274658203,0.7185301780700684
2017-03-01,0.7642280459403992,1.331130027770996,1.0066100358963013,1.0569148063659668,1.2378076314926147,113.0770034790039,0.717221200466156
2017-03-02,0.7657554149627686,1.3351999521255493,1.0103100538253784,1.0535852909088135,1.227219820022583,114.12100219726562,0.7114703059196472
2017-03-03,0.7572315335273743,1.339269995689392,1.0132299661636353,1.0509721040725708,1.227475881576538,114.34200286865234,0.706239640712738
2017-03-06,0.7594744563102722,1.3381999731063843,1.007930040359497,1.062044620513916,1.23001229763031,113.84700012207031,0.703759491443634
2017-03-07,0.7589211463928223,1.3401399850845337,1.0120799541473389,1.0579211711883545,1.224289894104004,113.91699981689453,0.6994082927703857
2017-03-08,0.7594974637031555,1.3410500288009644,1.0130599737167358,1.0570154190063477,1.2204499244689941,113.9260025024414,0.6963981986045837
2017-03-09,0.7528986930847168,1.3486000299453735,1.0143300294876099,1.0547411441802979,1.217730164527893,114.41100311279297,0.6916777491569519
2017-03-10,0.750750720500946,1.3506799936294556,1.0123300552368164,1.0578428506851196,1.2157316207885742,115.14900207519531,0.6896598935127258
2017-03-13,0.7543753385543823,1.3458499908447266,1.0095000267028809,1.0690041780471802,1.2171372175216675,114.73200225830078,0.6923577785491943
2017-03-14,0.7566586136817932,1.3451199531555176,1.0074000358581543,1.0651443004608154,1.220598816871643,114.91500091552734,0.691811740398407
2017-03-15,0.7565498352050781,1.347249984741211,1.00941002368927,1.0612443685531616,1.2157464027404785,114.65899658203125,0.6929382681846619
2017-03-16,0.7705941200256348,1.3296799659729004,1.0,1.0737909078598022,1.2284257411956787,113.4020004272461,0.7027407288551331
2017-03-17,0.7669888138771057,1.332260012626648,0.9961000084877014,1.077470064163208,1.2351168394088745,113.33999633789062,0.698319137096405
2017-03-20,0.7704753875732422,1.333299994468689,0.9973000288009644,1.0742985010147095,1.2384514808654785,112.67400360107422,0.7028592228889465
2017-03-21,0.7730364799499512,1.3337700366973877,0.9986000061035156,1.073767900466919,1.2367054224014282,112.572998046875,0.7049203515052795
2017-03-22,0.7674126029014587,1.3357000350952148,0.993369996547699,1.081244707107544,1.2482056617736816,111.53199768066406,0.7041410803794861
2017-03-23,0.7669417858123779,1.3331999778747559,0.9919999837875366,1.0790164470672607,1.2475050687789917,111.36900329589844,0.7040418982505798
2017-03-24,0.7634170055389404,1.3348499536514282,0.9932199716567993,1.0783880949020386,1.251877784729004,111.00399780273438,0.702928364276886
2017-03-27,0.7633005380630493,1.332450032234192,0.9880499839782715,1.0849517583847046,1.2514548301696777,110.552001953125,0.7045577764511108
2017-03-28,0.7628929018974304,1.3388500213623047,0.9857699871063232,1.0860947370529175,1.2557923793792725,110.77100372314453,0.7047911882400513
2017-03-29,0.7652397751808167,1.3377399444580078,0.9920799732208252,1.0817711353302002,1.2421433925628662,111.22599792480469,0.7008199691772461
2017-03-30,0.767047643661499,1.3330999612808228,0.9966700077056885,1.0759629011154175,1.2440440654754639,111.15399932861328,0.7033783197402954
2017-03-31,0.7655209302902222,1.3332500457763672,1.000440001487732,1.0687072277069092,1.2478474378585815,111.7760009765625,0.7003585696220398
2017-04-03,0.7629918456077576,1.3325799703598022,1.0022000074386597,1.0668829679489136,1.2540757656097412,111.26499938964844,0.7004910707473755
2017-04-04,0.7605140805244446,1.3384599685668945,1.0013999938964844,1.067008137702942,1.249219298362732,110.70899963378906,0.7017495036125183
2017-04-05,0.756887674331665,1.3397899866104126,1.0016000270843506,1.0680338144302368,1.2439976930618286,110.85399627685547,0.6976419687271118
2017-04-06,0.7567788362503052,1.343440055847168,1.003600001335144,1.0672472715377808,1.248907208442688,110.38099670410156,0.6977198123931885
2017-04-07,0.7541478276252747,1.3418400287628174,1.00531005859375,1.0644639730453491,1.246867299079895,110.89700317382812,0.6973792314529419
2017-04-10,0.7507225871086121,1.3407000303268433,1.00941002368927,1.0582010746002197,1.2375165224075317,111.2249984741211,0.6941697001457214
2017-04-11,0.7506943941116333,1.3322499990463257,1.0077999830245972,1.0597598552703857,1.2425447702407837,110.71700286865234,0.6964515447616577
2017-04-12,0.7503620386123657,1.3325599431991577,1.0069299936294556,1.0611318349838257,1.2492347955703735,109.58699798583984,0.6958893537521362
2017-04-13,0.7539090514183044,1.3242499828338623,1.0020500421524048,1.0670650005340576,1.2549885511398315,108.9020004272461,0.6993593573570251
2017-04-14,0.7566013336181641,1.3336399793624878,1.0054600238800049,1.0616387128829956,1.250781774520874,109.10099792480469,0.6995795369148254
2017-04-17,0.7580926418304443,1.3313000202178955,1.0050699710845947,1.0610530376434326,1.253509759902954,108.322998046875,0.7014787197113037
2017-04-18,0.7591862082481384,1.332550048828125,1.0041899681091309,1.0644525289535522,1.2557765245437622,109.11199951171875,0.7012278437614441
2017-04-19,0.7559149861335754,1.3382099866867065,0.9963399767875671,1.0728693008422852,1.2844555377960205,108.53500366210938,0.7046024799346924
2017-04-20,0.7496252059936523,1.3482999801635742,0.9978500008583069,1.0715012550354004,1.2782330513000488,108.83399963378906,0.7038981914520264
2017-04-21,0.751908004283905,1.3475899696350098,0.9987000226974487,1.0714898109436035,1.2801966667175293,109.375,0.6990220546722412
2017-04-24,0.7555723190307617,1.3482999801635742,0.992900013923645,1.087393879890442,1.2826268672943115,109.97799682617188,0.7042204141616821
2017-04-25,0.755972146987915,1.3549000024795532,0.9958800077438354,1.0864840745925903,1.2776614427566528,109.64099884033203,0.7013508081436157
2017-04-26,0.7536931037902832,1.35739004611969,0.9934300184249878,1.0928245782852173,1.283235788345337,111.0459976196289,0.6950622797012329
2017-04-27,0.7480326294898987,1.3619600534439087,0.9929999709129333,1.090893268585205,1.2848351001739502,111.19100189208984,0.6902597546577454
2017-04-28,0.746720016002655,1.3627899885177612,0.9943699836730957,1.0864251852035522,1.2893576622009277,111.22599792480469,0.688349723815918
2017-05-01,0.7483405470848083,1.3641999959945679,0.994189977645874,1.0907504558563232,1.2931592464447021,111.302001953125,0.6873891949653625
2017-05-02,0.753409206867218,1.3672000169754028,0.9956700205802917,1.090893268585205,1.2897402048110962,111.81199645996094,0.6922618746757507
2017-05-03,0.7543184757232666,1.370669960975647,0.9910299777984619,1.0935654640197754,1.2941633462905884,111.96900177001953,0.6962576508522034
2017-05-04,0.7428869009017944,1.372730016708374,0.9941800236701965,1.0888975858688354,1.287166953086853,112.78299713134766,0.6886577606201172
2017-05-05,0.7412348985671997,1.3751200437545776,0.9861099720001221,1.098152995109558,1.2924906015396118,112.53700256347656,0.6875687837600708
2017-05-08,0.7415812015533447,1.3671300411224365,0.989870011806488,1.0965152978897095,1.296562910079956,112.68399810791016,0.6900882720947266
2017-05-09,0.7388798594474792,1.3693699836730957,0.998199999332428,1.0927767753601074,1.2943308353424072,113.2300033569336,0.6920893788337708
2017-05-10,0.7342413067817688,1.3707000017166138,1.0066499710083008,1.0886842012405396,1.2948503494262695,113.697998046875,0.6897978782653809
2017-05-11,0.7361059784889221,1.3710700273513794,1.0089999437332153,1.087074637413025,1.2930588722229004,114.3280029296875,0.6833588480949402
2017-05-12,0.7378984093666077,1.3703900575637817,1.0078400373458862,1.0864958763122559,1.2891582250595093,113.80899810791016,0.684387743473053
2017-05-15,0.7392895221710205,1.3717600107192993,1.0010700225830078,1.0927289724349976,1.2886598110198975,113.27100372314453,0.6866387128829956
2017-05-16,0.7420544624328613,1.3628300428390503,0.9956799745559692,1.0981770753860474,1.2903059720993042,113.64199829101562,0.6890279054641724
2017-05-17,0.7421150207519531,1.3612300157546997,0.98430997133255,1.1093976497650146,1.2916892766952515,112.64600372314453,0.6890421509742737
2017-05-18,0.7431076765060425,1.3598899841308594,0.9791600108146667,1.115635633468628,1.2970168590545654,111.1259994506836,0.6939721703529358
2017-05-19,0.742225170135498,1.3603500127792358,0.9794600009918213,1.1113580465316772,1.2958402633666992,111.4010009765625,0.689560055732727
2017-05-22,0.7452120184898376,1.3516199588775635,0.9728900194168091,1.120485782623291,1.3012192249298096,111.28399658203125,0.6934283971786499
2017-05-23,0.7471049427986145,1.3491899967193604,0.9729999899864197,1.123885989189148,1.2995283603668213,110.89099884033203,0.7004714012145996
2017-05-24,0.747160792350769,1.352120041847229,0.9762200117111206,1.11793053150177,1.2956557273864746,111.95700073242188,0.700908362865448
2017-05-25,0.7497488260269165,1.34128999710083,0.9724599719047546,1.1230907440185547,1.2980270385742188,111.52400207519531,0.7046322226524353
2017-05-26,0.7456009387969971,1.3483400344848633,0.9731500148773193,1.121076226234436,1.293326497077942,111.7300033569336,0.7018578052520752
2017-05-29,0.7444353699684143,1.3453400135040283,0.9749799966812134,1.1176055669784546,1.281427025794983,111.25599670410156,0.7051589488983154
2017-05-30,0.7438815832138062,1.3473399877548218,0.9792400002479553,1.1129041910171509,1.281410574913025,111.17400360107422,0.7051589488983154
2017-05-31,0.7459346652030945,1.3470200300216675,0.9758399724960327,1.117168664932251,1.2809016704559326,110.83899688720703,0.7086418867111206
2017-06-01,0.7426661252975464,1.3490400314331055,0.967989981174469,1.1243535280227661,1.2875481843948364,110.7959976196289,0.7083407044410706
2017-06-02,0.7379528880119324,1.3515499830245972,0.9710999727249146,1.1215791702270508,1.2888258695602417,111.43699645996094,0.7061997056007385
2017-06-05,0.7428702712059021,1.3498400449752808,0.9628400206565857,1.128082513809204,1.2870012521743774,110.46299743652344,0.7137197852134705
2017-06-06,0.7487271428108215,1.3477699756622314,0.9649999737739563,1.1256824731826782,1.2907389402389526,110.38099670410156,0.7130582332611084
2017-06-07,0.7509763240814209,1.3449599742889404,0.9625200033187866,1.1271415948867798,1.2906723022460938,109.50900268554688,0.7180606722831726
2017-06-08,0.7542046904563904,1.3510500192642212,0.9647300243377686,1.125517725944519,1.2962098121643066,109.9000015258789,0.7189692854881287
2017-06-09,0.7528306245803833,1.3522100448608398,0.9691600203514099,1.1184805631637573,1.2722970247268677,109.85900115966797,0.71986985206604
2017-06-12,0.7530120611190796,1.3456100225448608,0.9691399931907654,1.1201971769332886,1.2739177942276,110.28800201416016,0.7208298444747925
2017-06-13,0.7547739148139954,1.3311400413513184,0.9690799713134766,1.1196202039718628,1.2669775485992432,109.9209976196289,0.7206116914749146
2017-06-14,0.7538067698478699,1.3240400552749634,0.9688199758529663,1.1208877563476562,1.2750548124313354,110.05500030517578,0.7206584215164185
2017-06-15,0.7588980793952942,1.3242299556732178,0.971340000629425,1.1215791702270508,1.2754452228546143,109.44599914550781,0.7245693802833557
2017-06-16,0.7585526704788208,1.325600028038025,0.9752699732780457,1.1146905422210693,1.275835633277893,110.9520034790039,0.720352053642273
2017-06-19,0.7621369957923889,1.321179986000061,0.9729899764060974,1.120824933052063,1.277955174446106,110.9540023803711,0.7264379858970642
2017-06-20,0.7591918706893921,1.32260000705719,0.9760299921035767,1.1144545078277588,1.273236632347107,111.6729965209961,0.7226007580757141
2017-06-21,0.7576102018356323,1.326990008354187,0.9746500253677368,1.1136974096298218,1.263248324394226,111.33399963378906,0.7239190340042114
2017-06-22,0.7550873756408691,1.3324999809265137,0.9724500179290771,1.1167196035385132,1.2675718069076538,111.30999755859375,0.7248687744140625
2017-06-23,0.7541478276252747,1.323099970817566,0.971809983253479,1.1149640083312988,1.267812728881836,111.29000091552734,0.7261900305747986
2017-06-26,0.7567674517631531,1.3261699676513672,0.9692999720573425,1.1198835372924805,1.2743399143218994,111.23899841308594,0.7284117341041565
2017-06-27,0.7584375739097595,1.3257399797439575,0.9723299741744995,1.118355631828308,1.2724589109420776,111.85800170898438,0.7284382581710815
2017-06-28,0.7586677670478821,1.3183000087738037,0.9603999853134155,1.1339154243469238,1.281295657157898,112.18800354003906,0.7266808152198792
2017-06-29,0.7635919451713562,1.3038599491119385,0.9592700004577637,1.1382650136947632,1.2941465377807617,112.35399627685547,0.7304922342300415
2017-06-30,0.7685213685035706,1.2992600202560425,0.955299973487854,1.144164800643921,1.3011176586151123,112.00900268554688,0.7309620976448059
2017-07-03,0.7688285708427429,1.2974599599838257,0.958899974822998,1.1423088312149048,1.301642656326294,112.26200103759766,0.7336810827255249
2017-07-04,0.7666183710098267,1.2990299463272095,0.9631400108337402,1.1371389627456665,1.2948671579360962,113.38600158691406,0.728868305683136
2017-07-05,0.7612088322639465,1.2931499481201172,0.9639999866485596,1.1360150575637817,1.2934937477111816,112.96199798583984,0.7291924953460693
2017-07-06,0.7600921392440796,1.2959200143814087,0.9642000198364258,1.1346874237060547,1.2931759357452393,113.18699645996094,0.7284275889396667
2017-07-07,0.7579776644706726,1.2978500127792358,0.960129976272583,1.1424784660339355,1.2973533868789673,113.14900207519531,0.7284382581710815
2017-07-10,0.7605140805244446,1.288100004196167,0.9634000062942505,1.140380859375,1.2891249656677246,113.98500061035156,0.7276802062988281
2017-07-12,0.7639011144638062,1.2910799980163574,0.963100016117096,1.1473942995071411,1.2859586477279663,113.74800109863281,0.7222875952720642
2017-07-13,0.7679194211959839,1.2749799489974976,0.964900016784668,1.1418914794921875,1.2893743515014648,113.33499908447266,0.7256314754486084
2017-07-14,0.774053692817688,1.2726800441741943,0.9667999744415283,1.140393853187561,1.294716238975525,113.41799926757812,0.732429027557373
2017-07-17,0.7825216054916382,1.2641799449920654,0.9632899761199951,1.1475391387939453,1.311131477355957,112.39700317382812,0.7358406186103821
2017-07-18,0.7791013717651367,1.2696900367736816,0.9629700183868408,1.1474337577819824,1.3053126335144043,112.58100128173828,0.72798752784729
2017-07-19,0.7918283343315125,1.2631800174713135,0.9550700187683105,1.1549744606018066,1.303865909576416,111.99500274658203,0.7352291941642761
2017-07-20,0.7960199117660522,1.2599999904632568,0.9548199772834778,1.1528440713882446,1.3032711744308472,111.87699890136719,0.7364312410354614
2017-07-21,0.7947861552238464,1.259619951248169,0.9513999819755554,1.1628718376159668,1.2965459823608398,111.88500213623047,0.7403404116630554
2017-07-24,0.7925311923027039,1.2534500360488892,0.9447000026702881,1.1681697368621826,1.3004746437072754,110.94499969482422,0.7452787160873413
2017-07-25,0.7927699685096741,1.250540018081665,0.9471499919891357,1.1638869047164917,1.3031013011932373,111.23200225830078,0.7439811825752258
2017-07-26,0.7932730913162231,1.2506500482559204,0.9527199864387512,1.1644561290740967,1.3027619123458862,112.00299835205078,0.7421976327896118
2017-07-27,0.8000128269195557,1.2452000379562378,0.9513700008392334,1.1728004217147827,1.311475396156311,111.12799835205078,0.7525699734687805
2017-07-28,0.7973591089248657,1.253980040550232,0.9636899828910828,1.1688660383224487,1.3076680898666382,111.09700012207031,0.7504127025604248
2017-07-31,0.7985944747924805,1.2461400032043457,0.9691699743270874,1.1747292280197144,1.3144922256469727,110.51000213623047,0.7520097494125366
2017-08-01,0.7998719811439514,1.2506999969482422,0.9672999978065491,1.182410478591919,1.3195397853851318,110.35900115966797,0.750750720500946
2017-08-02,0.7956082820892334,1.2546499967575073,0.9654099941253662,1.1811256408691406,1.3207945823669434,110.43199920654297,0.7426385879516602
2017-08-03,0.7955195903778076,1.257200002670288,0.9704399704933167,1.1851149797439575,1.3228389024734497,110.75700378417969,0.7410097122192383
2017-08-04,0.7959882616996765,1.2568299770355225,0.9677299857139587,1.1884952783584595,1.314405918121338,109.9000015258789,0.7447125315666199
2017-08-07,0.7930842638015747,1.2640999555587769,0.9727500081062317,1.1778424978256226,1.3046995401382446,110.78600311279297,0.7409108877182007
2017-08-08,0.791671633720398,1.2675000429153442,0.9734600186347961,1.1800941228866577,1.3037809133529663,110.75,0.7359488606452942
2017-08-09,0.7898269891738892,1.2670799493789673,0.9729999899864197,1.1754610538482666,1.2986170053482056,110.10199737548828,0.7324987649917603
2017-08-10,0.7891601324081421,1.2695200443267822,0.9635800123214722,1.1761523485183716,1.3014055490493774,110.04900360107422,0.7355104684829712
2017-08-11,0.7866582870483398,1.2739399671554565,0.9617000222206116,1.177024483680725,1.2976733446121216,109.10600280761719,0.7273890972137451
2017-08-14,0.7904075980186462,1.267359972000122,0.9627100229263306,1.182550311088562,1.3005930185317993,109.2300033569336,0.7316519618034363
2017-08-15,0.7853608131408691,1.2729099988937378,0.972540020942688,1.1775789260864258,1.2965123653411865,109.93199920654297,0.7296394109725952
2017-08-16,0.7825950980186462,1.2752900123596191,0.9721999764442444,1.1741223335266113,1.2867032289505005,110.59600067138672,0.7233220934867859
2017-08-17,0.7932101488113403,1.2624499797821045,0.9652000069618225,1.1774264574050903,1.2891582250595093,109.9990005493164,0.7316573262214661
2017-08-18,0.7875256538391113,1.268399953842163,0.9622399806976318,1.1715501546859741,1.2865046262741089,109.3280029296875,0.7282685041427612
2017-08-21,0.7927510738372803,1.2585699558258057,0.965399980545044,1.1756268739700317,1.2873657941818237,109.31999969482422,0.7310903072357178
2017-08-22,0.79377681016922,1.2558399438858032,0.9622499942779541,1.1811953783035278,1.289823293685913,108.94400024414062,0.7327295541763306
2017-08-23,0.7913270592689514,1.2565300464630127,0.9685400128364563,1.176221489906311,1.2823965549468994,109.73100280761719,0.728141188621521
2017-08-24,0.79107666015625,1.254330039024353,0.9649500250816345,1.1816558837890625,1.28037691116333,108.91000366210938,0.7235314249992371
2017-08-25,0.7900142073631287,1.251289963722229,0.9651600122451782,1.1802195310592651,1.280393362045288,109.51399993896484,0.7207207083702087
2017-08-28,0.794060468673706,1.2471799850463867,0.9552000164985657,1.1951857805252075,1.2905224561691284,109.34600067138672,0.7251210808753967
2017-08-29,0.7924558520317078,1.251420021057129,0.9524499773979187,1.1963869333267212,1.2927078008651733,108.73699951171875,0.7244381904602051
2017-08-30,0.7956715226173401,1.2514499425888062,0.9556900262832642,1.1970456838607788,1.292657732963562,109.79000091552734,0.7258895635604858
2017-08-31,0.7907013297080994,1.2627400159835815,0.963699996471405,1.1893434524536133,1.2920564413070679,110.45999908447266,0.7203884720802307
2017-09-01,0.7939658164978027,1.2472000122070312,0.9593999981880188,1.1910432577133179,1.2941633462905884,110.12899780273438,0.7179111242294312
2017-09-04,0.796470046043396,1.2378499507904053,0.9608299732208252,1.1882835626602173,1.2965123653411865,109.79499816894531,0.7167790532112122
2017-09-05,0.7945336103439331,1.2412899732589722,0.9588199853897095,1.1893434524536133,1.2924071550369263,109.80999755859375,0.7161579728126526
2017-09-06,0.8006982207298279,1.2368099689483643,0.9534000158309937,1.1924067735671997,1.3041210174560547,108.60199737548828,0.7259106040000916
2017-09-07,0.8010895252227783,1.2233200073242188,0.9556099772453308,1.1927765607833862,1.3049719333648682,109.13400268554688,0.7203417420387268
2017-09-08,0.8058017492294312,1.2108700275421143,0.9494900107383728,1.2029062509536743,1.3104785680770874,108.2699966430664,0.7248477339744568
2017-09-11,0.8051530122756958,1.2151399850845337,0.9475700259208679,1.2017642259597778,1.3197661638259888,108.23100280761719,0.7241286635398865
2017-09-12,0.8023750185966492,1.210729956626892,0.9562199711799622,1.1959433555603027,1.3169677257537842,109.3949966430664,0.7254314422607422
2017-09-13,0.8020082116127014,1.2173999547958374,0.9598000049591064,1.1974613666534424,1.3289213180541992,110.22599792480469,0.7283321022987366
2017-09-14,0.797957181930542,1.216920018196106,0.9636600017547607,1.1890605688095093,1.3206027746200562,110.51499938964844,0.7249581217765808
2017-09-15,0.8001792430877686,1.2163000106811523,0.9614199995994568,1.1921650171279907,1.3399077653884888,109.91899871826172,0.7229612469673157
2017-09-18,0.7996801733970642,1.2197999954223633,0.9608299732208252,1.193716287612915,1.3575152158737183,111.1969985961914,0.7289320230484009
2017-09-19,0.7971112728118896,1.2280100584030151,0.9614099860191345,1.1959290504455566,1.3516618013381958,111.49600219726562,0.7265593409538269
2017-09-20,0.8005764484405518,1.2289700508117676,0.9625200033187866,1.199256420135498,1.3515340089797974,111.5780029296875,0.7314593195915222
2017-09-21,0.8016674518585205,1.2345399856567383,0.9715499877929688,1.1872113943099976,1.3489633798599243,112.5459976196289,0.7333690524101257
2017-09-22,0.7930591702461243,1.23239004611969,0.9702000021934509,1.194557547569275,1.3579760789871216,112.4520034790039,0.7300122380256653
2017-09-25,0.7964954376220703,1.2345999479293823,0.9706900119781494,1.1927196979522705,1.3507307767868042,112.44400024414062,0.729091465473175
2017-09-26,0.7936822772026062,1.2370200157165527,0.9663000106811523,1.185564637184143,1.3477815389633179,111.76100158691406,0.7273097634315491
2017-09-27,0.7877613306045532,1.2363699674606323,0.9692999720573425,1.1786059141159058,1.3448090553283691,112.37699890136719,0.7203624844551086
2017-09-28,0.785071074962616,1.2481600046157837,0.9718499779701233,1.1749638319015503,1.3398897647857666,112.86000061035156,0.7216413021087646
2017-09-29,0.7846275568008423,1.243630051612854,0.970579981803894,1.178175449371338,1.343021035194397,112.46700286865234,0.7222824096679688
2017-10-02,0.7845598459243774,1.2473200559616089,0.9681000113487244,1.1807351112365723,1.3394052982330322,112.63800048828125,0.7219278216362
2017-10-03,0.7827175855636597,1.2517000436782837,0.9743800163269043,1.173378348350525,1.3275628089904785,112.7699966430664,0.7192278504371643
2017-10-04,0.783631443977356,1.249019980430603,0.9731400012969971,1.1747568845748901,1.3241175413131714,112.8479995727539,0.7163323760032654
2017-10-05,0.7861697673797607,1.2479000091552734,0.9751999974250793,1.175723671913147,1.323276400566101,112.822998046875,0.7157222628593445
2017-10-06,0.7790589332580566,1.2568800449371338,0.9782000184059143,1.1712344884872437,1.3112690448760986,112.77400207519531,0.7113589644432068
2017-10-09,0.7779377102851868,1.2536300420761108,0.9779000282287598,1.1742464303970337,1.3084039688110352,112.5510025024414,0.7071185111999512
2017-10-10,0.7759155631065369,1.2552800178527832,0.9794999957084656,1.1741636991500854,1.314405918121338,112.65799713134766,0.7066088914871216
2017-10-11,0.7786524295806885,1.2508000135421753,0.9745699763298035,1.1814883947372437,1.3211086988449097,112.34500122070312,0.7073786854743958
2017-10-12,0.7804573774337769,1.2448400259017944,0.973110020160675,1.1865493059158325,1.3239772319793701,112.43399810791016,0.7098491191864014
2017-10-13,0.7827788591384888,1.247499942779541,0.9747999906539917,1.1831799745559692,1.326435923576355,112.23899841308594,0.7129921317100525
2017-10-16,0.7885688543319702,1.2476999759674072,0.9744799733161926,1.181404709815979,1.3288860321044922,111.88200378417969,0.7177205085754395
2017-10-17,0.7844183444976807,1.2523000240325928,0.9750999808311462,1.1794538497924805,1.3252933025360107,112.19499969482422,0.7185094952583313
2017-10-18,0.7851697206497192,1.2497999668121338,0.9778900146484375,1.1771907806396484,1.319487452507019,112.21299743652344,0.7176586985588074
2017-10-19,0.7842522263526917,1.2465800046920776,0.9810600280761719,1.1795234680175781,1.321300745010376,113.01300048828125,0.7154815793037415
2017-10-20,0.7875069975852966,1.2480700016021729,0.9762499928474426,1.184805989265442,1.3150626420974731,112.68000030517578,0.7030519843101501
2017-10-23,0.7807010412216187,1.263700008392334,0.9860600233078003,1.175364375114441,1.3189828395843506,114.0479965209961,0.6942178606987
2017-10-24,0.78125,1.2639000415802002,0.984499990940094,1.1759172677993774,1.3206549882888794,113.33999633789062,0.698319137096405
2017-10-25,0.7775444984436035,1.2670999765396118,0.9905999898910522,1.1759034395217896,1.3131976127624512,113.94599914550781,0.6903693079948425
2017-10-26,0.770790159702301,1.2792999744415283,0.9887800216674805,1.182075023651123,1.327351450920105,113.55799865722656,0.6893603801727295
2017-10-27,0.7659724950790405,1.2848000526428223,0.9980700016021729,1.163724422454834,1.3130252361297607,114.1240005493164,0.6837607026100159
2017-10-30,0.7668123245239258,1.2831300497055054,0.9979900121688843,1.1604562997817993,1.3134045600891113,113.73899841308594,0.6861392855644226
2017-10-31,0.7697636485099792,1.2824300527572632,0.9947199821472168,1.1652703285217285,1.3212482929229736,112.99600219726562,0.6882407069206238
2017-11-01,0.7659900188446045,1.2891199588775635,0.9973999857902527,1.165175199508667,1.3292216062545776,113.6500015258789,0.6904885172843933
2017-11-02,0.7676953673362732,1.2874300479888916,1.002560019493103,1.1628718376159668,1.3255391120910645,114.1520004272461,0.6892321705818176
2017-11-03,0.7713906764984131,1.280750036239624,0.9992600083351135,1.1661807298660278,1.30532968044281,114.01599884033203,0.6912999749183655
2017-11-06,0.7651694416999817,1.2760000228881836,1.0002000331878662,1.1614941358566284,1.30804443359375,114.1780014038086,0.6909417510032654
2017-11-07,0.768994152545929,1.2713600397109985,0.9976999759674072,1.1612648963928223,1.3175057172775269,113.77100372314453,0.6941311359405518
2017-11-08,0.7655092477798462,1.2761399745941162,0.998199999332428,1.1601063013076782,1.3172106742858887,113.76100158691406,0.6910611391067505
2017-11-09,0.7678722143173218,1.272779941558838,0.9998000264167786,1.15968918800354,1.3113033771514893,113.927001953125,0.6955699324607849
2017-11-10,0.7682615518569946,1.2678300142288208,0.9938899874687195,1.164686679840088,1.3144404888153076,113.375,0.6944589018821716
2017-11-13,0.7647013664245605,1.2691800594329834,0.996399998664856,1.1661127805709839,1.312026023864746,113.68599700927734,0.6925399899482727
2017-11-14,0.7614986300468445,1.273669958114624,0.9963399767875671,1.1664936542510986,1.3123359680175781,113.58499908447266,0.6898311972618103
2017-11-15,0.7631257772445679,1.2734999656677246,0.9895200133323669,1.1792869567871094,1.3157894611358643,113.4020004272461,0.6878809332847595
2017-11-17,0.7587311267852783,1.2757899761199951,0.9935200214385986,1.1777453422546387,1.3200448751449585,113.02799987792969,0.6855512857437134
2017-11-20,0.7554011344909668,1.2791999578475952,0.9896000027656555,1.1731857061386108,1.3202714920043945,112.03800201416016,0.6801009178161621
2017-11-21,0.7555723190307617,1.2813299894332886,0.9930999875068665,1.1741223335266113,1.3245033025741577,112.5510025024414,0.6811988949775696
2017-11-22,0.7584893703460693,1.277400016784668,0.9905999898910522,1.173722743988037,1.3245558738708496,112.34100341796875,0.6846595406532288
2017-11-23,0.7613826394081116,1.2704999446868896,0.9820899963378906,1.1814744472503662,1.3316820859909058,111.31300354003906,0.6874411702156067
2017-11-24,0.7625671029090881,1.2712600231170654,0.9815700054168701,1.1853959560394287,1.330672025680542,111.25399780273438,0.6889899373054504
2017-11-27,0.7611972093582153,1.271399974822998,0.9803000092506409,1.1926485300064087,1.3324450254440308,111.6709976196289,0.6872379779815674
2017-11-28,0.7607165575027466,1.2758400440216064,0.9812999963760376,1.1904903650283813,1.3322319984436035,111.16999816894531,0.6920223832130432
2017-11-29,0.7605488300323486,1.2814699411392212,0.9840999841690063,1.184805989265442,1.3365410566329956,111.64800262451172,0.6901120543479919
2017-11-30,0.7566586136817932,1.2862000465393066,0.9844499826431274,1.18519926071167,1.3417235612869263,112.00199890136719,0.688477635383606
2017-12-01,0.7563438415527344,1.289139986038208,0.9837999939918518,1.1898245811462402,1.3529969453811646,112.55599975585938,0.6831814646720886
2017-12-04,0.759013295173645,1.2718100547790527,0.9820299744606018,1.1859863996505737,1.349400281906128,112.86399841308594,0.6855278015136719
2017-12-05,0.7604100108146667,1.267699956893921,0.9846000075340271,1.1867746114730835,1.347527265548706,112.4990005493164,0.6867990493774414
2017-12-06,0.7604620456695557,1.2694000005722046,0.9873999953269958,1.1832919120788574,1.341525673866272,112.46399688720703,0.6875120401382446
2017-12-07,0.7566872239112854,1.278689980506897,0.9892200231552124,1.1804285049438477,1.3392258882522583,112.29100036621094,0.6886008977890015
2017-12-08,0.7512019276618958,1.2857999801635742,0.9947100281715393,1.1772184371948242,1.348435878753662,113.1729965209961,0.6827196478843689
2017-12-11,0.7508071064949036,1.2860000133514404,0.9928699731826782,1.1769968271255493,1.3392080068588257,113.54299926757812,0.6842519640922546
2017-12-12,0.7529497146606445,1.2853000164031982,0.9913899898529053,1.1777591705322266,1.334935188293457,113.54000091552734,0.6909608244895935
2017-12-13,0.7556580305099487,1.2868000268936157,0.9914000034332275,1.1742602586746216,1.331948161125183,113.54499816894531,0.6938276886940002
2017-12-14,0.7633005380630493,1.281599998474121,0.9855300188064575,1.1835860013961792,1.3409678936004639,112.78199768066406,0.7024297118186951
2017-12-15,0.7665008306503296,1.2794500589370728,0.9886999726295471,1.1774957180023193,1.3432915210723877,112.39600372314453,0.6989585757255554
2017-12-18,0.7651109099388123,1.2874399423599243,0.9910399913787842,1.1743566989898682,1.3317352533340454,112.71600341796875,0.6998488306999207
2017-12-19,0.7665772438049316,1.2864899635314941,0.985539972782135,1.1784253120422363,1.3380789756774902,112.56800079345703,0.6994816660881042
2017-12-20,0.7653451561927795,1.2878199815750122,0.9854000210762024,1.1841325759887695,1.3386881351470947,112.98300170898438,0.6970924139022827
2017-12-21,0.767224133014679,1.282639980316162,0.986240029335022,1.1878176927566528,1.3372023105621338,113.24099731445312,0.7016312479972839
2017-12-22,0.7707723379135132,1.2735999822616577,0.98853999376297,1.1857331991195679,1.338043212890625,113.322998046875,0.7014294862747192
2017-12-25,0.7714858651161194,1.2726000547409058,0.989080011844635,1.1856067180633545,1.3365052938461304,113.30799865722656,0.7015082240104675
2017-12-26,0.7725587487220764,1.2715500593185425,0.9889000058174133,1.187253713607788,1.3376137018203735,113.3030014038086,0.702799916267395
2017-12-27,0.7730425000190735,1.2687000036239624,0.9897000193595886,1.1857894659042358,1.337470531463623,113.2030029296875,0.7032496929168701
2017-12-28,0.7774840593338013,1.2649699449539185,0.98580002784729,1.1900794506072998,1.3403927087783813,113.21700286865234,0.7069686055183411
2017-12-29,0.7794293165206909,1.2565499544143677,0.9786999821662903,1.1941723823547363,1.344085931777954,112.875,0.7093405723571777
2018-01-01,0.7802137732505798,1.258080005645752,0.9737300276756287,1.200494647026062,1.351607084274292,112.66600036621094,0.7113893628120422
2018-01-02,0.7801042199134827,1.2554999589920044,0.9747200012207031,1.2011579275131226,1.3511322736740112,112.7699966430664,0.708817720413208
2018-01-03,0.783392071723938,1.2503900527954102,0.9714599847793579,1.2063454389572144,1.359619379043579,112.24400329589844,0.7100205421447754
2018-01-04,0.7828401327133179,1.2546900510787964,0.9771400094032288,1.2010425329208374,1.3511322736740112,112.60700225830078,0.7090187072753906
2018-01-05,0.7863799333572388,1.2490299940109253,0.974399983882904,1.2068840265274048,1.3552889823913574,112.78299713134766,0.7155993580818176
2018-01-08,0.786101758480072,1.2393200397491455,0.975059986114502,1.2037460803985596,1.3575890064239502,113.15399932861328,0.7170412540435791
2018-01-09,0.7848061919212341,1.2414599657058716,0.977370023727417,1.1970456838607788,1.3571282625198364,113.14099884033203,0.7175402641296387
2018-01-10,0.7810669541358948,1.2473200559616089,0.983780026435852,1.1929330825805664,1.353234887123108,112.75499725341797,0.7144489884376526
2018-01-11,0.7847322225570679,1.253059983253479,0.977649986743927,1.1956144571304321,1.351278305053711,111.44400024414062,0.7206479907035828
2018-01-12,0.7885813117027283,1.2518999576568604,0.9756699800491333,1.2042099237442017,1.3541878461837769,111.29399871826172,0.7260793447494507
2018-01-15,0.7908889651298523,1.2460399866104126,0.9678999781608582,1.2192296981811523,1.3733056783676147,111.0999984741211,0.7249003052711487
2018-01-16,0.7962924242019653,1.2424499988555908,0.9630699753761292,1.2268433570861816,1.379824161529541,110.58100128173828,0.7296607494354248
2018-01-17,0.797130286693573,1.2425199747085571,0.9591000080108643,1.227129340171814,1.3798813819885254,110.38800048828125,0.7268921136856079
2018-01-18,0.7972510457038879,1.243749976158142,0.9650499820709229,1.218397855758667,1.382800817489624,111.3759994506836,0.7272886037826538
2018-01-19,0.8005764484405518,1.241129994392395,0.9587699770927429,1.2236607074737549,1.3894678354263306,111.0260009765625,0.72965008020401
2018-01-22,0.8002112507820129,1.248610019683838,0.9613999724388123,1.2255502939224243,1.3891589641571045,110.68399810791016,0.7288311123847961
2018-01-23,0.8008328676223755,1.2452000379562378,0.9620500206947327,1.2256253957748413,1.3984841108322144,110.96600341796875,0.7319090366363525
2018-01-24,0.8004482388496399,1.2414300441741943,0.9565799832344055,1.2310267686843872,1.401738166809082,110.10700225830078,0.7362902760505676
2018-01-25,0.8048937320709229,1.2352499961853027,0.9463199973106384,1.239111304283142,1.4220906496047974,109.32599639892578,0.733718752861023
2018-01-26,0.8029226064682007,1.2375999689102173,0.9417999982833862,1.239234209060669,1.4150274991989136,109.7040023803711,0.731079638004303
2018-01-29,0.8116883039474487,1.2312999963760376,0.9336599707603455,1.2428072690963745,1.4149274826049805,108.63899993896484,0.7362686395645142
2018-01-30,0.8095985651016235,1.2334200143814087,0.9372000098228455,1.2381141185760498,1.4076577425003052,108.9260025024414,0.7325094938278198
2018-01-31,0.8101101517677307,1.2336100339889526,0.9345899820327759,1.2409565448760986,1.4155884981155396,108.73200225830078,0.7339880466461182
2018-02-01,0.806126594543457,1.2302000522613525,0.9309999942779541,1.241865873336792,1.420051097869873,109.20099639892578,0.7375882267951965
2018-02-02,0.8040524125099182,1.2260600328445435,0.9259799718856812,1.2510008811950684,1.4266760349273682,109.40599822998047,0.7397927045822144
2018-02-05,0.7906388640403748,1.2431999444961548,0.9310799837112427,1.244694471359253,1.411133885383606,110.03500366210938,0.7282207608222961
2018-02-06,0.7874636054039001,1.2535899877548218,0.9312000274658203,1.2367818355560303,1.3943694829940796,109.09500122070312,0.7266914248466492
2018-02-07,0.7893905639648438,1.2504299879074097,0.9360600113868713,1.2381294965744019,1.395868182182312,109.62699890136719,0.7331593036651611
2018-02-08,0.7817386388778687,1.256500005722046,0.9427000284194946,1.2268133163452148,1.3879250288009644,109.19599914550781,0.7227522134780884
2018-02-09,0.7787495255470276,1.259060025215149,0.9350799918174744,1.2260762453079224,1.3934950828552246,108.52899932861328,0.7226112484931946
2018-02-12,0.7820197939872742,1.2587000131607056,0.9394999742507935,1.2252799272537231,1.3827433586120605,108.80000305175781,0.7246691584587097
2018-02-13,0.7859163880348206,1.257699966430664,0.9384999871253967,1.2303755283355713,1.3852334022521973,108.69000244140625,0.726300835609436
2018-02-14,0.786101758480072,1.2589000463485718,0.935230016708374,1.235376238822937,1.3886960744857788,107.76399993896484,0.7282685041427612
2018-02-15,0.7928327918052673,1.2483199834823608,0.9274899959564209,1.2467273473739624,1.401581048965454,106.58699798583984,0.73744136095047
2018-02-16,0.7943821549415588,1.2482000589370728,0.921999990940094,1.2503595352172852,1.4104173183441162,106.11100006103516,0.7398912310600281
2018-02-19,0.7912018299102783,1.255679965019226,0.9272099733352661,1.241187572479248,1.4031543731689453,106.26100158691406,0.7387925386428833
2018-02-20,0.7908889651298523,1.256700038909912,0.9294000267982483,1.2398641109466553,1.3992668390274048,106.70899963378906,0.7363878488540649
2018-02-21,0.7880903482437134,1.2647000551223755,0.9363999962806702,1.233532428741455,1.4001091718673706,107.38099670410156,0.7342305779457092
2018-02-22,0.7798426151275635,1.2697700262069702,0.9386600255966187,1.2281843423843384,1.3910139799118042,107.55500030517578,0.7316787838935852
2018-02-23,0.7839509844779968,1.2711999416351318,0.9330599904060364,1.2326656579971313,1.3953033685684204,106.81400299072266,0.7324022054672241
2018-02-26,0.7838403582572937,1.2648500204086304,0.9370599985122681,1.228712558746338,1.3968042135238647,107.0739974975586,0.7279079556465149
2018-02-27,0.7849909663200378,1.268399953842163,0.9386000037193298,1.2315573692321777,1.3966480493545532,107.06900024414062,0.7291393280029297
2018-02-28,0.7793624997138977,1.277109980583191,0.9393600225448608,1.2230321168899536,1.3906078338623047,107.4260025024414,0.7235209345817566
2018-03-01,0.7765783667564392,1.2833000421524048,0.9442999958992004,1.2191256284713745,1.375421166419983,106.63999938964844,0.7207622528076172
2018-03-02,0.776469886302948,1.283210039138794,0.9414899945259094,1.2270842790603638,1.377543330192566,106.16300201416016,0.7261425852775574
2018-03-05,0.7754703164100647,1.2888100147247314,0.9371299743652344,1.2315422296524048,1.3795006275177002,105.55599975585938,0.7230605483055115
2018-03-06,0.7766990065574646,1.2979899644851685,0.9397000074386597,1.2336541414260864,1.3852334022521973,106.25,0.7225120067596436
2018-03-07,0.7786343097686768,1.29489004611969,0.9382399916648865,1.2416653633117676,1.390008568763733,105.53700256347656,0.7283002734184265
2018-03-08,0.7827115058898926,1.290619969367981,0.9434199929237366,1.2414649724960327,1.390627145767212,106.18599700927734,0.7286983132362366
2018-03-09,0.7790589332580566,1.2896100282669067,0.9513900279998779,1.2306632995605469,1.3805670738220215,106.40599822998047,0.7260476350784302
2018-03-12,0.7862686514854431,1.2812199592590332,0.9508000016212463,1.2308752536773682,1.38554048538208,106.89099884033203,0.730833888053894
2018-03-13,0.7872899770736694,1.284209966659546,0.94718998670578,1.2339584827423096,1.3907625675201416,106.26000213623047,0.7301188707351685
2018-03-14,0.7857990264892578,1.295699954032898,0.943310022354126,1.239234209060669,1.397233486175537,106.50800323486328,0.7329873442649841
2018-03-15,0.7879785895347595,1.295199990272522,0.9444299936294556,1.2375624179840088,1.3971552848815918,106.15499877929688,0.7315502762794495
2018-03-16,0.7789375185966492,1.3051700592041016,0.9513000249862671,1.2309207916259766,1.3938642740249634,106.30899810791016,0.727087676525116
2018-03-19,0.7716049551963806,1.3092000484466553,0.9527999758720398,1.228078842163086,1.3943500518798828,105.96900177001953,0.7227522134780884
2018-03-20,0.7708317637443542,1.3080600500106812,0.9509000182151794,1.2336845397949219,1.4025245904922485,105.99600219726562,0.7243017554283142
2018-03-21,0.7690532803535461,1.3074400424957275,0.9559400081634521,1.2251899242401123,1.4004818201065063,106.46900177001953,0.7179318070411682
2018-03-22,0.777478039264679,1.289720058441162,0.9485700130462646,1.2347661256790161,1.414627194404602,105.92900085449219,0.7230814695358276
2018-03-23,0.7693490982055664,1.2931100130081177,0.946370005607605,1.2324985265731812,1.4114724397659302,104.96800231933594,0.7216100692749023
2018-03-26,0.7708614468574524,1.2880699634552002,0.9469000101089478,1.235437273979187,1.4147672653198242,104.85900115966797,0.7240920066833496
2018-03-27,0.7756146788597107,1.2836099863052368,0.9448000192642212,1.2457488775253296,1.423892855644226,105.5,0.7302681803703308
2018-03-28,0.768757700920105,1.287850022315979,0.9465000033378601,1.240787148475647,1.417635440826416,105.49299621582031,0.7270084023475647
2018-03-29,0.766007661819458,1.291890025138855,0.9566400051116943,1.2310267686843872,1.4080342054367065,106.81199645996094,0.7211625576019287
2018-03-30,0.768580436706543,1.288699984550476,0.9559999704360962,1.2302846908569336,1.4029377698898315,106.47899627685547,0.7229194045066833
2018-04-02,0.768302857875824,1.289289951324463,0.9545999765396118,1.231420874595642,1.403823971748352,106.31199645996094,0.7235890030860901
2018-04-03,0.7654623985290527,1.292099952697754,0.9549999833106995,1.229271411895752,1.4046719074249268,105.79900360107422,0.7203105688095093
2018-04-04,0.768202543258667,1.2806199789047241,0.9584199786186218,1.2278525829315186,1.4068654775619507,106.43599700927734,0.726379930973053
2018-04-05,0.7719981074333191,1.2754499912261963,0.9601100087165833,1.228682279586792,1.4088078737258911,106.77400207519531,0.731898307800293
2018-04-06,0.7668300271034241,1.276919960975647,0.961899995803833,1.2251598834991455,1.400874137878418,107.052001953125,0.7262796759605408
2018-04-09,0.768226146697998,1.2778700590133667,0.9592199921607971,1.227144479751587,1.4091651439666748,106.96800231933594,0.7274684906005859
2018-04-10,0.7699592709541321,1.2702000141143799,0.9561300277709961,1.2322403192520142,1.4138271808624268,106.7490005493164,0.7307590842247009
2018-04-11,0.7763975262641907,1.2593400478363037,0.9563400149345398,1.2363078594207764,1.4182183742523193,107.11299896240234,0.7370989322662354
2018-04-12,0.7765181064605713,1.256700038909912,0.9574000239372253,1.2371643781661987,1.4189025163650513,106.8290023803711,0.7368653416633606
2018-04-13,0.7757349610328674,1.2588800191879272,0.9623200297355652,1.2329696416854858,1.4238117933273315,107.22200012207031,0.7379420399665833
2018-04-16,0.7774477601051331,1.2601799964904785,0.9630699753761292,1.233258605003357,1.4246840476989746,107.49800109863281,0.7348726391792297
2018-04-17,0.7772907018661499,1.256600022315979,0.9594299793243408,1.2385127544403076,1.4342057704925537,107.0459976196289,0.736680805683136
2018-04-18,0.7766990065574646,1.2558300495147705,0.9664000272750854,1.237317442893982,1.4296538829803467,107.01599884033203,0.7340688705444336
2018-04-19,0.778889000415802,1.2625999450683594,0.968500018119812,1.237914800643921,1.4204343557357788,107.34600067138672,0.7324827313423157
2018-04-20,0.7723379135131836,1.2664899826049805,0.9715099930763245,1.2345526218414307,1.4086490869522095,107.43199920654297,0.726000189781189
2018-04-23,0.7659900188446045,1.276669979095459,0.9758999943733215,1.2273402214050293,1.4001679420471191,107.86900329589844,0.7204195857048035
2018-04-24,0.7603406310081482,1.2843999862670898,0.9781500101089478,1.22089684009552,1.3938252925872803,108.76100158691406,0.7150518298149109
2018-04-25,0.7606297731399536,1.2821300029754639,0.978600025177002,1.2241400480270386,1.3993842601776123,108.8030014038086,0.7117691040039062
2018-04-26,0.7571169137954712,1.2835999727249146,0.9826099872589111,1.2171669006347656,1.3939224481582642,109.36399841308594,0.7076590061187744
2018-04-27,0.7556865215301514,1.2870299816131592,0.9890300035476685,1.2109616994857788,1.391943335533142,109.30000305175781,0.7065489888191223
2018-04-30,0.7575184106826782,1.2839800119400024,0.9881100058555603,1.2122827768325806,1.37710702419281,109.0979995727539,0.7084109783172607
2018-05-01,0.7532389163970947,1.283139944076538,0.9904999732971191,1.2081234455108643,1.3772207498550415,109.322998046875,0.7037693858146667
2018-05-02,0.7482901811599731,1.2845200300216675,0.9965900182723999,1.1991558074951172,1.3609329462051392,109.87200164794922,0.7000986933708191
2018-05-03,0.7486711144447327,1.2882000207901,0.9993000030517578,1.19510018825531,1.3573862314224243,109.8270034790039,0.6995012760162354
2018-05-04,0.7528419494628906,1.2850600481033325,0.9973400235176086,1.1989257335662842,1.3572388887405396,109.09600067138672,0.7040815353393555
2018-05-07,0.7524227499961853,1.285580039024353,1.000540018081665,1.195500135421753,1.3531982898712158,109.14600372314453,0.7020007371902466
2018-05-08,0.7518796920776367,1.2878999710083008,1.0018500089645386,1.1933743953704834,1.3570362329483032,108.94300079345703,0.7022915482521057
2018-05-09,0.7449344992637634,1.2943999767303467,1.0011399984359741,1.1867886781692505,1.3553440570831299,109.02400207519531,0.6969126462936401
2018-05-10,0.7459346652030945,1.2849700450897217,1.0053999423980713,1.184721827507019,1.3544628620147705,109.84700012207031,0.6931399703025818
2018-05-11,0.7526153922080994,1.2769800424575806,1.0030299425125122,1.1917530298233032,1.352338194847107,109.43599700927734,0.6963788270950317
2018-05-14,0.7551102638244629,1.2781000137329102,0.9998599886894226,1.1952143907546997,1.355380892753601,109.33799743652344,0.6968204379081726
2018-05-15,0.7525983452796936,1.2799999713897705,1.0002800226211548,1.1931180953979492,1.3562448024749756,109.73100280761719,0.6918021440505981
2018-05-16,0.7468482851982117,1.2872099876403809,1.0013200044631958,1.1820889711380005,1.3500195741653442,110.2969970703125,0.6863606572151184
2018-05-17,0.7517666816711426,1.2782000303268433,1.0003999471664429,1.1816978454589844,1.354830026626587,110.35900115966797,0.6904789805412292
2018-05-18,0.7506380081176758,1.2835500240325928,1.001520037651062,1.1795234680175781,1.3515340089797974,110.8280029296875,0.688477635383606
2018-05-21,0.752428412437439,1.2877099514007568,0.9979000091552734,1.1766643524169922,1.3477089405059814,110.87999725341797,0.691438615322113
2018-05-22,0.7582650780677795,1.277590036392212,0.9968000054359436,1.1792453527450562,1.3431833982467651,110.97799682617188,0.69533771276474
2018-05-23,0.7578915357589722,1.281599998474121,0.9919300079345703,1.1788560152053833,1.3441040515899658,110.72599792480469,0.6942033767700195
2018-05-24,0.7567158937454224,1.283400058746338,0.9941499829292297,1.1710150241851807,1.3371307849884033,109.86900329589844,0.6929094791412354
2018-05-25,0.7571971416473389,1.2883000373840332,0.9912999868392944,1.1722642183303833,1.3383476734161377,109.31199645996094,0.6931399703025818
2018-05-28,0.7556865215301514,1.2976100444793701,0.9919000267982483,1.1688934564590454,1.3309022188186646,109.62300109863281,0.6920798420906067
2018-05-29,0.7547739148139954,1.2991700172424316,0.9933800101280212,1.162696123123169,1.3315579891204834,109.38899993896484,0.6940010786056519
2018-05-30,0.7481670379638672,1.3029999732971191,0.9907000064849854,1.1539349555969238,1.3253810405731201,108.39399719238281,0.6889424324035645
2018-05-31,0.7571169137954712,1.2893099784851074,0.9885799884796143,1.1667250394821167,1.328356385231018,108.71199798583984,0.698460578918457
2018-06-01,0.7562122941017151,1.294409990310669,0.9847000241279602,1.1693171262741089,1.3289390802383423,108.7490005493164,0.7006579041481018
2018-06-04,0.7568819522857666,1.2954000234603882,0.9886000156402588,1.1668611764907837,1.3356484174728394,109.5979995727539,0.69808030128479
2018-06-05,0.7654037475585938,1.2924000024795532,0.9879999756813049,1.1700559854507446,1.3316465616226196,109.96299743652344,0.7031705975532532
2018-06-06,0.7624624371528625,1.2939000129699707,0.984000027179718,1.1726216077804565,1.3406083583831787,109.85900115966797,0.7029679417610168
2018-06-07,0.7665772438049316,1.2945799827575684,0.9858999848365784,1.178550362586975,1.3421558141708374,110.125,0.7039080858230591
2018-06-08,0.761440634727478,1.298200011253357,0.9808200001716614,1.1795234680175781,1.3419216871261597,109.69400024414062,0.7018824815750122
2018-06-11,0.7601903676986694,1.2968900203704834,0.9848099946975708,1.1783976554870605,1.341381549835205,109.44300079345703,0.7033783197402954
2018-06-12,0.7604620456695557,1.2987200021743774,0.9861999750137329,1.177412509918213,1.3374348878860474,110.38600158691406,0.7017495036125183
2018-06-13,0.7575757503509521,1.3015899658203125,0.9868000149726868,1.17482590675354,1.3372559547424316,110.4520034790039,0.7005499601364136
2018-06-14,0.7570710182189941,1.2973300218582153,0.9846000075340271,1.1807769536972046,1.3382760286331177,110.24199676513672,0.7025925517082214
2018-06-15,0.7465472221374512,1.3116099834442139,0.9969099760055542,1.1566576957702637,1.3256621360778809,110.6449966430664,0.6961994171142578
2018-06-18,0.743992269039154,1.319700002670288,0.9975000023841858,1.159595012664795,1.3275099992752075,110.61699676513672,0.693899929523468
2018-06-19,0.7403568625450134,1.321120023727417,0.994189977645874,1.1630746126174927,1.3258730173110962,110.13800048828125,0.6931304335594177
2018-06-20,0.738825261592865,1.3278800249099731,0.9941400289535522,1.1588560342788696,1.317332148551941,110.07099914550781,0.6904789805412292
2018-06-21,0.7374087572097778,1.3306599855422974,0.9960399866104126,1.1579033136367798,1.3175230026245117,110.35199737548828,0.6869311332702637
2018-06-22,0.7378984093666077,1.3317400217056274,0.9916200041770935,1.1605775356292725,1.3247840404510498,109.9520034790039,0.687096357345581
2018-06-25,0.743837296962738,1.3278800249099731,0.9878699779510498,1.1661399602890015,1.3262423276901245,109.93699645996094,0.6915677189826965
2018-06-26,0.7409602999687195,1.329759955406189,0.9868999719619751,1.1702749729156494,1.3278449773788452,109.64299774169922,0.6889187097549438
2018-06-27,0.7391692996025085,1.3301600217819214,0.9907000064849854,1.1650259494781494,1.3221042156219482,110.09700012207031,0.6850581765174866
2018-06-28,0.7343222498893738,1.3329399824142456,0.9967700242996216,1.1563634872436523,1.3120431900024414,110.21499633789062,0.6791402101516724
2018-06-29,0.7346459031105042,1.3255200386047363,0.9975900053977966,1.1562966108322144,1.3075141906738281,110.48600006103516,0.6752604842185974
2018-07-02,0.7398638129234314,1.3147799968719482,0.9902099967002869,1.1678558588027954,1.3207770586013794,110.70999908447266,0.6778420209884644
2018-07-03,0.7338911294937134,1.3187400102615356,0.9933000206947327,1.1642121076583862,1.314405918121338,110.87100219726562,0.6710913777351379
2018-07-04,0.7378440499305725,1.3142000436782837,0.9919899702072144,1.1659224033355713,1.3194352388381958,110.40799713134766,0.6753106117248535
2018-07-05,0.7381708025932312,1.3139100074768066,0.9922000169754028,1.166235089302063,1.3229262828826904,110.50199890136719,0.6761919260025024
2018-07-06,0.738661527633667,1.313599944114685,0.9929999709129333,1.1695905923843384,1.3225764036178589,110.5790023803711,0.6795509457588196
2018-07-09,0.7436326146125793,1.3095899820327759,0.9891999959945679,1.1752262115478516,1.329787254333496,110.4219970703125,0.683531641960144
2018-07-10,0.7470491528511047,1.3110300302505493,0.991379976272583,1.1756960153579712,1.325556755065918,110.9530029296875,0.6849784255027771
2018-07-11,0.7413997650146484,1.3142999410629272,0.9925299882888794,1.1727042198181152,1.3257324695587158,110.83100128173828,0.681742250919342
2018-07-12,0.7365885972976685,1.3207000494003296,0.9955999851226807,1.1676785945892334,1.3210039138793945,111.95800018310547,0.6755707263946533
2018-07-13,0.7406858801841736,1.3165199756622314,1.0026999711990356,1.1665889024734497,1.3180439472198486,112.66500091552734,0.6772085428237915
2018-07-16,0.7421150207519531,1.315600037574768,1.0021799802780151,1.1679104566574097,1.3227688074111938,112.39900207519531,0.6765716671943665
2018-07-17,0.7414712309837341,1.3136299848556519,0.9967700242996216,1.170946478843689,1.3236442804336548,112.3740005493164,0.6785181164741516
2018-07-18,0.7377406358718872,1.3203400373458862,1.0002800226211548,1.1653246879577637,1.3106160163879395,113.01200103759766,0.6774150133132935
2018-07-19,0.7398912310600281,1.316789984703064,0.9986000061035156,1.164564609527588,1.3078221082687378,112.79100036621094,0.6793293356895447
2018-07-20,0.7362794280052185,1.3259999752044678,0.998740017414093,1.1655147075653076,1.3023037910461426,112.36299896240234,0.6748321056365967
2018-07-23,0.7433009743690491,1.3118200302124023,0.9908699989318848,1.1741912364959717,1.3147169351577759,111.0530014038086,0.6821607947349548
2018-07-24,0.7380073666572571,1.3169000148773193,0.9932000041007996,1.1694128513336182,1.3102725744247437,111.45999908447266,0.6783201694488525
2018-07-25,0.7426220178604126,1.3150299787521362,0.9933000206947327,1.1685519218444824,1.3152183294296265,111.24099731445312,0.6805036067962646
2018-07-26,0.7459402084350586,1.3037099838256836,0.9909800291061401,1.1737502813339233,1.3199577331542969,110.84500122070312,0.6844814419746399
2018-07-27,0.7380073666572571,1.3069000244140625,0.9940199851989746,1.1642934083938599,1.3108737468719482,111.14600372314453,0.6786194443702698
2018-07-30,0.7400829195976257,1.3061000108718872,0.9939799904823303,1.16604483127594,1.3111830949783325,110.93399810791016,0.6796618103981018
2018-07-31,0.7407297492027283,1.3028000593185425,0.9880800247192383,1.1707408428192139,1.3135426044464111,110.99400329589844,0.6823609471321106
2018-08-01,0.7419498562812805,1.301800012588501,0.9902999997138977,1.168961763381958,1.3121638298034668,111.80799865722656,0.6803415417671204
2018-08-02,0.7405816912651062,1.2998499870300293,0.9916800260543823,1.1665889024734497,1.3126115798950195,111.62000274658203,0.679500162601471
2018-08-03,0.7360084652900696,1.3024499416351318,0.9954000115394592,1.1586008071899414,1.3018121719360352,111.69000244140625,0.673768162727356
2018-08-06,0.7395902872085571,1.3013800382614136,0.9944000244140625,1.1562297344207764,1.3003562688827515,111.23400115966797,0.6745999455451965
2018-08-07,0.738552451133728,1.3000999689102173,0.9963200092315674,1.1558021306991577,1.2944984436035156,111.33999633789062,0.6730290055274963
2018-08-08,0.7424456477165222,1.3058799505233765,0.9950000047683716,1.1602946519851685,1.2946659326553345,111.34500122070312,0.6740588545799255
2018-08-09,0.7427765130996704,1.301900029182434,0.9930999875068665,1.1610760688781738,1.2881617546081543,110.89199829101562,0.6694694757461548
2018-08-10,0.7372456192970276,1.3045799732208252,0.9939699769020081,1.1523923873901367,1.2828407287597656,111.09100341796875,0.660689651966095
2018-08-13,0.7288098335266113,1.315000057220459,0.9945999979972839,1.1394712924957275,1.2758845090866089,110.62899780273438,0.6585012674331665
2018-08-14,0.7267969846725464,1.3132200241088867,0.9932000041007996,1.1402509212493896,1.2762752771377563,110.66100311279297,0.6575486660003662
2018-08-15,0.7235890030860901,1.3056000471115112,0.9941099882125854,1.1345715522766113,1.271779179573059,111.24600219726562,0.6571381688117981
2018-08-16,0.7233691811561584,1.3143399953842163,0.9930999875068665,1.134429931640625,1.2693899869918823,110.57599639892578,0.6558194160461426
2018-08-17,0.7259528040885925,1.3159500360488892,0.9973499774932861,1.1371389627456665,1.2714558839797974,111.00399780273438,0.6584882140159607
2018-08-20,0.7308178544044495,1.3059799671173096,0.9951900243759155,1.1437721252441406,1.2747135162353516,110.4749984741211,0.6625719666481018
2018-08-21,0.7336488366127014,1.3041499853134155,0.9904999732971191,1.149134635925293,1.2804261445999146,109.947998046875,0.6640812158584595
2018-08-22,0.7359814047813416,1.3034299612045288,0.9843000173568726,1.1576753854751587,1.290555715560913,110.13400268554688,0.6703221797943115
2018-08-23,0.7332990765571594,1.3007700443267822,0.9832900166511536,1.1584800481796265,1.2904725074768066,110.58799743652344,0.6697115898132324
2018-08-24,0.7243227958679199,1.3101400136947632,0.9862599968910217,1.154334545135498,1.281065821647644,111.36699676513672,0.6626027226448059
2018-08-27,0.7344084978103638,1.300879955291748,0.982230007648468,1.164890170097351,1.2860909700393677,111.28199768066406,0.6701918840408325
2018-08-28,0.7348618507385254,1.2963299751281738,0.9793999791145325,1.1683608293533325,1.2896735668182373,111.13700103759766,0.6704300045967102
2018-08-29,0.7341066002845764,1.2929500341415405,0.9765999913215637,1.1691256761550903,1.2867693901062012,111.16200256347656,0.6713212132453918
2018-08-30,0.7311919331550598,1.2904200553894043,0.970300018787384,1.1709738969802856,1.3035939931869507,111.71199798583984,0.671312153339386
2018-08-31,0.7261636853218079,1.2985899448394775,0.9685999751091003,1.1664663553237915,1.301100730895996,110.9990005493164,0.6648715138435364
2018-09-03,0.7193209528923035,1.305999994277954,0.9692999720573425,1.1601063013076782,1.292306900024414,111.14399719238281,0.6609079837799072
2018-09-04,0.7208245992660522,1.3094700574874878,0.969290018081665,1.161548137664795,1.2869019508361816,111.08799743652344,0.6608948111534119
2018-09-05,0.718339204788208,1.317430019378662,0.9736999869346619,1.1586545705795288,1.2858428955078125,111.46099853515625,0.6553938984870911
2018-09-06,0.719610869884491,1.3174400329589844,0.9710599780082703,1.1635212898254395,1.2914891242980957,111.4489974975586,0.6598482728004456
2018-09-07,0.719062328338623,1.3154799938201904,0.9654499888420105,1.1620069742202759,1.2925406694412231,110.49500274658203,0.6583191752433777
2018-09-10,0.7117944359779358,1.3169000148773193,0.9685999751091003,1.1561094522476196,1.2930254936218262,110.91999816894531,0.653710126876831
2018-09-11,0.7109847068786621,1.316230058670044,0.9747300148010254,1.159595012664795,1.302643060684204,111.14800262451172,0.6520817875862122
2018-09-12,0.7110706567764282,1.306249976158142,0.9729099869728088,1.1596084833145142,1.3015578985214233,111.60700225830078,0.6516355872154236
2018-09-13,0.7170617580413818,1.2999999523162842,0.9700000286102295,1.1629259586334229,1.3045463562011719,111.22000122070312,0.656150758266449
2018-09-14,0.7188039422035217,1.3005399703979492,0.9660000205039978,1.1691803932189941,1.311131477355957,112.01200103759766,0.6573800444602966
2018-09-17,0.7145919799804688,1.3042700290679932,0.9670000076293945,1.1628988981246948,1.307326316833496,111.9530029296875,0.6542319059371948
2018-09-18,0.7145919799804688,1.3063499927520752,0.9626799821853638,1.1669156551361084,1.3146305084228516,111.69000244140625,0.6564005613327026
2018-09-19,0.7226007580757141,1.297160029411316,0.9636600017547607,1.167992353439331,1.3168463706970215,112.2770004272461,0.6589351296424866
2018-09-20,0.7259528040885925,1.2918100357055664,0.967199981212616,1.167460560798645,1.3141123056411743,112.31700134277344,0.6643679738044739
2018-09-21,0.7286505103111267,1.2908799648284912,0.9588299989700317,1.1775927543640137,1.327087163925171,112.49500274658203,0.6681990623474121
2018-09-24,0.7278549671173096,1.2913000583648682,0.9581999778747559,1.1751019954681396,1.30804443359375,112.52400207519531,0.6685832738876343
2018-09-25,0.7253209352493286,1.2948700189590454,0.9645100235939026,1.175295352935791,1.311733365058899,112.78600311279297,0.6642178893089294
2018-09-26,0.7249003052711487,1.2957199811935425,0.9652400016784668,1.1763184070587158,1.3179919719696045,112.96900177001953,0.6644606590270996
2018-09-27,0.725789487361908,1.303670048713684,0.9650499820709229,1.1748534440994263,1.3172800540924072,112.7040023803711,0.6663512587547302
2018-09-28,0.7205129861831665,1.3036400079727173,0.9769799709320068,1.1637378931045532,1.3078734874725342,113.35700225830078,0.661808967590332
2018-10-01,0.7223920226097107,1.284060001373291,0.9811999797821045,1.1605371236801147,1.3039000034332275,113.7959976196289,0.6623481512069702
2018-10-02,0.7228567600250244,1.281209945678711,0.9833999872207642,1.157755732536316,1.3043591976165771,113.94599914550781,0.6604583859443665
2018-10-03,0.7187522649765015,1.2818900346755981,0.9837700128555298,1.1551746129989624,1.2981956005096436,113.5770034790039,0.6589916348457336
2018-10-04,0.7096225023269653,1.2877999544143677,0.9917500019073486,1.147631287574768,1.294062852859497,114.48600006103516,0.650199294090271
2018-10-05,0.7080999612808228,1.2920000553131104,0.991349995136261,1.1518083810806274,1.3024225234985352,113.89399719238281,0.6481595635414124
2018-10-08,0.7052882313728333,1.294800043106079,0.9914100170135498,1.1522595882415771,1.31271493434906,113.71499633789062,0.6437202095985413
2018-10-09,0.7073636651039124,1.2954000234603882,0.9921000003814697,1.1494120359420776,1.309311866760254,113.09700012207031,0.6451613306999207
2018-10-10,0.7114905714988708,1.2937999963760376,0.991599977016449,1.1506949663162231,1.3157029151916504,112.99800109863281,0.6488029360771179
2018-10-11,0.7064142823219299,1.3050899505615234,0.9882299900054932,1.1533360481262207,1.3206725120544434,112.09200286865234,0.6460908055305481
2018-10-12,0.7124537229537964,1.3031200170516968,0.989799976348877,1.1590440273284912,1.3234164714813232,112.08000183105469,0.6527585387229919
2018-10-15,0.710782527923584,1.3023300170898438,0.9907000064849854,1.1551345586776733,1.3103927373886108,112.19200134277344,0.6500893831253052
2018-10-16,0.713541567325592,1.2993299961090088,0.987030029296875,1.1583458185195923,1.315477967262268,111.84100341796875,0.6572980284690857
2018-10-17,0.7139134407043457,1.2935600280761719,0.9904199838638306,1.1575279235839844,1.318721890449524,112.34200286865234,0.658301830291748
2018-10-18,0.7111009955406189,1.3025000095367432,0.9950500130653381,1.1500862836837769,1.3104442358016968,112.62799835205078,0.6545187830924988
2018-10-19,0.709723174571991,1.3078900575637817,0.9957299828529358,1.1460003852844238,1.3024225234985352,112.18499755859375,0.6538811326026917
2018-10-22,0.7113286256790161,1.3103400468826294,0.9962000250816345,1.1509466171264648,1.3065404891967773,112.4800033569336,0.6594479084014893
2018-10-23,0.7072685956954956,1.3097000122070312,0.9961100220680237,1.1467890739440918,1.2965964078903198,112.75700378417969,0.6554110646247864
2018-10-24,0.7091192603111267,1.3080699443817139,0.9946600198745728,1.147315263748169,1.2981280088424683,112.44400024414062,0.6553595662117004
2018-10-25,0.7062994837760925,1.3047499656677246,0.9968699812889099,1.1399258375167847,1.2888258695602417,112.01200103759766,0.6510798335075378
2018-10-26,0.7081149816513062,1.307070016860962,0.9996700286865234,1.1377859115600586,1.2824623584747314,112.3499984741211,0.6528608202934265
2018-10-29,0.709773600101471,1.3095500469207764,0.9973999857902527,1.1398738622665405,1.2831040620803833,111.90799713134766,0.6529119610786438
2018-10-30,0.7063294053077698,1.312880039215088,1.001729965209961,1.137617588043213,1.2802459001541138,112.3239974975586,0.6527883410453796
2018-10-31,0.7099247574806213,1.311400055885315,1.0049999952316284,1.1346358060836792,1.2708903551101685,113.052001953125,0.6559011340141296
2018-11-01,0.7083156108856201,1.315750002861023,1.007949948310852,1.1316697597503662,1.276943564414978,112.85099792480469,0.6525498628616333
2018-11-02,0.7205129861831665,1.3090200424194336,1.0019999742507935,1.1403288841247559,1.3003731966018677,112.71499633789062,0.6651280522346497
2018-11-05,0.7198283672332764,1.3100700378417969,1.0024000406265259,1.1397570371627808,1.3005592823028564,113.13899993896484,0.6649201512336731
2018-11-06,0.7212925553321838,1.310920000076294,1.0041999816894531,1.141291856765747,1.3058068752288818,113.24600219726562,0.666058361530304
2018-11-07,0.7243595123291016,1.3116300106048584,1.001579999923706,1.1438506841659546,1.3112518787384033,113.36299896240234,0.6741496920585632
2018-11-08,0.7275902032852173,1.3115700483322144,1.0017999410629272,1.1434059143066406,1.3128528594970703,113.5469970703125,0.6785089373588562
2018-11-09,0.7266808152198792,1.3142800331115723,1.0055999755859375,1.1368415355682373,1.3066771030426025,113.9530029296875,0.6751784682273865
2018-11-12,0.7226999998092651,1.319290041923523,1.0059000253677368,1.132502794265747,1.2938451766967773,113.84600067138672,0.6730290055274963
2018-11-13,0.7175660133361816,1.3242000341415405,1.0102100372314453,1.1233429908752441,1.2857933044433594,113.69599914550781,0.6718308329582214
2018-11-14,0.7231390476226807,1.3224600553512573,1.0058000087738037,1.1311193704605103,1.3014055490493774,113.78900146484375,0.6770022511482239
2018-11-15,0.7234842777252197,1.3246999979019165,1.0059000253677368,1.131183385848999,1.2986170053482056,113.56400299072266,0.6792555451393127
2018-11-16,0.7271669507026672,1.317199945449829,1.006700038909912,1.1324899196624756,1.276650071144104,113.55500030517578,0.6824913620948792
2018-11-19,0.7317965626716614,1.314650058746338,0.9993799924850464,1.141396164894104,1.2833181619644165,112.7300033569336,0.686238169670105
2018-11-20,0.7295010089874268,1.3171600103378296,0.9929999709129333,1.1455016136169434,1.2859750986099243,112.44300079345703,0.6840881109237671
2018-11-21,0.7216569185256958,1.3305000066757202,0.9947199821472168,1.1372424364089966,1.2789195775985718,112.7030029296875,0.6791079044342041
2018-11-22,0.7262164354324341,1.3224999904632568,0.9940999746322632,1.1388354301452637,1.277726650238037,113.02100372314453,0.6827803254127502
2018-11-23,0.725021243095398,1.31905996799469,0.9943000078201294,1.1403158903121948,1.287597894668579,112.97799682617188,0.6808881163597107
2018-11-26,0.7233796119689941,1.32260000705719,0.9973199963569641,1.1337354183197021,1.2812299728393555,112.91899871826172,0.67728191614151
2018-11-27,0.7223502397537231,1.325350046157837,0.9982200264930725,1.1333370208740234,1.2812299728393555,113.50399780273438,0.677639901638031
2018-11-28,0.7229612469673157,1.3295400142669678,0.998199999332428,1.1298797130584717,1.2743724584579468,113.76699829101562,0.6798697113990784
2018-11-29,0.7302521467208862,1.3276000022888184,0.9929999709129333,1.1368545293807983,1.2824130058288574,113.55500030517578,0.6869311332702637
2018-11-30,0.7321876883506775,1.3274999856948853,0.9958999752998352,1.1392766237258911,1.2784454822540283,113.41100311279297,0.686582088470459
2018-12-03,0.7373108863830566,1.3255599737167358,0.9983000159263611,1.1342240571975708,1.2753475904464722,113.76300048828125,0.6911088824272156
2018-12-04,0.7356890439987183,1.3197699785232544,0.9978200197219849,1.135486125946045,1.2725884914398193,113.58699798583984,0.6927990317344666
2018-12-05,0.7345919609069824,1.3255000114440918,0.9972000122070312,1.1342884302139282,1.2720541954040527,112.6989974975586,0.6941118240356445
2018-12-06,0.7266386151313782,1.3359999656677246,0.9970200061798096,1.13490629196167,1.2727665901184082,113.0510025024414,0.6894412636756897
2018-12-07,0.7231180667877197,1.3393700122833252,0.9932000041007996,1.1374752521514893,1.2778573036193848,112.68900299072266,0.6882786154747009
2018-12-10,0.7184939980506897,1.3327399492263794,0.9897199869155884,1.1400948762893677,1.2721028327941895,112.50199890136719,0.6845095753669739
2018-12-11,0.7190985083580017,1.3397899866104126,0.9894999861717224,1.1356538534164429,1.2561235427856445,113.18099975585938,0.6874600052833557
2018-12-12,0.7212925553321838,1.337839961051941,0.9931600093841553,1.1323105096817017,1.2492972612380981,113.38400268554688,0.6888000965118408
2018-12-13,0.7221259474754333,1.3345999717712402,0.9926000237464905,1.1373459100723267,1.2628655433654785,113.28500366210938,0.6859416365623474
2018-12-14,0.7224911451339722,1.3346999883651733,0.9936000108718872,1.1363636255264282,1.2655024528503418,113.55999755859375,0.6857017874717712
2018-12-17,0.7175660133361816,1.3387900590896606,0.9975100159645081,1.1305949687957764,1.2585581541061401,113.38999938964844,0.6792417168617249
2018-12-18,0.7177205085754395,1.341230034828186,0.992609977722168,1.1349835395812988,1.2615749835968018,112.8290023803711,0.6809901595115662
2018-12-19,0.7188039422035217,1.3457000255584717,0.9923999905586243,1.1375399827957153,1.2655024528503418,112.52400207519531,0.6852694153785706
2018-12-20,0.7113893628120422,1.3474899530410767,0.9939000010490417,1.1389521360397339,1.262785792350769,112.41000366210938,0.6777822971343994
2018-12-21,0.7115918397903442,1.3498400449752808,0.9869999885559082,1.1456853151321411,1.2669775485992432,111.1709976196289,0.6774609088897705
2018-12-24,0.7050197124481201,1.3595399856567383,0.9936000108718872,1.1372811794281006,1.2648941278457642,111.05400085449219,0.6717901825904846
2018-12-25,0.7052186131477356,1.36080002784729,0.98580002784729,1.140393853187561,1.2710840702056885,110.31099700927734,0.673582136631012
2018-12-26,0.7046124339103699,1.3586000204086304,0.9861000180244446,1.1415525674819946,1.2688745260238647,110.4020004272461,0.6730200052261353
2018-12-27,0.7074787616729736,1.357300043106079,0.9943000078201294,1.1361312866210938,1.2648781538009644,111.20600128173828,0.6739816665649414
2018-12-28,0.7035317420959473,1.361899971961975,0.9868999719619751,1.143105387687683,1.2646220922470093,110.8550033569336,0.6700212359428406
2018-12-31,0.7044734358787537,1.3622000217437744,0.9836000204086304,1.1439945697784424,1.269357681274414,110.33000183105469,0.6707717776298523
2019-01-01,0.7041757702827454,1.3394299745559692,0.9835100173950195,1.1493064165115356,1.2738043069839478,109.62999725341797,0.6724949479103088
2019-01-02,0.7047911882400513,1.3625400066375732,0.9819999933242798,1.14617121219635,1.2754288911819458,109.66799926757812,0.6713616847991943
2019-01-03,0.6918978691101074,1.3631199598312378,0.9886999726295471,1.1318106651306152,1.2521913051605225,107.44100189208984,0.6633586883544922
2019-01-04,0.7006235718727112,1.3478800058364868,0.9871000051498413,1.1391078233718872,1.2628813982009888,107.80799865722656,0.6688515543937683
2019-01-07,0.7123776078224182,1.3369300365447998,0.985759973526001,1.1410444974899292,1.2734960317611694,108.52200317382812,0.6743497252464294
2019-01-08,0.7145919799804688,1.3295999765396118,0.9790999889373779,1.1479737758636475,1.278608798980713,108.61599731445312,0.675369918346405
2019-01-09,0.7163323760032654,1.3246999979019165,0.9807699918746948,1.1456066370010376,1.2737879753112793,108.7760009765625,0.6740497946739197
2019-01-10,0.7175660133361816,1.3211499452590942,0.9739500284194946,1.1554949283599854,1.279967188835144,108.18900299072266,0.6791079044342041
2019-01-11,0.7187005877494812,1.3238999843597412,0.9840099811553955,1.151012897491455,1.2753963470458984,108.2979965209961,0.6785181164741516
2019-01-14,0.7205129861831665,1.326740026473999,0.9836999773979187,1.146013617515564,1.2849836349487305,108.45800018310547,0.682174801826477
2019-01-15,0.7199423909187317,1.3276100158691406,0.9810199737548828,1.1472889184951782,1.2874983549118042,108.25,0.6826870441436768
2019-01-16,0.7207674384117126,1.3259600400924683,0.9874699711799622,1.1416828632354736,1.2872166633605957,108.64399719238281,0.6823609471321106
2019-01-17,0.7173087000846863,1.3258700370788574,0.9900100231170654,1.1398088932037354,1.2885768413543701,109.03700256347656,0.6773782968521118
2019-01-18,0.7190313339233398,1.3280199766159058,0.9937000274658203,1.13926362991333,1.2983977794647217,109.15299987792969,0.6763291358947754
2019-01-21,0.716383695602417,1.3274999856948853,0.9953600168228149,1.1365574598312378,1.2853471040725708,109.66100311279297,0.674040675163269
2019-01-22,0.7158913612365723,1.3294999599456787,0.9973000288009644,1.136932134628296,1.2891747951507568,109.66999816894531,0.6729927659034729
2019-01-23,0.7122101187705994,1.3356000185012817,0.996999979019165,1.1364023685455322,1.2957731485366821,109.3550033569336,0.6752012372016907
2019-01-24,0.714796245098114,1.3341100215911865,0.9945700168609619,1.1388224363327026,1.308215618133545,109.49199676513672,0.6793893575668335
2019-01-25,0.7091192603111267,1.3350499868392944,0.9955999851226807,1.1313496828079224,1.3121638298034668,109.59700012207031,0.6760091185569763
2019-01-28,0.7179421186447144,1.322100043296814,0.9923999905586243,1.1413049697875977,1.3208470344543457,109.4000015258789,0.683947741985321
2019-01-29,0.7165992856025696,1.3260300159454346,0.991599977016449,1.143000841140747,1.3160146474838257,109.25399780273438,0.6833588480949402
2019-01-30,0.7159220576286316,1.327139973640442,0.9944999814033508,1.1435366868972778,1.30804443359375,109.41699981689453,0.6823004484176636
2019-01-31,0.7254682779312134,1.3141000270843506,0.9934999942779541,1.1487650871276855,1.3117163181304932,108.98100280761719,0.6899882555007935
2019-02-01,0.7271669507026672,1.3125900030136108,0.9937000274658203,1.1449507474899292,1.3109424114227295,108.84400177001953,0.6914194822311401
2019-02-04,0.7249003052711487,1.3099000453948975,0.9954699873924255,1.1455278396606445,1.3077365159988403,109.43800354003906,0.6898407340049744
2019-02-05,0.7214018106460571,1.311650037765503,0.9977999925613403,1.1436283588409424,1.3031013011932373,109.96099853515625,0.687809944152832
2019-02-06,0.7243752479553223,1.312399983406067,0.9997100234031677,1.140992522239685,1.2957228422164917,109.94100189208984,0.690212070941925
2019-02-07,0.7109948396682739,1.3213000297546387,1.0020999908447266,1.1365960836410522,1.2934435606002808,109.9739990234375,0.6769701838493347
2019-02-08,0.709541916847229,1.331089973449707,1.0024100542068481,1.1338768005371094,1.2949174642562866,109.75599670410156,0.6747183203697205
2019-02-11,0.7101768255233765,1.3273999691009521,0.9992899894714355,1.1324259042739868,1.293677806854248,109.80999755859375,0.6760411262512207
2019-02-12,0.7063493728637695,1.3300000429153442,1.0039000511169434,1.1279042959213257,1.2864052057266235,110.4000015258789,0.673768162727356
2019-02-13,0.7104795575141907,1.3228600025177002,1.0061099529266357,1.1334655284881592,1.2892080545425415,110.51499938964844,0.6741496920585632
2019-02-14,0.7092198729515076,1.325909972190857,1.0087000131607056,1.12649405002594,1.2856775522232056,110.9229965209961,0.6808093190193176
2019-02-15,0.710328221321106,1.329699993133545,1.0049500465393066,1.1295350790023804,1.2798361778259277,110.53800201416016,0.6832607984542847
2019-02-18,0.7145408987998962,1.3238999843597412,1.0045000314712524,1.1298030614852905,1.290555715560913,110.56400299072266,0.6865491271018982
2019-02-19,0.7132158875465393,1.3234000205993652,1.0044699907302856,1.131196141242981,1.2924071550369263,110.59100341796875,0.6856594681739807
2019-02-20,0.7166917324066162,1.320889949798584,1.0012799501419067,1.1343011856079102,1.3061310052871704,110.5719985961914,0.6879944801330566
2019-02-21,0.7170000672340393,1.3170000314712524,1.0,1.1346358060836792,1.30451238155365,110.76499938964844,0.6858381032943726
2019-02-22,0.710883617401123,1.322540044784546,1.0008599758148193,1.1343011856079102,1.3041380643844604,110.70800018310547,0.681430995464325
2019-02-25,0.7159220576286316,1.313099980354309,0.9997000098228455,1.1342240571975708,1.306557536125183,110.77200317382812,0.686582088470459
2019-02-26,0.7174115777015686,1.318519949913025,1.0000900030136108,1.1367511749267578,1.31271493434906,111.0459976196289,0.6885914206504822
2019-02-27,0.719398558139801,1.3162000179290771,0.9997100234031677,1.1393154859542847,1.3258028030395508,110.55599975585938,0.6895790696144104
2019-02-28,0.7148473858833313,1.3144999742507935,1.000499963760376,1.1380189657211304,1.3318239450454712,110.86199951171875,0.6853587031364441
2019-03-01,0.7102777361869812,1.3164299726486206,0.9972599744796753,1.1373459100723267,1.3264886140823364,111.35700225830078,0.6821980476379395
2019-03-04,0.7100305557250977,1.3283599615097046,0.9983000159263611,1.1375917196273804,1.3239772319793701,111.93800354003906,0.6822911500930786
2019-03-05,0.7092198729515076,1.3311899900436401,0.9986000061035156,1.1337354183197021,1.3178529739379883,111.7770004272461,0.6823703050613403
2019-03-06,0.7087423801422119,1.3353300094604492,1.0044000148773193,1.1307101249694824,1.3156682252883911,111.86599731445312,0.6800916790962219
2019-03-07,0.7034822702407837,1.3443000316619873,1.00409996509552,1.1314009428024292,1.3182177543640137,111.62300109863281,0.6771397590637207
2019-03-08,0.7023458480834961,1.3444700241088867,1.010699987411499,1.1198333501815796,1.3092432022094727,111.63400268554688,0.6764801144599915
2019-03-11,0.7039278745651245,1.3417999744415283,1.0077999830245972,1.1232421398162842,1.2988362312316895,111.08000183105469,0.6806888580322266
2019-03-12,0.7073386311531067,1.339460015296936,1.0102399587631226,1.1259232759475708,1.3248542547225952,111.34200286865234,0.6837139129638672
2019-03-13,0.7064142823219299,1.3357000350952148,1.0074000358581543,1.1287446022033691,1.3066771030426025,111.30599975585938,0.6853821277618408
2019-03-14,0.7087172269821167,1.3294999599456787,1.003290057182312,1.133105993270874,1.3285682201385498,111.19599914550781,0.6858381032943726
2019-03-15,0.706813633441925,1.3324700593948364,1.0034500360488892,1.1308379173278809,1.3258554935455322,111.75299835205078,0.6837139129638672
2019-03-18,0.7082905769348145,1.3341000080108643,1.0024000406265259,1.1319772005081177,1.329716444015503,111.56099700927734,0.684359610080719
2019-03-19,0.7099751830101013,1.3336999416351318,1.0010000467300415,1.133619785308838,1.326435923576355,111.37300109863281,0.6846032738685608
2019-03-20,0.7089684009552002,1.332200050354004,0.9986000061035156,1.135486125946045,1.3271400928497314,111.4010009765625,0.6855888962745667
2019-03-21,0.7135212421417236,1.3286000490188599,0.9909999966621399,1.1427918672561646,1.320533037185669,110.66000366210938,0.6918978691101074
2019-03-22,0.710782527923584,1.3365000486373901,0.9919000267982483,1.1375011205673218,1.313232183456421,110.80599975585938,0.68822181224823
2019-03-25,0.7083156108856201,1.3424999713897705,0.9939900040626526,1.129586100578308,1.3206549882888794,110.08100128173828,0.6877484321594238
2019-03-26,0.7116121053695679,1.3392000198364258,0.9923099875450134,1.131580114364624,1.3215277194976807,110.06800079345703,0.6912713050842285
2019-03-27,0.713699460029602,1.3379100561141968,0.9936000108718872,1.127484679222107,1.321143627166748,110.55400085449219,0.690817654132843
2019-03-28,0.7084510922431946,1.3411699533462524,0.994700014591217,1.1251758337020874,1.3152703046798706,110.48999786376953,0.6798281073570251
2019-03-29,0.7083156108856201,1.3430500030517578,0.9948300123214722,1.1230024099349976,1.30565345287323,110.63700103759766,0.6781821846961975
2019-04-01,0.7113893628120422,1.3346999883651733,0.9950000047683716,1.1223849058151245,1.3022867441177368,110.99500274658203,0.6824122071266174
2019-04-02,0.710989773273468,1.3310999870300293,0.9991999864578247,1.1205737590789795,1.3068991899490356,111.45099639892578,0.6790249347686768
2019-04-03,0.7058408260345459,1.3343000411987305,0.9981600046157837,1.1203854084014893,1.312766671180725,111.30500030517578,0.6752285361289978
2019-04-04,0.7117488384246826,1.3342000246047974,0.9972900152206421,1.1246949434280396,1.3176966905593872,111.3949966430664,0.6789788007736206
2019-04-05,0.7110353112220764,1.3364700078964233,0.9999200105667114,1.1225864887237549,1.3077024221420288,111.65799713134766,0.6757989525794983
2019-04-08,0.7101768255233765,1.3371000289916992,0.9998999834060669,1.121956706047058,1.3038150072097778,111.71099853515625,0.6731740236282349
2019-04-09,0.7121593952178955,1.3313599824905396,0.9991099834442139,1.1256444454193115,1.306335687637329,111.45600128173828,0.6739407777786255
2019-04-10,0.7129108309745789,1.3327800035476685,0.9996500015258789,1.126697063446045,1.305721640586853,111.1050033569336,0.6752604842185974
2019-04-11,0.7166917324066162,1.331779956817627,1.002210021018982,1.1276500225067139,1.3099292516708374,110.98500061035156,0.6768510341644287
2019-04-12,0.7122507095336914,1.3377900123596191,1.0027400255203247,1.1260753870010376,1.3056023120880127,111.62100219726562,0.6724587678909302
2019-04-15,0.7173087000846863,1.3332500457763672,1.0024000406265259,1.1305055618286133,1.3083868026733398,112.02799987792969,0.6768693327903748
2019-04-16,0.7176175117492676,1.3367999792099,1.0036699771881104,1.1304928064346313,1.3102725744247437,111.94300079345703,0.6767594218254089
2019-04-17,0.7164915204048157,1.3359299898147583,1.0075000524520874,1.128502607345581,1.3046314716339111,111.99299621582031,0.6710193157196045
2019-04-18,0.7174115777015686,1.3348000049591064,1.0104000568389893,1.129713773727417,1.3039339780807495,112.03600311279297,0.6726487278938293
2019-04-19,0.714796245098114,1.3375999927520752,1.014840006828308,1.1235954761505127,1.2994438409805298,111.98899841308594,0.6687307953834534
2019-04-22,0.715103030204773,1.338089942932129,1.014389991760254,1.1244546175003052,1.299376368522644,111.91000366210938,0.6686279773712158
2019-04-23,0.7137249112129211,1.334529995918274,1.0153000354766846,1.1258978843688965,1.2981449365615845,111.92900085449219,0.6683107018470764
2019-04-24,0.7096678018569946,1.342769980430603,1.0201499462127686,1.122435212135315,1.2938116788864136,111.87699890136719,0.6654378771781921
2019-04-25,0.7014589905738831,1.3493000268936157,1.020300030708313,1.1153494119644165,1.2904890775680542,112.12999725341797,0.6595479249954224
2019-04-26,0.7017790079116821,1.3478000164031982,1.0198999643325806,1.113684892654419,1.289607048034668,111.53900146484375,0.6633191108703613
2019-04-29,0.7044287323951721,1.3459999561309814,1.019320011138916,1.1150261163711548,1.2920230627059937,111.59300231933594,0.6667200326919556
2019-04-30,0.7055171132087708,1.3454699516296387,1.0192999839782715,1.1185182332992554,1.2932428121566772,111.677001953125,0.6670224070549011
2019-05-01,0.705129086971283,1.3387900590896606,1.0190099477767944,1.121604323387146,1.3039849996566772,111.3949966430664,0.6656016707420349
2019-05-02,0.7014589905738831,1.3438899517059326,1.0174000263214111,1.1200841665267944,1.3053126335144043,111.4520034790039,0.6627915501594543
2019-05-03,0.6995453238487244,1.3469200134277344,1.0193500518798828,1.1173559427261353,1.3033220767974854,111.49500274658203,0.6616294384002686
2019-05-06,0.69733065366745,1.3472199440002441,1.0165200233459473,1.1185808181762695,1.3150626420974731,110.62300109863281,0.6607595086097717
2019-05-07,0.6992518305778503,1.3448899984359741,1.0170999765396118,1.1201846599578857,1.3099292516708374,110.80500030517578,0.6607987880706787
2019-05-08,0.7008494734764099,1.3468999862670898,1.0196000337600708,1.1191065311431885,1.3068820238113403,110.25700378417969,0.6596697568893433
2019-05-09,0.6994963884353638,1.3472299575805664,1.020300030708313,1.1198333501815796,1.3012022972106934,110.02799987792969,0.65845787525177
2019-05-10,0.6987094879150391,1.3465299606323242,1.0152000188827515,1.1222084760665894,1.3009653091430664,109.80699920654297,0.6587311625480652
2019-05-13,0.6985093951225281,1.343940019607544,1.0104000568389893,1.1236460208892822,1.3010668754577637,109.65399932861328,0.6591610312461853
2019-05-14,0.6945891380310059,1.347599983215332,1.0053800344467163,1.1232547760009766,1.2963106632232666,109.15399932861328,0.6576784253120422
2019-05-15,0.6939143538475037,1.3459999561309814,1.008739948272705,1.1204482316970825,1.2906556129455566,109.6709976196289,0.6571295261383057
2019-05-16,0.6927126049995422,1.3441599607467651,1.0082499980926514,1.1207244396209717,1.2847524881362915,109.4749984741211,0.6563402414321899
2019-05-17,0.6893223524093628,1.3461999893188477,1.0099799633026123,1.1173559427261353,1.2797706127166748,109.87100219726562,0.6535306572914124
2019-05-20,0.690321683883667,1.344689965248108,1.0104999542236328,1.1165324449539185,1.2731555700302124,110.16000366210938,0.6528011560440063
2019-05-21,0.6920607089996338,1.3427200317382812,1.0082999467849731,1.1168566942214966,1.2729123830795288,110.06999969482422,0.6540393233299255
2019-05-23,0.6877579092979431,1.343649983406067,1.0090199708938599,1.1155484914779663,1.2664159536361694,110.22100067138672,0.6495193243026733
2019-05-24,0.689959704875946,1.3473600149154663,1.0029000043869019,1.1184556484222412,1.2664639949798584,109.55799865722656,0.6522603631019592
2019-05-27,0.6932889819145203,1.343500018119812,1.00177001953125,1.1209630966186523,1.2724751234054565,109.4010009765625,0.655750572681427
2019-05-28,0.6919936537742615,1.3437999486923218,1.0039499998092651,1.1193821430206299,1.2682307958602905,109.50900268554688,0.6546516418457031
2019-05-29,0.6926167011260986,1.3487499952316284,1.0069299936294556,1.1170687675476074,1.2659670114517212,109.34600067138672,0.6545487642288208
2019-05-30,0.691840410232544,1.351199984550476,1.0082999467849731,1.1137346029281616,1.2629451751708984,109.54199981689453,0.6514403223991394
2019-05-31,0.6906077861785889,1.352489948272705,1.0068999528884888,1.1131147146224976,1.2609704732894897,109.35700225830078,0.6506688594818115
2019-06-03,0.6929622888565063,1.352020025253296,0.999530017375946,1.1174057722091675,1.2639508247375488,108.21199798583984,0.6534196734428406
2019-06-04,0.6972042322158813,1.3441499471664429,0.9922999739646912,1.124631643295288,1.2664159536361694,108.0270004272461,0.6592783331871033
2019-06-05,0.6991393566131592,1.3390400409698486,0.9924700260162354,1.1254037618637085,1.2702767848968506,108.25399780273438,0.660969078540802
2019-06-06,0.6971070170402527,1.3420000076293945,0.9939000010490417,1.1229015588760376,1.2688584327697754,108.3280029296875,0.6627344489097595
2019-06-07,0.6975446939468384,1.3353999853134155,0.991100013256073,1.1276500225067139,1.269841194152832,108.4540023803711,0.6619009971618652
2019-06-10,0.6995893716812134,1.326889991760254,0.9898999929428101,1.1320157051086426,1.2722970247268677,108.4489974975586,0.665708065032959
2019-06-11,0.6961122155189514,1.3265199661254883,0.9889000058174133,1.1318106651306152,1.2691160440444946,108.35900115966797,0.6614194512367249
2019-06-12,0.6960880160331726,1.3280199766159058,0.9919999837875366,1.1329518556594849,1.2724426984786987,108.4739990234375,0.6584188938140869
2019-06-13,0.6930487751960754,1.333299994468689,0.994700014591217,1.1295605897903442,1.2693415880203247,108.48799896240234,0.6577087044715881
2019-06-14,0.6913239359855652,1.3327300548553467,0.9934999942779541,1.1280443668365479,1.268005609512329,108.32099914550781,0.6558710336685181
2019-06-17,0.6878904104232788,1.34089994430542,0.9987999796867371,1.1217050552368164,1.2596044540405273,108.57599639892578,0.6498908400535583
2019-06-18,0.6854009628295898,1.340999960899353,0.9986500144004822,1.1224603652954102,1.2541544437408447,108.53900146484375,0.6497599482536316
2019-06-19,0.6880418062210083,1.337399959564209,1.00068998336792,1.1198208332061768,1.2566603422164917,108.572998046875,0.6534580588340759
2019-06-20,0.688548743724823,1.3269699811935425,0.9926999807357788,1.1238480806350708,1.2656625509262085,108.11499786376953,0.6554583311080933
2019-06-21,0.6922379732131958,1.318310022354126,0.9810500144958496,1.1295605897903442,1.2707933187484741,107.2770004272461,0.6584709286689758
2019-06-24,0.6944299936294556,1.320039987564087,0.9753999710083008,1.1384724378585815,1.2750873565673828,107.31199645996094,0.6597480773925781
2019-06-25,0.696567952632904,1.3180999755859375,0.9718000292778015,1.140029788017273,1.2739664316177368,107.3270034790039,0.6624096035957336
2019-06-26,0.6961848735809326,1.3178399801254272,0.9748200178146362,1.1369967460632324,1.2690677642822266,107.16600036621094,0.6633411049842834
2019-06-27,0.6986606121063232,1.3121000528335571,0.9773899912834167,1.1374752521514893,1.269841194152832,107.73799896240234,0.66806960105896
2019-06-28,0.7003781795501709,1.3094300031661987,0.9766499996185303,1.1372941732406616,1.267748475074768,107.74700164794922,0.6701918840408325
2019-07-01,0.702331006526947,1.3090399503707886,0.9793999791145325,1.1364928483963013,1.2694543600082397,108.38200378417969,0.6723185777664185
2019-07-02,0.6964758634567261,1.3131999969482422,0.9869999885559082,1.1287446022033691,1.2644623517990112,108.36599731445312,0.6675121784210205
2019-07-03,0.699594259262085,1.3095999956130981,0.9851999878883362,1.1293054819107056,1.25982666015625,107.80500030517578,0.6678822040557861
2019-07-04,0.7031310796737671,1.305709958076477,0.9855999946594238,1.1287955045700073,1.2582731246948242,107.77899932861328,0.6709157824516296
2019-07-05,0.702538251876831,1.3048399686813354,0.98471999168396,1.128579020500183,1.2583048343658447,107.80799865722656,0.669178307056427
2019-07-08,0.6982752084732056,1.3075599670410156,0.9911999702453613,1.1227376461029053,1.2525520324707031,108.4739990234375,0.6631079912185669
2019-07-09,0.6973987221717834,1.3102099895477295,0.9940900206565857,1.121604323387146,1.2516427040100098,108.72100067138672,0.6628003716468811
2019-07-10,0.6927126049995422,1.3125,0.9935899972915649,1.120824933052063,1.2458575963974,108.92400360107422,0.6601400971412659
2019-07-11,0.6961848735809326,1.3072999715805054,0.9879000186920166,1.125885248184204,1.2508130073547363,108.33399963378906,0.664548933506012
2019-07-12,0.6972576975822449,1.3067500591278076,0.9904999732971191,1.1252391338348389,1.2523481845855713,108.58799743652344,0.6663779020309448
2019-07-15,0.7017790079116821,1.3033000230789185,0.984000027179718,1.1272051334381104,1.2571974992752075,107.83200073242188,0.6694919466972351
2019-07-16,0.7040022611618042,1.3047499656677246,0.9840999841690063,1.1261768341064453,1.251799464225769,107.88899993896484,0.6724406480789185
2019-07-17,0.701655924320221,1.308650016784668,0.9879900217056274,1.1212271451950073,1.2412029504776,108.20099639892578,0.670218825340271
2019-07-18,0.7010164856910706,1.305299997329712,0.9865999817848206,1.12296462059021,1.2434717416763306,107.93699645996094,0.6733598709106445
2019-07-19,0.7067188024520874,1.3035600185394287,0.9826400279998779,1.1261515617370605,1.2541857957839966,107.4010009765625,0.6777317523956299
2019-07-22,0.7043097019195557,1.3051999807357788,0.9828400015830994,1.1218308210372925,1.2512825727462769,107.80999755859375,0.6760868430137634
2019-07-23,0.7031854391098022,1.312600016593933,0.9824000000953674,1.1206114292144775,1.2474894523620605,107.90399932861328,0.6739906668663025
2019-07-24,0.6997410655021667,1.3139100074768066,0.9853799939155579,1.1151255369186401,1.243904948234558,108.23200225830078,0.6699494123458862
2019-07-25,0.697934091091156,1.3142800331115723,0.9846799969673157,1.1142433881759644,1.2485953569412231,108.18900299072266,0.6701694130897522
2019-07-26,0.6952168941497803,1.3157999515533447,0.9909800291061401,1.1146159172058105,1.2453454732894897,108.66600036621094,0.6660494804382324
2019-07-29,0.6906220316886902,1.3169000148773193,0.9933000206947327,1.1132138967514038,1.2376697063446045,108.63300323486328,0.6637197732925415
2019-07-30,0.6899406909942627,1.316349983215332,0.991599977016449,1.1143054962158203,1.2217471599578857,108.86599731445312,0.6630904078483582
2019-07-31,0.6875215172767639,1.3147599697113037,0.9897000193595886,1.1157974004745483,1.2161602973937988,108.56199645996094,0.6617783308029175
2019-08-01,0.6846501231193542,1.3193000555038452,0.9937999844551086,1.1071745157241821,1.215376853942871,108.81999969482422,0.6552779078483582
2019-08-02,0.6803507804870605,1.3213900327682495,0.9900699853897095,1.1078859567642212,1.2124298810958862,107.43099975585938,0.6554496884346008
2019-08-05,0.6793016791343689,1.320289969444275,0.9825000166893005,1.1108025312423706,1.215214490890503,106.5770034790039,0.6522731781005859
2019-08-06,0.6763520240783691,1.3214099407196045,0.9706199765205383,1.1243788003921509,1.2158203125,105.59300231933594,0.6559914946556091
2019-08-07,0.6763017177581787,1.328029990196228,0.9757300019264221,1.1206992864608765,1.2169743776321411,106.33699798583984,0.6532403826713562
2019-08-08,0.6758126616477966,1.3311500549316406,0.9746999740600586,1.1204355955123901,1.2143291234970093,106.12100219726562,0.6451280117034912
2019-08-09,0.6811710596084595,1.3228000402450562,0.9739300012588501,1.1187183856964111,1.2143733501434326,105.8740005493164,0.6485715508460999
2019-08-12,0.6776812076568604,1.3217400312423706,0.9714199900627136,1.1208499670028687,1.2021976709365845,105.38200378417969,0.6462787389755249
2019-08-13,0.6755889058113098,1.3236199617385864,0.9692299962043762,1.1218308210372925,1.207875370979309,105.35800170898438,0.6448201537132263
2019-08-14,0.6797772645950317,1.3212000131607056,0.9757999777793884,1.1177055835723877,1.2064181566238403,106.58999633789062,0.6462202668190002
2019-08-15,0.6754018664360046,1.3309999704360962,0.9734600186347961,1.1143302917480469,1.2060399055480957,105.91600036621094,0.6438900828361511
2019-08-16,0.6772773265838623,1.3316899538040161,0.9763000011444092,1.1113580465316772,1.209160566329956,106.08300018310547,0.6435089111328125
2019-08-19,0.6786608695983887,1.3266899585723877,0.9793000221252441,1.109385371208191,1.2161011695861816,106.43000030517578,0.6426693797111511
2019-08-20,0.6755843758583069,1.3327800035476685,0.981249988079071,1.1083157062530518,1.2131506204605103,106.5739974975586,0.6404796242713928
2019-08-21,0.6775205135345459,1.3315000534057617,0.9778000116348267,1.1097793579101562,1.2162343263626099,106.27400207519531,0.6411406993865967
2019-08-22,0.678499698638916,1.3286000490188599,0.9818999767303467,1.10907781124115,1.213224172592163,106.59700012207031,0.6405287981033325
2019-08-23,0.6755843758583069,1.3295300006866455,0.9836599826812744,1.1084016561508179,1.2251899242401123,106.46800231933594,0.6388307213783264
2019-08-26,0.6708078384399414,1.3313000202178955,0.9728500247001648,1.1143054962158203,1.2262415885925293,104.85199737548828,0.6362982988357544
2019-08-27,0.6769564151763916,1.325219988822937,0.9790999889373779,1.1103708744049072,1.222195029258728,105.97799682617188,0.6386919617652893
2019-08-28,0.6754383444786072,1.3285200595855713,0.98089998960495,1.109004020690918,1.2283201217651367,105.73799896240234,0.636448085308075
2019-08-29,0.6739588975906372,1.3307000398635864,0.9813299775123596,1.1085859537124634,1.2218515872955322,106.06999969482422,0.6337296366691589
2019-08-30,0.673582136631012,1.3280999660491943,0.98580002784729,1.1061947345733643,1.218650221824646,106.43800354003906,0.6317797899246216
2019-09-02,0.672766387462616,1.3316999673843384,0.989300012588501,1.0991789102554321,1.21592378616333,106.12799835205078,0.630079984664917
2019-09-03,0.6712490320205688,1.333299994468689,0.9903299808502197,1.0968520641326904,1.2066656351089478,106.19300079345703,0.6305209994316101
2019-09-04,0.6763977408409119,1.3338299989700317,0.9868299961090088,1.0974539518356323,1.2090436220169067,105.86100006103516,0.6338903307914734
2019-09-05,0.6799945831298828,1.3225300312042236,0.9808400273323059,1.10349702835083,1.2248897552490234,106.32499694824219,0.6356592178344727
2019-09-06,0.6811803579330444,1.3229000568389893,0.9862300157546997,1.1036310195922852,1.2323921918869019,107.0719985961914,0.637259304523468
2019-09-09,0.6846688985824585,1.3167999982833862,0.9879999756813049,1.1020619869232178,1.2283051013946533,106.94499969482422,0.6427106857299805
2019-09-10,0.6865302920341492,1.316890001296997,0.992389976978302,1.1048381328582764,1.2345373630523682,107.33699798583984,0.6428015828132629
2019-09-11,0.6858522295951843,1.3145699501037598,0.991599977016449,1.1050333976745605,1.2354830503463745,107.5999984741211,0.6418073177337646
2019-09-12,0.6873797178268433,1.3184499740600586,0.9937199950218201,1.1013457775115967,1.233471393585205,108.02100372314453,0.6420587301254272
2019-09-13,0.6863889098167419,1.3211499452590942,0.990559995174408,1.1058276891708374,1.2329391241073608,108.1760025024414,0.6402294635772705
2019-09-16,0.6879944801330566,1.3213000297546387,0.9868599772453308,1.1083402633666992,1.2497344017028809,107.76499938964844,0.6385411024093628
2019-09-17,0.686294674873352,1.324079990386963,0.9929199814796448,1.100594401359558,1.2428536415100098,108.16100311279297,0.6343004107475281
2019-09-18,0.6866245269775391,1.3238999843597412,0.9925400018692017,1.1074687242507935,1.2502655982971191,108.08699798583984,0.6362010836601257
2019-09-19,0.6825705766677856,1.3293999433517456,0.9968000054359436,1.1031439304351807,1.247053861618042,108.42500305175781,0.6321112513542175
2019-09-20,0.6792786121368408,1.3257299661636353,0.9927399754524231,1.1048502922058105,1.2525050640106201,108.04100036621094,0.6296594738960266
2019-09-23,0.6769014596939087,1.3265999555587769,0.9913700222969055,1.1019041538238525,1.2471938133239746,107.6520004272461,0.6267313361167908
2019-09-24,0.6775985956192017,1.326069951057434,0.9898200035095215,1.0993722677230835,1.243456244468689,107.61399841308594,0.6297784447669983
2019-09-25,0.6799483299255371,1.3240599632263184,0.9858999848365784,1.1016855239868164,1.2485953569412231,107.16300201416016,0.6318396925926208
2019-09-26,0.6755387783050537,1.325700044631958,0.9908599853515625,1.0952903032302856,1.2359564304351807,107.69200134277344,0.6273998022079468
2019-09-27,0.6754018664360046,1.326799988746643,0.9933900237083435,1.0922753810882568,1.2331976890563965,107.75599670410156,0.629830002784729
2019-09-30,0.6760868430137634,1.3235000371932983,0.9908999800682068,1.0942714214324951,1.2293167114257812,107.94400024414062,0.6286382675170898
2019-10-01,0.6753106117248535,1.3242000341415405,0.9976000189781189,1.0899657011032104,1.2289994955062866,108.06900024414062,0.626228928565979
2019-10-02,0.6708707809448242,1.3216999769210815,0.992680013179779,1.0934937000274658,1.2292261123657227,107.73699951171875,0.6244106888771057
2019-10-03,0.6709608435630798,1.3328299522399902,0.9967300295829773,1.0963709354400635,1.230436086654663,107.16300201416016,0.6266999244689941
2019-10-04,0.6745316982269287,1.3336700201034546,0.9981499910354614,1.0975382328033447,1.2342326641082764,106.82599639892578,0.6303898096084595
2019-10-07,0.6764526963233948,1.3306299448013306,0.9939900040626526,1.098659634590149,1.2334411144256592,106.76399993896484,0.6316680312156677
2019-10-08,0.6732510924339294,1.33024001121521,0.9947599768638611,1.0972130298614502,1.2288031578063965,107.2509994506836,0.6291682124137878
2019-10-09,0.6728116869926453,1.3321399688720703,0.9926000237464905,1.0960105657577515,1.2219561338424683,106.96099853515625,0.6298617720603943
2019-10-10,0.6718172430992126,1.3335000276565552,0.9928799867630005,1.0987803936004639,1.2212995290756226,107.1780014038086,0.628788411617279
2019-10-11,0.6763200163841248,1.3285900354385376,0.9961299896240234,1.1011033058166504,1.2433171272277832,107.87999725341797,0.632611095905304
2019-10-14,0.679638683795929,1.3199000358581543,0.9977999925613403,1.1030004024505615,1.261899709701538,108.45899963378906,0.6328593492507935
2019-10-15,0.6775398254394531,1.3223999738693237,0.9976199865341187,1.1029006242752075,1.2611771821975708,108.38800048828125,0.6306005120277405
2019-10-16,0.6753197908401489,1.320199966430664,0.998520016670227,1.1034727096557617,1.2760635614395142,108.81700134277344,0.6295484900474548
2019-10-17,0.6756391525268555,1.3200000524520874,0.9942200183868408,1.107493281364441,1.2823801040649414,108.677001953125,0.6288082003593445
2019-10-18,0.6825472712516785,1.31358003616333,0.9872999787330627,1.1127183437347412,1.286860466003418,108.58100128173828,0.6354814767837524
2019-10-21,0.6847720146179199,1.3131999969482422,0.9849100112915039,1.1155734062194824,1.2900229692459106,108.40799713134766,0.6385998129844666
2019-10-22,0.6870585680007935,1.3086600303649902,0.9859200119972229,1.1151753664016724,1.297168254852295,108.60099792480469,0.6411982774734497
2019-10-23,0.6861298680305481,1.309399962425232,0.9893400073051453,1.112928867340088,1.2884771823883057,108.48300170898438,0.6411818265914917
2019-10-24,0.6850300431251526,1.3072999715805054,0.9901000261306763,1.1132385730743408,1.2923235893249512,108.64199829101562,0.6421700119972229
2019-10-25,0.6816632747650146,1.3070600032806396,0.9923499822616577,1.1103955507278442,1.2840267419815063,108.60600280761719,0.6377795338630676
2019-10-28,0.682400107383728,1.3063000440597534,0.9941999912261963,1.1084262132644653,1.283202886581421,108.73400115966797,0.6358693838119507
2019-10-29,0.6839599013328552,1.3055599927902222,0.9947599768638611,1.1099148988723755,1.2857435941696167,108.96399688720703,0.6353886127471924
2019-10-30,0.6855888962745667,1.308899998664856,0.9941200017929077,1.1114816665649414,1.2866700887680054,108.8740005493164,0.6352109909057617
2019-10-31,0.6897883415222168,1.316540002822876,0.989109992980957,1.1154489517211914,1.290172815322876,108.78900146484375,0.6409598588943481
2019-11-01,0.6892986297607422,1.3167500495910645,0.9864100217819214,1.1157102584838867,1.2939623594284058,107.99600219726562,0.6414985060691833
2019-11-04,0.6917997598648071,1.3140000104904175,0.9858400225639343,1.1166571378707886,1.2937614917755127,108.22000122070312,0.6435089111328125
2019-11-05,0.6890279054641724,1.3151600360870361,0.988290011882782,1.1128545999526978,1.2891582250595093,108.69400024414062,0.6402294635772705
2019-11-06,0.6890848875045776,1.3150999546051025,0.9923999905586243,1.107419729232788,1.288062334060669,109.14600372314453,0.637421727180481
2019-11-07,0.6877300143241882,1.318560004234314,0.9924700260162354,1.1070396900177002,1.2856775522232056,108.91300201416016,0.6366385221481323
2019-11-08,0.6860997080802917,1.3227100372314453,0.9945999979972839,1.1019697189331055,1.2779992818832397,109.27400207519531,0.6380997896194458
2019-11-11,0.6858004927635193,1.3225200176239014,0.9971699714660645,1.102244257926941,1.2796396017074585,109.22599792480469,0.6332681179046631
2019-11-12,0.6850253343582153,1.323199987411499,0.9930099844932556,1.1035456657409668,1.2858428955078125,109.04199981689453,0.6364886164665222
2019-11-13,0.6843999624252319,1.3236700296401978,0.9926599860191345,1.1012367010116577,1.285214900970459,108.99299621582031,0.6336613297462463
2019-11-14,0.6839500665664673,1.3251899480819702,0.9896699786186218,1.1013215780258179,1.2853800058364868,108.7979965209961,0.6415314674377441
2019-11-15,0.6788313388824463,1.3249800205230713,0.9887700080871582,1.1020498275756836,1.2881784439086914,108.49199676513672,0.6381784081459045
2019-11-18,0.6815982460975647,1.3222399950027466,0.9889860153198242,1.105509877204895,1.2921231985092163,108.6989974975586,0.6401802897453308
2019-11-19,0.680522084236145,1.320680022239685,0.9890999794006348,1.1072357892990112,1.2950851917266846,108.66200256347656,0.6397216320037842
2019-11-20,0.6824899911880493,1.3271299600601196,0.99031001329422,1.1080001592636108,1.2929502725601196,108.44499969482422,0.6431405544281006
2019-11-21,0.6798997521400452,1.330199956893921,0.9903799891471863,1.1078859567642212,1.2927078008651733,108.47799682617188,0.6410995721817017
2019-11-22,0.6789419054985046,1.3278000354766846,0.9926999807357788,1.1065863370895386,1.2919896841049194,108.58499908447266,0.6406999230384827
2019-11-25,0.6792001724243164,1.3295700550079346,0.9976000189781189,1.1022562980651855,1.2853471040725708,108.7300033569336,0.6409311294555664
2019-11-26,0.677639901638031,1.3303099870681763,0.9967399835586548,1.1014429330825806,1.289723515510559,108.99199676513672,0.6415109038352966
2019-11-27,0.6789000034332275,1.3269000053405762,0.9975900053977966,1.1022562980651855,1.2860909700393677,109.09700012207031,0.6426982879638672
2019-11-28,0.6767200231552124,1.3285599946975708,0.9984700083732605,1.1004853248596191,1.2929919958114624,109.36699676513672,0.6413010954856873
2019-11-29,0.6769000291824341,1.327970027923584,0.9983599781990051,1.101176142692566,1.29128897190094,109.51200103759766,0.6420091986656189
2019-12-02,0.6764801144599915,1.3283900022506714,1.0001100301742554,1.1019041538238525,1.29128897190094,109.53500366210938,0.6432108879089355
2019-12-03,0.6818817257881165,1.330299973487854,0.9914299845695496,1.1079105138778687,1.294062852859497,109.02200317382812,0.6498781442642212
2019-12-04,0.6848700046539307,1.3291900157928467,0.9868999719619751,1.1085245609283447,1.2997816801071167,108.65299987792969,0.6518301367759705
2019-12-05,0.684960126876831,1.3192700147628784,0.9882500171661377,1.108303427696228,1.311131477355957,108.83200073242188,0.6550204157829285
2019-12-06,0.6833000183105469,1.3176000118255615,0.9869999885559082,1.1105434894561768,1.3158414363861084,108.73799896240234,0.6544117331504822
2019-12-09,0.683531641960144,1.3249800205230713,0.9904800057411194,1.105888843536377,1.3139568567276,108.62699890136719,0.6559183597564697
2019-12-10,0.6827998757362366,1.3237099647521973,0.9877600073814392,1.106499433517456,1.314578652381897,108.58200073242188,0.6548788547515869
2019-12-11,0.6811400055885315,1.323099970817566,0.984470009803772,1.1092746257781982,1.3131287097930908,108.76399993896484,0.6545016765594482
2019-12-12,0.687049150466919,1.317270040512085,0.9824000000953674,1.1135857105255127,1.3200099468231201,108.54900360107422,0.6580800414085388
2019-12-13,0.6927126049995422,1.315269947052002,0.9849900007247925,1.1186057329177856,1.347527265548706,109.41300201416016,0.6620499491691589
2019-12-16,0.6874789595603943,1.3183399438858032,0.983959972858429,1.1124460697174072,1.335327386856079,109.4000015258789,0.6592696905136108
2019-12-17,0.6874316930770874,1.3163000345230103,0.9832000136375427,1.1136974096298218,1.3272457122802734,109.57599639892578,0.6593601107597351
2019-12-18,0.6852600574493408,1.3159199953079224,0.9797000288963318,1.115138053894043,1.3122154474258423,109.51599884033203,0.6569180488586426
2019-12-19,0.6854700446128845,1.3113900423049927,0.9800099730491638,1.1115927696228027,1.3087291717529297,109.5510025024414,0.6584492325782776
2019-12-20,0.6893000602722168,1.3122999668121338,0.9782000184059143,1.1125946044921875,1.3017443418502808,109.38300323486328,0.6612619757652283
2019-12-23,0.6903898119926453,1.3146400451660156,0.9822800159454346,1.1079840660095215,1.3005423545837402,109.4990005493164,0.6607507467269897
2019-12-24,0.6925197839736938,1.3148200511932373,0.981469988822937,1.109385371208191,1.2944984436035156,109.38200378417969,0.6634599566459656
2019-12-25,0.6921852231025696,1.3164000511169434,0.9803000092506409,1.1090162992477417,1.2934937477111816,109.38300323486328,0.6642999649047852
2019-12-26,0.6924728155136108,1.315500020980835,0.9793999791145325,1.1095454692840576,1.2973533868789673,109.36900329589844,0.6647000312805176
2019-12-27,0.6946374177932739,1.3107999563217163,0.981469988822937,1.110111951828003,1.3002209663391113,109.54199981689453,0.6672716736793518
2019-12-30,0.6982996463775635,1.3073400259017944,0.9737100005149841,1.1182304620742798,1.3091918230056763,109.4280014038086,0.6706413626670837
2019-12-31,0.7001398801803589,1.3060599565505981,0.9686300158500671,1.120229721069336,1.3113033771514893,108.87300109863281,0.6734777688980103
2020-01-01,0.7017002105712891,1.3001999855041504,0.967199981212616,1.1220825910568237,1.326259970664978,108.68099975585938,0.6785798072814941
2020-01-02,0.7019514441490173,1.2972999811172485,0.9674999713897705,1.1220825910568237,1.3250298500061035,108.71299743652344,0.6737182140350342
2020-01-03,0.6985191702842712,1.29830002784729,0.9711999893188477,1.1171437501907349,1.3152703046798706,108.54299926757812,0.6700212359428406
2020-01-06,0.694420337677002,1.2986600399017334,0.9714800119400024,1.1161960363388062,1.308010220527649,107.96399688720703,0.665530800819397
2020-01-07,0.693731427192688,1.2963900566101074,0.968500018119812,1.1197994947433472,1.317002534866333,108.40599822998047,0.6669512391090393
2020-01-08,0.6860399842262268,1.3003100156784058,0.9688299894332886,1.1154738664627075,1.31137216091156,108.01599884033203,0.6631211638450623
2020-01-09,0.6873801350593567,1.3036500215530396,0.9732000231742859,1.1113210916519165,1.3105130195617676,109.03099822998047,0.6654289960861206
2020-01-10,0.6853210926055908,1.306249976158142,0.9731199741363525,1.1111111640930176,1.3070186376571655,109.50700378417969,0.6607987880706787
2020-01-13,0.6900601387023926,1.3065400123596191,0.9731400012969971,1.1116669178009033,1.3045634031295776,109.56600189208984,0.6637682318687439
2020-01-14,0.6898902058601379,1.3055599927902222,0.9707000255584717,1.1135733127593994,1.2988194227218628,109.99199676513672,0.6626817584037781
2020-01-15,0.6896551251411438,1.3065500259399414,0.9670699834823608,1.113089919090271,1.3022528886795044,109.85399627685547,0.660969078540802
2020-01-16,0.6907795071601868,1.3037999868392944,0.963699996471405,1.1154004335403442,1.3041210174560547,109.88300323486328,0.6619185209274292
2020-01-17,0.6901001930236816,1.3039000034332275,0.9648799896240234,1.1139578819274902,1.3078734874725342,110.17500305175781,0.6638211011886597
2020-01-20,0.6881791353225708,1.3063600063323975,0.968209981918335,1.1094592809677124,1.3007283210754395,110.18000030517578,0.6619710922241211
2020-01-21,0.6876397132873535,1.3045400381088257,0.9683799743652344,1.109693169593811,1.3005592823028564,110.1729965209961,0.6608904600143433
2020-01-22,0.684689998626709,1.3073500394821167,0.9688000082969666,1.108561396598816,1.3048017024993896,109.90799713134766,0.6595305800437927
2020-01-23,0.6842987537384033,1.3138999938964844,0.9674000144004822,1.1096439361572266,1.3144749402999878,109.72799682617188,0.659639298915863
2020-01-24,0.6839804649353027,1.3127000331878662,0.9695000052452087,1.1055220365524292,1.311991572380066,109.552001953125,0.6614719033241272
2020-01-27,0.680188775062561,1.3158999681472778,0.9699400067329407,1.1025358438491821,1.3061821460723877,108.802001953125,0.6572720408439636
2020-01-28,0.6761700510978699,1.3187700510025024,0.9698500037193298,1.101976990699768,1.3060115575790405,108.91999816894531,0.6545788049697876
2020-01-29,0.6764206886291504,1.3164000511169434,0.9729800224304199,1.1022562980651855,1.3024563789367676,109.13200378417969,0.6540094017982483
2020-01-30,0.6752194762229919,1.319700002670288,0.9731799960136414,1.1016855239868164,1.3022021055221558,108.98699951171875,0.6527202129364014
2020-01-31,0.6708257794380188,1.3211300373077393,0.9694100022315979,1.1029127836227417,1.3089004755020142,108.87699890136719,0.6485421061515808
2020-02-03,0.66936194896698,1.3240400552749634,0.9633600115776062,1.1089794635772705,1.31816565990448,108.37200164794922,0.6459489464759827
2020-02-04,0.6690497994422913,1.3293999433517456,0.9656999707221985,1.1062926054000854,1.2997479438781738,108.61199951171875,0.6461117267608643
2020-02-05,0.6731785535812378,1.3282400369644165,0.9692699909210205,1.1047282218933105,1.3032711744308472,109.4469985961914,0.6493801474571228
2020-02-06,0.6751797795295715,1.3284300565719604,0.9732999801635742,1.1002310514450073,1.2997140884399414,109.81400299072266,0.6481889486312866
2020-02-07,0.6733997464179993,1.3284000158309937,0.9745000004768372,1.0982975959777832,1.2930254936218262,109.96800231933594,0.6463000178337097
2020-02-10,0.6672316193580627,1.3309600353240967,0.9766600131988525,1.0949305295944214,1.2891582250595093,109.6449966430664,0.6399590373039246
2020-02-11,0.6690099835395813,1.3316999673843384,0.9771000146865845,1.0913456678390503,1.2918227910995483,109.76599884033203,0.6388592720031738
2020-02-12,0.6720998883247375,1.3290400505065918,0.975600004196167,1.091941475868225,1.2956557273864746,109.84300231933594,0.6406519412994385
2020-02-13,0.6713197827339172,1.3256100416183472,0.9775599837303162,1.0875948667526245,1.295756459236145,109.84600067138672,0.6447120904922485
2020-02-14,0.6721997857093811,1.326390027999878,0.978879988193512,1.0845986604690552,1.3046824932098389,109.75800323486328,0.6443091630935669
2020-02-17,0.6725989580154419,1.3245199918746948,0.981689989566803,1.0841753482818604,1.3052955865859985,109.79100036621094,0.6446580290794373
2020-02-18,0.6711999773979187,1.3235000371932983,0.980400025844574,1.0840108394622803,1.3008975982666016,109.83000183105469,0.6438984274864197
2020-02-19,0.6696000099182129,1.325369954109192,0.9829000234603882,1.079540491104126,1.3002209663391113,109.91899871826172,0.6394516229629517
2020-02-20,0.6684000492095947,1.3220399618148804,0.9835000038146973,1.081009864807129,1.2928247451782227,111.20999908447266,0.6389816999435425
2020-02-21,0.6613800525665283,1.3259799480438232,0.9837599992752075,1.078799843788147,1.2883278131484985,111.9540023803711,0.6332480907440186
2020-02-24,0.6606900691986084,1.3252999782562256,0.9788399934768677,1.0839051008224487,1.29537034034729,111.55699920654297,0.6323310732841492
2020-02-25,0.6612007021903992,1.3287400007247925,0.9797800183296204,1.0849199295043945,1.292657732963562,110.85700225830078,0.6344292163848877
2020-02-26,0.6605198383331299,1.3279199600219727,0.9758999943733215,1.0881996154785156,1.3003394603729248,110.28600311279297,0.6321592330932617
2020-02-27,0.6546516418457031,1.334529995918274,0.97639000415802,1.0885894298553467,1.2906889915466309,110.36299896240234,0.6286817193031311
2020-02-28,0.6580203175544739,1.3386199474334717,0.96875,1.0997228622436523,1.2888922691345215,109.66000366210938,0.6311696767807007
2020-03-02,0.6516313552856445,1.3407100439071655,0.9639800190925598,1.1051311492919922,1.2807048559188843,107.6969985961914,0.6229403614997864
2020-03-03,0.6547498106956482,1.332509994506836,0.9581000208854675,1.1144047975540161,1.2767152786254883,108.48699951171875,0.6265585422515869
2020-03-04,0.6582195162773132,1.3377599716186523,0.9556499719619751,1.118067979812622,1.2820841073989868,107.03700256347656,0.6269199252128601
2020-03-05,0.6626901030540466,1.3384599685668945,0.95660001039505,1.113908290863037,1.2874983549118042,107.677001953125,0.6300284266471863
2020-03-06,0.6615506410598755,1.3393800258636475,0.9458000063896179,1.1223849058151245,1.295068383216858,106.24800109863281,0.6313091516494751
2020-03-09,0.6613581776618958,1.362220048904419,0.9274500012397766,1.1386020183563232,1.3099292516708374,103.93800354003906,0.6329394578933716
2020-03-10,0.6597998738288879,1.3658000230789185,0.9283599853515625,1.1397960186004639,1.3075313568115234,103.11199951171875,0.6341515779495239
2020-03-11,0.6499098539352417,1.3731800317764282,0.9368100166320801,1.1316505670547485,1.2909722328186035,105.0260009765625,0.6268099546432495
2020-03-12,0.647939920425415,1.3773000240325928,0.9389500021934509,1.1261515617370605,1.2818212509155273,104.55000305175781,0.6264290809631348
2020-03-13,0.6274116039276123,1.394279956817627,0.9446499943733215,1.1184931993484497,1.257023572921753,104.61000061035156,0.6114487648010254
2020-03-16,0.6177682876586914,1.3797800540924072,0.9463000297546387,1.115536093711853,1.2399870157241821,106.68800354003906,0.6050997972488403
2020-03-17,0.6099420189857483,1.4010599851608276,0.9475299715995789,1.1163206100463867,1.2266627550125122,106.17500305175781,0.6044706702232361
2020-03-18,0.5992200374603271,1.4239200353622437,0.9596499800682068,1.101552128791809,1.2121652364730835,107.37699890136719,0.5949299931526184
2020-03-19,0.5809798836708069,1.4444999694824219,0.9666299819946289,1.0961546897888184,1.1625338792800903,108.36000061035156,0.5730692148208618
2020-03-20,0.5742902159690857,1.4498200416564941,0.9887199997901917,1.0657345056533813,1.149438500404358,111.29100036621094,0.5684757828712463
2020-03-23,0.5753309726715088,1.4459400177001953,0.985069990158081,1.0694386959075928,1.162304162979126,110.46199798583984,0.5626100301742554
2020-03-24,0.5876600742340088,1.4476900100708008,0.9817000031471252,1.0764610767364502,1.1595547199249268,110.8270034790039,0.574418842792511
2020-03-25,0.597550094127655,1.4438999891281128,0.9799699783325195,1.080263614654541,1.1792036294937134,111.12000274658203,0.5829713940620422
2020-03-26,0.5908098220825195,1.4217100143432617,0.9762399792671204,1.0889569520950317,1.1851149797439575,110.8759994506836,0.5812196135520935
2020-03-27,0.60791015625,1.4037400484085083,0.9616600275039673,1.1048258543014526,1.2200626134872437,109.10900115966797,0.5979001522064209
2020-03-30,0.618058443069458,1.4046900272369385,0.950469970703125,1.113908290863037,1.245319128036499,107.41300201416016,0.6058292984962463
2020-03-31,0.6168993711471558,1.417870044708252,0.9599999785423279,1.1030466556549072,1.2371643781661987,108.03500366210938,0.6009796261787415
2020-04-01,0.6136998534202576,1.4077999591827393,0.9615100026130676,1.102657437324524,1.2408487796783447,107.50800323486328,0.5951389074325562
2020-04-02,0.6091395616531372,1.4151400327682495,0.966189980506897,1.0953621864318848,1.238236665725708,107.25700378417969,0.5936902165412903
2020-04-03,0.6063215136528015,1.4129300117492676,0.9742199778556824,1.0847399234771729,1.2394952774047852,108.0009994506836,0.5914394855499268
2020-04-06,0.5994700789451599,1.4251999855041504,0.9771999716758728,1.0806955099105835,1.2220158576965332,108.69300079345703,0.5854012370109558
2020-04-07,0.6117599606513977,1.4112299680709839,0.9779599905014038,1.0803803205490112,1.2240501642227173,109.11499786376953,0.5950610041618347
2020-04-08,0.6152199506759644,1.4013999700546265,0.9691900014877319,1.0895144939422607,1.2338672876358032,108.6510009765625,0.5962993502616882
2020-04-09,0.6235308051109314,1.40038001537323,0.9718199968338013,1.0863661766052246,1.23931086063385,108.9219970703125,0.6016702651977539
2020-04-10,0.6332600712776184,1.39860999584198,0.9668599963188171,1.0927408933639526,1.2454850673675537,108.56099700927734,0.6077216863632202
2020-04-13,0.6335208415985107,1.39683997631073,0.9658399820327759,1.0932666063308716,1.2461059093475342,108.33599853515625,0.6075407862663269
2020-04-14,0.6401106119155884,1.3873100280761719,0.9664000272750854,1.0922993421554565,1.2523951530456543,107.62300109863281,0.6102696061134338
2020-04-15,0.6434298753738403,1.3880900144577026,0.9599199891090393,1.098538875579834,1.26262629032135,107.10399627685547,0.6101199388504028
2020-04-16,0.6308901309967041,1.411910057067871,0.9650999903678894,1.0905101299285889,1.252097249031067,107.60900115966797,0.5995994806289673
2020-04-17,0.6358600854873657,1.4039499759674072,0.9692000150680542,1.0858471393585205,1.2487823963165283,107.94499969482422,0.5998692512512207
2020-04-20,0.6340188980102539,1.4048000574111938,0.9678300023078918,1.0866966247558594,1.248751163482666,107.66999816894531,0.601550817489624
2020-04-21,0.6345701217651367,1.4129199981689453,0.9678999781608582,1.0864840745925903,1.2442762851715088,107.66899871826172,0.6045108437538147
2020-04-22,0.6293998956680298,1.4189000129699707,0.9697700142860413,1.0856467485427856,1.2298610210418701,107.72100067138672,0.5964096188545227
2020-04-23,0.6298998594284058,1.4183800220489502,0.9726999998092651,1.080964207649231,1.2323921918869019,107.81300354003906,0.5924205780029297
2020-04-24,0.6376798748970032,1.406499981880188,0.9763299822807312,1.077702283859253,1.235223650932312,107.66699981689453,0.6005717515945435
2020-04-27,0.6397543549537659,1.4107999801635742,0.9735000133514404,1.08236825466156,1.2366595268249512,107.49500274658203,0.6021702289581299
2020-04-28,0.6449116468429565,1.4036200046539307,0.9758300185203552,1.0824854373931885,1.2422668933868408,107.28299713134766,0.6024604439735413
2020-04-29,0.6502699255943298,1.398300051689148,0.9737399816513062,1.0836584568023682,1.2435646057128906,106.74099731445312,0.607810378074646
2020-04-30,0.6555013060569763,1.38742995262146,0.9739000201225281,1.087725043296814,1.2471472024917603,106.61000061035156,0.6142000555992126
2020-05-01,0.6495501399040222,1.3952900171279907,0.9664700031280518,1.094546914100647,1.2581465244293213,107.28500366210938,0.6120288372039795
2020-05-04,0.6376819014549255,1.4134999513626099,0.9624999761581421,1.0959625244140625,1.2454230785369873,106.73799896240234,0.6016412973403931
2020-05-05,0.642611563205719,1.408370018005371,0.965399980545044,1.0904293060302734,1.244555115699768,106.6969985961914,0.605029821395874
2020-05-06,0.6436000466346741,1.4042199850082397,0.972599983215332,1.0838581323623657,1.2444202899932861,106.4520034790039,0.6053100228309631
2020-05-07,0.6390756368637085,1.416290044784546,0.9751999974250793,1.0798553228378296,1.232559323310852,106.19100189208984,0.6006998419761658
2020-05-08,0.6503299474716187,1.3969500064849854,0.9729499816894531,1.0837171077728271,1.237593173980713,106.35900115966797,0.6095698475837708
2020-05-11,0.653710126876831,1.3924100399017334,0.9709219932556152,1.0839520692825317,1.2417423725128174,106.91899871826172,0.6143185496330261
2020-05-12,0.6484664082527161,1.4018000364303589,0.9728900194168091,1.080940842628479,1.2333498001098633,107.56600189208984,0.6077697277069092
2020-05-13,0.6455298662185669,1.4080899953842163,0.9698200225830078,1.0846810340881348,1.2254902124404907,107.13800048828125,0.6069986820220947
2020-05-14,0.6454944014549255,1.4089000225067139,0.9718000292778015,1.08236825466156,1.224155068397522,106.93299865722656,0.5999088287353516
2020-05-15,0.6471235156059265,1.4033000469207764,0.9731000065803528,1.0806955099105835,1.2233912944793701,107.36499786376953,0.6013012528419495
2020-05-18,0.6425785422325134,1.40910005569458,0.9719099998474121,1.0821340084075928,1.2085760831832886,107.20800018310547,0.5936691164970398
2020-05-19,0.652600109577179,1.3939000368118286,0.9717299938201904,1.0915124416351318,1.2200031280517578,107.38099670410156,0.6040598750114441
2020-05-20,0.6540094017982483,1.3938000202178955,0.9711599946022034,1.0927767753601074,1.2255953550338745,107.80999755859375,0.6086501479148865
2020-05-21,0.65923011302948,1.3904500007629395,0.9646999835968018,1.0982975959777832,1.2236906290054321,107.59100341796875,0.614809513092041
2020-05-22,0.6566894054412842,1.394700050354004,0.9706799983978271,1.0952903032302856,1.2223445177078247,107.63099670410156,0.6123398542404175
2020-05-25,0.6545788049697876,1.3985899686813354,0.9712200164794922,1.0907801389694214,1.218605637550354,107.73500061035156,0.6105006337165833
2020-05-26,0.6547399163246155,1.3971799612045288,0.9714599847793579,1.0902997255325317,1.220137119293213,107.68699645996094,0.6106609106063843
2020-05-27,0.6646699905395508,1.378250002861023,0.9653469920158386,1.0981770753860474,1.23350191116333,107.49099731445312,0.6198398470878601
2020-05-28,0.6620806455612183,1.375480055809021,0.9680299758911133,1.1016855239868164,1.2264822721481323,107.7979965209961,0.618739128112793
2020-05-29,0.6633498668670654,1.3774000406265259,0.9639999866485596,1.1079105138778687,1.2321492433547974,107.64299774169922,0.6199781894683838
2020-06-01,0.6659784913063049,1.3777999877929688,0.9606199860572815,1.1118524074554443,1.2347996234893799,107.70800018310547,0.6199012994766235
2020-06-02,0.6786000728607178,1.3582500219345093,0.9610999822616577,1.1125946044921875,1.248704433441162,107.5479965209961,0.6281801462173462
2020-06-03,0.6914199590682983,1.3509999513626099,0.9616100192070007,1.118943691253662,1.2581465244293213,108.80899810791016,0.6385492086410522
2020-06-04,0.6929046511650085,1.3493800163269043,0.961359977722168,1.1235954761505127,1.2575136423110962,108.9990005493164,0.6428387761116028
2020-06-05,0.6939899921417236,1.350160002708435,0.9556099772453308,1.1337867975234985,1.2609069347381592,109.1500015258789,0.6463789939880371
2020-06-08,0.700239896774292,1.3392800092697144,0.9610000252723694,1.1319515705108643,1.2725722789764404,109.63400268554688,0.6537613868713379
2020-06-09,0.7024494409561157,1.3367999792099,0.9575200080871582,1.1305567026138306,1.2735283374786377,108.40899658203125,0.6567497253417969
2020-06-10,0.6942998170852661,1.3422000408172607,0.9510999917984009,1.1332215070724487,1.2711325883865356,107.7969970703125,0.6497303247451782
2020-06-11,0.6968300938606262,1.3428399562835693,0.9437299966812134,1.1365444660186768,1.2710679769515991,106.98100280761719,0.6510586142539978
2020-06-12,0.6830880641937256,1.3637900352478027,0.9441400170326233,1.1288082599639893,1.257703423500061,106.8030014038086,0.6413010954856873
2020-06-15,0.6825007200241089,1.3637100458145142,0.9514300227165222,1.1252011060714722,1.2508755922317505,107.31099700927734,0.6417208313941956
2020-06-16,0.695820152759552,1.3533899784088135,0.9488999843597412,1.1337740421295166,1.2637752294540405,107.46399688720703,0.6499203443527222
2020-06-17,0.6895315051078796,1.353350043296814,0.9511299729347229,1.1265701055526733,1.258510708808899,107.41000366210938,0.6460198760032654
2020-06-18,0.6875702142715454,1.3575799465179443,0.948710024356842,1.1242902278900146,1.2552721500396729,106.89399719238281,0.6446402072906494
2020-06-19,0.6857205629348755,1.3592400550842285,0.95169997215271,1.1211000680923462,1.2426837682724,107.00599670410156,0.642937958240509
2020-06-22,0.6822911500930786,1.3617000579833984,0.9521999955177307,1.1177555322647095,1.234811782836914,106.83100128173828,0.6402007341384888
2020-06-23,0.6931601762771606,1.3501800298690796,0.9468600153923035,1.1279679536819458,1.250156283378601,106.90299987792969,0.649599552154541
2020-06-24,0.6940299272537231,1.3542200326919556,0.944570004940033,1.1312345266342163,1.2524893283843994,106.43199920654297,0.6500301957130432
2020-06-25,0.685678243637085,1.3643800020217896,0.9481599926948547,1.1250872611999512,1.2412954568862915,107.04399871826172,0.6404016613960266
2020-06-26,0.6888190507888794,1.3634999990463257,0.9480999708175659,1.1222084760665894,1.2425447702407837,107.15499877929688,0.6430785655975342
2020-06-29,0.6861910820007324,1.3678300380706787,0.9476000070571899,1.1225864887237549,1.2342174053192139,107.21800231933594,0.6419391632080078
2020-06-30,0.6871907711029053,1.3656599521636963,0.9510499835014343,1.1247202157974243,1.2310571670532227,107.58999633789062,0.6427395939826965
2020-07-01,0.69020015001297,1.3574199676513672,0.9467999935150146,1.1235954761505127,1.2389271259307861,107.98899841308594,0.6451113224029541
2020-07-02,0.6913239359855652,1.3590999841690063,0.9457700252532959,1.1251378059387207,1.2464786767959595,107.36599731445312,0.6479201316833496
2020-07-03,0.6919199228286743,1.356969952583313,0.9455400109291077,1.1237848997116089,1.2466403245925903,107.49700164794922,0.65091872215271
2020-07-06,0.694840133190155,1.3549100160598755,0.9449700117111206,1.1247202157974243,1.247551679611206,107.5790023803711,0.6538383364677429
2020-07-07,0.6976999044418335,1.3538899421691895,0.9418200254440308,1.1312856674194336,1.249547004699707,107.35900115966797,0.6558882594108582
2020-07-08,0.6942322850227356,1.3603999614715576,0.942300021648407,1.1275228261947632,1.2542802095413208,107.5780029296875,0.6549388766288757
2020-07-09,0.6989096999168396,1.3517199754714966,0.9380999803543091,1.1339154243469238,1.2613521814346313,107.28299713134766,0.6574016809463501
2020-07-10,0.695894181728363,1.3580000400543213,0.9403700232505798,1.1287955045700073,1.2605094909667969,107.23600006103516,0.6569395661354065
2020-07-13,0.6950284838676453,1.3597999811172485,0.9405099749565125,1.1310042142868042,1.2627506256103516,106.91000366210938,0.6574997901916504
2020-07-14,0.6940106749534607,1.3610399961471558,0.9417600035667419,1.134549617767334,1.255177617073059,107.2760009765625,0.6538383364677429
2020-07-15,0.6988999247550964,1.3599400520324707,0.9394400119781494,1.1410704851150513,1.25692880153656,107.24500274658203,0.654360294342041
2020-07-16,0.7009181976318359,1.3506900072097778,0.9440100193023682,1.1417193412780762,1.2591001987457275,106.91699981689453,0.6573001742362976
2020-07-17,0.6978002190589905,1.3568899631500244,0.9453399777412415,1.139211654663086,1.2559500932693481,107.27799987792969,0.6542105078697205
2020-07-20,0.7004998922348022,1.3574800491333008,0.938319981098175,1.1442956924438477,1.2571184635162354,107.08999633789062,0.6562497615814209
2020-07-21,0.7025925517082214,1.352489948272705,0.9387999773025513,1.1458691358566284,1.266175389289856,107.19599914550781,0.6581414937973022
2020-07-22,0.7135599255561829,1.3447799682617188,0.9325299859046936,1.15340256690979,1.2730745077133179,106.83200073242188,0.6646903157234192
2020-07-23,0.7140816450119019,1.3417199850082397,0.9294000267982483,1.1568717956542969,1.2729934453964233,107.17500305175781,0.6657390594482422
2020-07-24,0.7100104689598083,1.3403799533843994,0.9252899885177612,1.1596084833145142,1.2730745077133179,106.83799743652344,0.663561224937439
2020-07-27,0.7098188996315002,1.3416800498962402,0.9208999872207642,1.1652567386627197,1.2795906066894531,105.99299621582031,0.6644695401191711
2020-07-28,0.7159000635147095,1.3338899612426758,0.91948002576828,1.1769275665283203,1.2889753580093384,105.26100158691406,0.6688382029533386
2020-07-29,0.71602463722229,1.3379600048065186,0.9178000092506409,1.171879529953003,1.292373776435852,105.10700225830078,0.6660600900650024
2020-07-30,0.7171697616577148,1.3342000246047974,0.9124199748039246,1.1782865524291992,1.298246145248413,105.03199768066406,0.6656593084335327
2020-07-31,0.7203676700592041,1.3412799835205078,0.9085000157356262,1.1872254610061646,1.311785101890564,104.68299865722656,0.6696891784667969
2020-08-03,0.7146890163421631,1.3397200107574463,0.9132000207901001,1.1782310009002686,1.3101695775985718,105.86599731445312,0.6637109518051147
2020-08-04,0.7117944359779358,1.339400053024292,0.9175999760627747,1.1763322353363037,1.3078734874725342,106.02999877929688,0.6615402102470398
2020-08-05,0.7177102565765381,1.3295799493789673,0.9125699996948242,1.181544303894043,1.3086093664169312,105.61399841308594,0.664548933506012
2020-08-06,0.7199097275733948,1.3264800310134888,0.9080299735069275,1.187281847000122,1.3126804828643799,105.5530014038086,0.664818525314331
2020-08-07,0.7230997681617737,1.3318400382995605,0.9099900126457214,1.1876484155654907,1.3138015270233154,105.58100128173828,0.6684491634368896
2020-08-10,0.7157120108604431,1.3386800289154053,0.9127349853515625,1.1782727241516113,1.3052273988723755,105.8499984741211,0.6601095795631409
2020-08-11,0.7158001661300659,1.3353999853134155,0.9154999852180481,1.1737778186798096,1.3077194690704346,105.99199676513672,0.6593479514122009
2020-08-12,0.7145199775695801,1.3310500383377075,0.9172000288963318,1.1736538410186768,1.3050740957260132,106.52100372314453,0.6569395661354065
2020-08-13,0.7164863348007202,1.3243600130081177,0.9118099808692932,1.179380178451538,1.3048017024993896,106.8219985961914,0.6576480865478516
2020-08-14,0.7148800492286682,1.3219599723815918,0.9096500277519226,1.1816558837890625,1.3070528507232666,106.98600006103516,0.6547288298606873
2020-08-17,0.7192589044570923,1.3252400159835815,0.9085000157356262,1.1852554082870483,1.3107001781463623,106.55400085449219,0.6543817520141602
2020-08-18,0.7218131422996521,1.3221800327301025,0.9061999917030334,1.1876484155654907,1.3107877969741821,105.99500274658203,0.6554712057113647
2020-08-19,0.7257947325706482,1.3152300119400024,0.9027400016784668,1.1947859525680542,1.325398564338684,105.2239990234375,0.6610389947891235
2020-08-20,0.7188039422035217,1.32122004032135,0.9146900177001953,1.1843500137329102,1.311079978942871,106.0790023803711,0.6561594009399414
2020-08-21,0.7206116914749146,1.3172399997711182,0.9067000150680542,1.1873664855957031,1.3220343589782715,105.66500091552734,0.6542105078697205
2020-08-24,0.7161374688148499,1.3179899454116821,0.9118000268936157,1.1798018217086792,1.3094146251678467,105.87699890136719,0.6538811326026917
2020-08-25,0.7168900370597839,1.3217600584030151,0.9118800163269043,1.1794538497924805,1.307138204574585,105.99299621582031,0.6529998183250427
2020-08-26,0.7199320793151855,1.3163000345230103,0.9079700112342834,1.183501958847046,1.3152183294296265,106.40499877929688,0.6552993655204773
2020-08-27,0.7245011925697327,1.3137999773025513,0.9073799848556519,1.1842728853225708,1.3219819068908691,105.85600280761719,0.6633411049842834
2020-08-28,0.7269898653030396,1.3121600151062012,0.9089999794960022,1.1819632053375244,1.3199577331542969,106.63700103759766,0.6645312905311584
2020-08-31,0.7373000383377075,1.3080300092697144,0.9035999774932861,1.1918240785598755,1.3356484174728394,105.53500366210938,0.6745316982269287
2020-09-01,0.738099992275238,1.3035000562667847,0.9039000272750854,1.193901538848877,1.3364516496658325,106.00399780273438,0.6732601523399353
2020-09-02,0.7378494143486023,1.305299997329712,0.9093700051307678,1.1923214197158813,1.339943766593933,105.89600372314453,0.6768602132797241
2020-09-03,0.7331109642982483,1.304460048675537,0.9111800193786621,1.184735894203186,1.335131287574768,106.20800018310547,0.6767502427101135
2020-09-04,0.725584089756012,1.3139699697494507,0.910040020942688,1.1839784383773804,1.3262248039245605,106.08599853515625,0.6689102053642273
2020-09-07,0.7282207608222961,1.307569980621338,0.913569986820221,1.183445930480957,1.3245735168457031,106.31099700927734,0.6712896227836609
2020-09-08,0.7280998229980469,1.3095799684524536,0.9163900017738342,1.1821727752685547,1.3162224292755127,106.30500030517578,0.6691021919250488
2020-09-09,0.7209399938583374,1.3239099979400635,0.9178000092506409,1.177024483680725,1.2968486547470093,105.96800231933594,0.6612619757652283
2020-09-10,0.727660059928894,1.315250039100647,0.9121400117874146,1.1806375980377197,1.2999167442321777,106.23100280761719,0.6682080030441284
2020-09-11,0.7262997627258301,1.3189500570297241,0.9102699756622314,1.1824384927749634,1.2808295488357544,106.14299774169922,0.6646991968154907
2020-09-14,0.728151798248291,1.318120002746582,0.9089199900627136,1.1842728853225708,1.2806557416915894,106.1449966430664,0.6685296297073364
2020-09-15,0.7286000847816467,1.3176699876785278,0.9083200097084045,1.187000036239624,1.2849671840667725,105.71499633789062,0.6699718832969666
2020-09-16,0.7296819686889648,1.3192800283432007,0.9085299968719482,1.1844412088394165,1.2884771823883057,105.38099670410156,0.6710913777351379
2020-09-17,0.7295500040054321,1.3181500434875488,0.9105799794197083,1.1803449392318726,1.2959998846054077,105.06199645996094,0.6721695065498352
2020-09-18,0.7313095927238464,1.315019965171814,0.9082900285720825,1.1848200559616089,1.2975554466247559,104.697998046875,0.6762696504592896
2020-09-21,0.729341447353363,1.3197200298309326,0.9111199975013733,1.1845533847808838,1.2932761907577515,104.53700256347656,0.6758995056152344
2020-09-22,0.7231180667877197,1.3300000429153442,0.9150609970092773,1.176800012588501,1.2820513248443604,104.69000244140625,0.6666000485420227
2020-09-23,0.717442512512207,1.329699993133545,0.9199000000953674,1.1708368062973022,1.2744048833847046,105.03399658203125,0.6632398962974548
2020-09-24,0.7069001197814941,1.3383500576019287,0.9239500164985657,1.1658544540405273,1.2717468738555908,105.30400085449219,0.6545187830924988
2020-09-25,0.7057162523269653,1.3351399898529053,0.9267399907112122,1.1673243045806885,1.2757054567337036,105.43499755859375,0.6549903750419617
2020-09-28,0.7041906118392944,1.33788001537323,0.9281100034713745,1.1635348796844482,1.2766826152801514,105.5739974975586,0.6551792025566101
2020-09-29,0.7095197439193726,1.3356800079345703,0.923740029335022,1.167883276939392,1.2873492240905762,105.43299865722656,0.6568015217781067
2020-09-30,0.714360237121582,1.338379979133606,0.919439971446991,1.1742050647735596,1.2866535186767578,105.66400146484375,0.6600921154022217
2020-10-01,0.716650664806366,1.330530047416687,0.9207000136375427,1.1726078987121582,1.2917560338974,105.45099639892578,0.6622779369354248
2020-10-02,0.7182875871658325,1.3284000158309937,0.9189800024032593,1.1744946241378784,1.2886265516281128,105.54299926757812,0.6651412844657898
2020-10-05,0.7177205085754395,1.3291000127792358,0.917900025844574,1.1720443964004517,1.2931090593338013,105.51000213623047,0.6639797687530518
2020-10-06,0.7193209528923035,1.325700044631958,0.9150500297546387,1.1792453527450562,1.2992581129074097,105.70700073242188,0.6653802394866943
2020-10-07,0.7110099792480469,1.332129955291748,0.917639970779419,1.1737639904022217,1.2883278131484985,105.63999938964844,0.6590003371238708
2020-10-08,0.713820219039917,1.3257800340652466,0.9167760014533997,1.176747441291809,1.2917560338974,105.96499633789062,0.6574103236198425
2020-10-09,0.7177998423576355,1.3192100524902344,0.916700005531311,1.1767003536224365,1.29404616355896,106.01799774169922,0.6589394807815552
2020-10-12,0.7224597930908203,1.312999963760376,0.9104499816894531,1.181683897972107,1.3031693696975708,105.63200378417969,0.6664400696754456
2020-10-13,0.721188485622406,1.3112499713897705,0.9090099930763245,1.1816140413284302,1.3065747022628784,105.33899688720703,0.6649290323257446
2020-10-14,0.7164401412010193,1.3141800165176392,0.9151800274848938,1.1742188930511475,1.2935272455215454,105.47000122070312,0.6655396819114685
2020-10-15,0.7141479849815369,1.3148599863052368,0.913320004940033,1.1743981838226318,1.3012362718582153,105.13899993896484,0.665619432926178
2020-10-16,0.7088397741317749,1.322510004043579,0.9143000245094299,1.1707134246826172,1.2902060747146606,105.36000061035156,0.6598917841911316
2020-10-19,0.7095997929573059,1.317929983139038,0.9151099920272827,1.1715501546859741,1.2927746772766113,105.427001953125,0.6617783308029175
2020-10-20,0.7056167125701904,1.318969964981079,0.9105700254440308,1.176885962486267,1.2948671579360962,105.47000122070312,0.6593087911605835
2020-10-21,0.7049998641014099,1.3120499849319458,0.9067000150680542,1.1829839944839478,1.2954038381576538,105.47699737548828,0.6580809354782104
2020-10-22,0.7105603218078613,1.3153200149536133,0.9057899713516235,1.1853959560394287,1.3131976127624512,104.6760025024414,0.6646196842193604
2020-10-23,0.7126100659370422,1.313670039176941,0.9075999855995178,1.1815024614334106,1.307805061340332,104.9209976196289,0.667159914970398
2020-10-26,0.7132006287574768,1.3147200345993042,0.9045600295066833,1.1848480701446533,1.3054660558700562,104.68299865722656,0.6684402823448181
2020-10-27,0.7117098569869995,1.3206100463867188,0.9078999757766724,1.1809443235397339,1.301574945449829,104.83200073242188,0.6678001284599304
2020-10-28,0.7123100757598877,1.3191800117492676,0.9088749885559082,1.1784114837646484,1.303186297416687,104.54499816894531,0.6700795888900757
2020-10-29,0.7055200934410095,1.3310500383377075,0.9105899930000305,1.1748672723770142,1.2989881038665771,104.31500244140625,0.6649687886238098
2020-10-30,0.7037599682807922,1.331529974937439,0.9153100252151489,1.1678695678710938,1.2931926250457764,104.55400085449219,0.6629716753959656
2020-11-02,0.7008199691772461,1.3367899656295776,0.9171599745750427,1.1642121076583862,1.2926744222640991,104.58000183105469,0.6598482728004456
2020-11-03,0.7053698301315308,1.3220499753952026,0.9187729954719543,1.1642799377441406,1.2923903465270996,104.7249984741211,0.6632398962974548
2020-11-04,0.7196833491325378,1.3102099895477295,0.9106400012969971,1.176221489906311,1.3121638298034668,104.5459976196289,0.6729022264480591
2020-11-05,0.7180498242378235,1.3126399517059326,0.9114000201225281,1.17326819896698,1.2966804504394531,104.43800354003906,0.6700077652931213
2020-11-06,0.7262701988220215,1.308210015296936,0.9041699767112732,1.1817537546157837,1.3139395713806152,103.60299682617188,0.6764892935752869
2020-11-09,0.7286717891693115,1.3022300004959106,0.8993200063705444,1.1893010139465332,1.318061351776123,103.25299835205078,0.6797495484352112
2020-11-10,0.7282000184059143,1.3007099628448486,0.9126899838447571,1.182732105255127,1.3169677257537842,105.13700103759766,0.6825193166732788
2020-11-11,0.7281697988510132,1.3030999898910522,0.9149799942970276,1.1818794012069702,1.3261544704437256,105.26000213623047,0.6828222870826721
2020-11-12,0.7284275889396667,1.3058199882507324,0.9165869951248169,1.1780297756195068,1.3224189281463623,105.41500091552734,0.6902502179145813
2020-11-13,0.7240185737609863,1.313599944114685,0.9148200154304504,1.1803393363952637,1.3121638298034668,105.08999633789062,0.6839009523391724
2020-11-16,0.729080855846405,1.3123600482940674,0.9120799899101257,1.1845253705978394,1.3220518827438354,104.6760025024414,0.6871482729911804
2020-11-17,0.7320997714996338,1.3075300455093384,0.9123700261116028,1.1859441995620728,1.322209119796753,104.54100036621094,0.690808117389679
2020-11-18,0.7296000123023987,1.3105000257492065,0.9110000133514404,1.186366319656372,1.3259083032608032,104.18099975585938,0.6893000602722168
2020-11-19,0.7301988005638123,1.308419942855835,0.9118599891662598,1.1847639083862305,1.325644612312317,103.89399719238281,0.6922091841697693
2020-11-20,0.7269100546836853,1.3085700273513794,0.9109429717063904,1.1866477727890015,1.3249244689941406,103.82499694824219,0.6906601786613464
2020-11-23,0.7317001819610596,1.3082200288772583,0.9105299711227417,1.1866477727890015,1.3305126428604126,103.81700134277344,0.6946905255317688
2020-11-24,0.7298204302787781,1.3074400424957275,0.9124400019645691,1.1842728853225708,1.332906723022461,104.5250015258789,0.6931111812591553
2020-11-25,0.7366699576377869,1.2996400594711304,0.9107999801635742,1.1900511980056763,1.3363267183303833,104.51300048828125,0.6979097723960876
2020-11-26,0.736485481262207,1.3001999855041504,0.9082199931144714,1.1920002698898315,1.3385447263717651,104.4000015258789,0.7004076242446899
2020-11-27,0.7357999682426453,1.3020399808883667,0.9064199924468994,1.191599726676941,1.3354523181915283,104.24199676513672,0.7003389596939087
2020-11-30,0.7400281429290771,1.298259973526001,0.904229998588562,1.1971460580825806,1.333191156387329,104.08200073242188,0.7035019993782043
2020-12-01,0.7356798052787781,1.2992000579833984,0.908270001411438,1.193816065788269,1.3336889743804932,104.29900360107422,0.7018824815750122
2020-12-02,0.7380890846252441,1.2933000326156616,0.8995100259780884,1.2074378728866577,1.3422638177871704,104.30899810791016,0.7069985866546631
2020-12-03,0.7418001294136047,1.2917200326919556,0.8946099877357483,1.2114603519439697,1.3370771408081055,104.45800018310547,0.7071500420570374
2020-12-04,0.7438998222351074,1.286460041999817,0.8907700181007385,1.2145650386810303,1.345496654510498,103.822998046875,0.7073386311531067
2020-12-07,0.7431573867797852,1.277959942817688,0.8917400240898132,1.212135910987854,1.3417415618896484,104.197998046875,0.7041400671005249
2020-12-08,0.7417599558830261,1.2802000045776367,0.8905689716339111,1.2113136053085327,1.3357375860214233,103.99800109863281,0.7040518522262573
2020-12-09,0.7410997152328491,1.2816200256347656,0.8885279893875122,1.2110936641693115,1.3365589380264282,104.13500213623047,0.7040716409683228
2020-12-10,0.7434999346733093,1.282439947128296,0.8893600106239319,1.207875370979309,1.3367018699645996,104.27200317382812,0.7016411423683167
2020-12-11,0.7524397969245911,1.2739200592041016,0.8858579993247986,1.2144293785095215,1.3305658102035522,104.18199920654297,0.70940101146698
2020-12-14,0.7551102638244629,1.2750600576400757,0.8885400295257568,1.213340401649475,1.3318239450454712,103.93900299072266,0.7098491191864014
2020-12-15,0.7539203763008118,1.2760299444198608,0.8865799903869629,1.214889645576477,1.3330844640731812,104.01000213623047,0.7085816264152527
2020-12-16,0.7555609345436096,1.2699600458145142,0.8854399919509888,1.2154301404953003,1.3444474935531616,103.63400268554688,0.7086820602416992
2020-12-17,0.7569999694824219,1.2747000455856323,0.8853899836540222,1.2199585437774658,1.3502929210662842,103.4749984741211,0.7110403180122375
2020-12-18,0.7615299224853516,1.2731000185012817,0.8847200274467468,1.226271629333496,1.3570178747177124,103.13099670410156,0.7147911787033081
2020-12-21,0.7587425708770752,1.281059980392456,0.8854799866676331,1.221612811088562,1.3401951789855957,103.45700073242188,0.7104896903038025
2020-12-22,0.7575200796127319,1.2853200435638428,0.8854799866676331,1.2236906290054321,1.3449536561965942,103.33999633789062,0.7096678018569946
2020-12-23,0.7551700472831726,1.289330005645752,0.8878600001335144,1.2186651229858398,1.339943766593933,103.53399658203125,0.7054275274276733
2020-12-24,0.7579599022865295,1.2845499515533447,0.8878999948501587,1.2191405296325684,1.3505300283432007,103.552001953125,0.709679901599884
2020-12-25,0.7606801390647888,1.2848199605941772,0.8909000158309937,1.2184720039367676,1.3552008867263794,103.65299987792969,0.713749885559082
2020-12-28,0.7611914277076721,1.283959984779358,0.8894299864768982,1.2205095291137695,1.3572388887405396,103.53299713134766,0.7115614414215088
2020-12-29,0.758892297744751,1.284000039100647,0.8883000016212463,1.2223445177078247,1.3466018438339233,103.68900299072266,0.7107997536659241
2020-12-30,0.7609898447990417,1.2822099924087524,0.8841000199317932,1.225295066833496,1.3499903678894043,103.55899810791016,0.7148601412773132
2020-12-31,0.7689290642738342,1.2750699520111084,0.8815799951553345,1.2299896478652954,1.36306631565094,103.12100219726562,0.7215397357940674
2021-01-01,0.7702973484992981,1.2349900007247925,0.8981000185012817,1.218026876449585,1.3673007488250732,103.22599792480469,0.7181999087333679
2021-01-04,0.7712300419807434,1.2722100019454956,0.8830999732017517,1.2250697612762451,1.3684196472167969,103.23899841308594,0.7198387980461121
2021-01-05,0.7670999765396118,1.2781000137329102,0.8812400102615356,1.2251598834991455,1.3571596145629883,103.125,0.7178286910057068
2021-01-06,0.7766000628471375,1.2674700021743774,0.8781800270080566,1.230027437210083,1.3629549741744995,102.6780014038086,0.7256894111633301
2021-01-07,0.781700074672699,1.2665400505065918,0.8780699968338013,1.2341108322143555,1.3625277280807495,103.02400207519531,0.7305775880813599
2021-01-08,0.7768999934196472,1.268380045890808,0.8851500153541565,1.227144479751587,1.3569625616073608,103.79000091552734,0.7265488505363464
2021-01-11,0.7716525793075562,1.2730799913406372,0.8876399993896484,1.2186205387115479,1.3516253232955933,104.09100341796875,0.7199320793151855
2021-01-12,0.7707497477531433,1.2771400213241577,0.8896200060844421,1.2160701751708984,1.3524113893508911,104.12799835205078,0.7174013257026672
2021-01-13,0.7776049971580505,1.2707699537277222,0.8859000205993652,1.2208894491195679,1.3670539855957031,103.75199890136719,0.7229298949241638
2021-01-14,0.774713397026062,1.2698099613189697,0.886900007724762,1.2162491083145142,1.364926815032959,103.83699798583984,0.7190313339233398
2021-01-15,0.777580201625824,1.2647700309753418,0.8882499933242798,1.2151259183883667,1.3683634996414185,103.8280029296875,0.7217714786529541
2021-01-18,0.7688876986503601,1.2764699459075928,0.8921800255775452,1.2068113088607788,1.357533574104309,103.90799713134766,0.7122507095336914
2021-01-19,0.7686986327171326,1.2747999429702759,0.8909000158309937,1.207729458808899,1.3581236600875854,103.7030029296875,0.7115817070007324
2021-01-20,0.7711800932884216,1.2722699642181396,0.8880000114440918,1.2138868570327759,1.3644241094589233,103.89700317382812,0.7128803133964539
2021-01-21,0.7755701541900635,1.2625999450683594,0.8892800211906433,1.2115631103515625,1.3668484687805176,103.55500030517578,0.7186385989189148
2021-01-22,0.7761022448539734,1.2646700143814087,0.8853600025177002,1.2166293859481812,1.3729474544525146,103.50599670410156,0.7216001749038696
2021-01-25,0.7715799808502197,1.2722899913787842,0.8853229880332947,1.216944694519043,1.3688204288482666,103.7770004272461,0.7183701395988464
2021-01-26,0.7718997597694397,1.2737499475479126,0.8880199790000916,1.214624047279358,1.3678992986679077,103.76000213623047,0.719990074634552
2021-01-27,0.7753139734268188,1.2693899869918823,0.8866999745368958,1.216299295425415,1.374154806137085,103.60299682617188,0.7236900925636292
2021-01-28,0.765099823474884,1.281599998474121,0.8888999819755554,1.2105072736740112,1.3669419288635254,104.14299774169922,0.7142704129219055
2021-01-29,0.7669699192047119,1.2830899953842163,0.888608992099762,1.2120037078857422,1.3725008964538574,104.29100036621094,0.717442512512207
2021-02-01,0.761997640132904,1.2802200317382812,0.8913599848747253,1.2123857736587524,1.3697690963745117,104.68599700927734,0.7163375020027161
2021-02-02,0.7634601593017578,1.284600019454956,0.8964800238609314,1.2068694829940796,1.3678767681121826,104.88099670410156,0.7165479063987732
2021-02-03,0.760820746421814,1.2785099744796753,0.8974999785423279,1.203905463218689,1.3659336566925049,105.02799987792969,0.7196678519248962
2021-02-04,0.7636000514030457,1.27839994430542,0.8983399868011475,1.2042388916015625,1.364908218383789,104.99500274658203,0.7219695448875427
2021-02-05,0.7603002190589905,1.282289981842041,0.9040300250053406,1.1966731548309326,1.3676148653030396,105.5719985961914,0.7160297632217407
2021-02-08,0.7679199576377869,1.2758400440216064,0.8989800214767456,1.2048773765563965,1.3738716840744019,105.4000015258789,0.7211625576019287
2021-02-09,0.7710998058319092,1.2737699747085571,0.8985990285873413,1.2053595781326294,1.374570369720459,105.20999908447266,0.7226702570915222
2021-02-10,0.7740501165390015,1.2697099447250366,0.8924000263214111,1.2119992971420288,1.3817994594573975,104.57499694824219,0.7243799567222595
2021-02-11,0.7725348472595215,1.2696000337600708,0.8902459740638733,1.2121212482452393,1.3832597732543945,104.61499786376953,0.7218199968338013
2021-02-12,0.7753999829292297,1.2700599431991577,0.8901200294494629,1.2131506204605103,1.381024718284607,104.74099731445312,0.7231180667877197
2021-02-15,0.7764095664024353,1.2687900066375732,0.8917589783668518,1.2122093439102173,1.3871549367904663,105.05899810791016,0.7219487428665161
2021-02-16,0.7786197066307068,1.2635600566864014,0.8898339867591858,1.2132196426391602,1.3914785385131836,105.38700103759766,0.723358690738678
2021-02-17,0.773790180683136,1.270900011062622,0.8932179808616638,1.2092483043670654,1.388811707496643,106.10299682617188,0.718989908695221
2021-02-18,0.7758697867393494,1.2699899673461914,0.8984299898147583,1.2048004865646362,1.3866355419158936,105.86100006103516,0.719398558139801
2021-02-19,0.7767997980117798,1.268090009689331,0.8958100080490112,1.209189772605896,1.3967455625534058,105.6520004272461,0.721870481967926
2021-02-22,0.7888488173484802,1.2598700523376465,0.8966900110244751,1.2126356363296509,1.403114914894104,105.51399993896484,0.7312721014022827
2021-02-23,0.7915400266647339,1.2609000205993652,0.8956900238990784,1.2166796922683716,1.4071228504180908,104.98400115966797,0.7329819798469543
2021-02-24,0.7908827066421509,1.2592600584030151,0.9050999879837036,1.215214490890503,1.412030577659607,105.28299713134766,0.7338700890541077
2021-02-25,0.7977026104927063,1.2510000467300415,0.9065999984741211,1.2171372175216675,1.4148274660110474,105.94400024414062,0.7445295453071594
2021-02-26,0.7870000004768372,1.260990023612976,0.9055699706077576,1.2160420417785645,1.4008152484893799,106.37899780273438,0.7365506291389465
2021-03-01,0.7752419114112854,1.2696000337600708,0.9074000120162964,1.208956003189087,1.3972529172897339,106.50299835205078,0.7271193265914917
2021-03-02,0.7772001028060913,1.2641500234603882,0.914900004863739,1.2051095962524414,1.3929517269134521,106.85099792480469,0.7274197936058044
2021-03-03,0.7825197577476501,1.2635600566864014,0.9150000214576721,1.208546757698059,1.3954981565475464,106.75800323486328,0.7292988300323486
2021-03-04,0.7758102416992188,1.2670700550079346,0.919700026512146,1.2050660848617554,1.3926994800567627,107.05799865722656,0.7231912612915039
2021-03-05,0.7715603113174438,1.2677899599075317,0.9292799830436707,1.1967735290527344,1.3894098997116089,107.95500183105469,0.7178286910057068
2021-03-08,0.7709101438522339,1.2631900310516357,0.9301999807357788,1.1925631761550903,1.385367751121521,108.41899871826172,0.7178596258163452
2021-03-09,0.7656674981117249,1.2657899856567383,0.9358000159263611,1.185171127319336,1.3823610544204712,108.93900299072266,0.7132616639137268
2021-03-10,0.7717835903167725,1.2643100023269653,0.9281399846076965,1.1897906064987183,1.3890432119369507,108.5770034790039,0.7179575562477112
2021-03-11,0.773200273513794,1.2620099782943726,0.9297000169754028,1.1926058530807495,1.3931456804275513,108.43199920654297,0.7192174792289734
2021-03-12,0.7787615656852722,1.2531399726867676,0.9246600270271301,1.1986095905303955,1.3989927768707275,108.55500030517578,0.7227522134780884
2021-03-15,0.7762998938560486,1.2469300031661987,0.929265022277832,1.1950000524520874,1.3929517269134521,109.11699676513672,0.7187315821647644
2021-03-16,0.7750135660171509,1.2475500106811523,0.9276000261306763,1.1925773620605469,1.3899120092391968,109.13400268554688,0.720352053642273
2021-03-17,0.77455735206604,1.2442699670791626,0.9247999787330627,1.190164566040039,1.3902212381362915,109.02899932861328,0.7193002700805664
2021-03-18,0.7813000679016113,1.2389999628067017,0.9222400188446045,1.1982792615890503,1.3975849151611328,108.89099884033203,0.7251210808753967
2021-03-19,0.7753699421882629,1.2490899562835693,0.9273200035095215,1.1918240785598755,1.3925055265426636,108.93099975585938,0.7168099284172058
2021-03-22,0.7722502946853638,1.2522900104522705,0.9300400018692017,1.1883116960525513,1.3832597732543945,108.87100219726562,0.7152001261711121
2021-03-23,0.7745501399040222,1.252079963684082,0.9232000112533569,1.193303108215332,1.3862512111663818,108.7760009765625,0.7133176326751709
2021-03-24,0.7604701519012451,1.2590099573135376,0.9345200061798096,1.1840205192565918,1.3730417490005493,108.5199966430664,0.6990220546722412
2021-03-25,0.7591003179550171,1.2576700448989868,0.9359899759292603,1.1813069581985474,1.3688879013061523,108.79000091552734,0.6969515085220337
2021-03-26,0.7594000697135925,1.2601799964904785,0.9395099878311157,1.1776621341705322,1.374910593032837,109.17900085449219,0.6967815160751343
2021-03-29,0.7637377381324768,1.2584199905395508,0.93954998254776,1.1788004636764526,1.3791011571884155,109.79100036621094,0.6994082927703857
2021-03-30,0.7641170620918274,1.2590399980545044,0.9388999938964844,1.177100658416748,1.3775053024291992,109.83599853515625,0.7009722590446472
2021-03-31,0.7608798146247864,1.2620799541473389,0.9416900277137756,1.1723604202270508,1.3746649026870728,110.30500030517578,0.6992420554161072
2021-04-01,0.7594098448753357,1.2564300298690796,0.9438999891281128,1.1728830337524414,1.3786258697509766,110.75,0.6983581781387329
2021-04-02,0.7619001269340515,1.2546000480651855,0.942110002040863,1.177994966506958,1.383508563041687,110.61299896240234,0.7024997472763062
2021-04-05,0.7620998620986938,1.2563999891281128,0.9419999718666077,1.176816701889038,1.383125901222229,110.677001953125,0.7031112313270569
2021-04-06,0.7658727169036865,1.252020001411438,0.9360399842262268,1.1818934679031372,1.3914011716842651,110.19300079345703,0.7066688537597656
2021-04-07,0.7666947841644287,1.257140040397644,0.9314000010490417,1.1874228715896606,1.383125901222229,109.79299926757812,0.7063693404197693
2021-04-08,0.7613884806632996,1.2612700462341309,0.9293000102043152,1.1873664855957031,1.3743815422058105,109.85199737548828,0.7013409733772278
2021-04-09,0.7659003138542175,1.2562199831008911,0.9241600036621094,1.1915684938430786,1.373437762260437,109.33000183105469,0.7061498761177063
2021-04-12,0.7626002430915833,1.2530800104141235,0.9252899885177612,1.1900511980056763,1.3712154626846313,109.69400024414062,0.703982412815094
2021-04-13,0.7627707123756409,1.2559000253677368,0.9221000075340271,1.1914690732955933,1.3753834962844849,109.3740005493164,0.7032397985458374
2021-04-14,0.7647499442100525,1.2537100315093994,0.9200999736785889,1.1954143047332764,1.3759700059890747,108.92400360107422,0.706119954586029
2021-04-15,0.772509753704071,1.2517000436782837,0.9226999878883362,1.1986095905303955,1.3779228925704956,108.89399719238281,0.7140001058578491
2021-04-16,0.7751697301864624,1.2543699741363525,0.9218930006027222,1.1971746683120728,1.3785498142242432,108.68900299072266,0.7175711989402771
2021-04-19,0.7714025974273682,1.2517600059509277,0.9205499887466431,1.1969454288482666,1.3818453550338745,108.71900177001953,0.7127177715301514
2021-04-20,0.7767002582550049,1.2521699666976929,0.9146999716758728,1.204529047012329,1.3993842601776123,108.0979995727539,0.7190881967544556
2021-04-21,0.7723796963691711,1.2611500024795532,0.9158999919891357,1.2032392024993896,1.3938837051391602,108.13300323486328,0.7165479063987732
2021-04-22,0.7754402756690979,1.2503700256347656,0.9167299866676331,1.2037750482559204,1.3931845426559448,108.03900146484375,0.7204403877258301
2021-04-23,0.7705348134040833,1.250290036201477,0.9170399904251099,1.2014753818511963,1.3840255737304688,107.97799682617188,0.7154299020767212
2021-04-26,0.7743114233016968,1.2487599849700928,0.91389000415802,1.2089852094650269,1.3866355419158936,107.8740005493164,0.7191709280014038
2021-04-27,0.7799704074859619,1.2395999431610107,0.9146400094032288,1.2081671953201294,1.3895643949508667,108.2020034790039,0.7230082750320435
2021-04-28,0.7770001888275146,1.2406200170516968,0.9140400290489197,1.2090305089950562,1.390356421470642,108.75,0.7204195857048035
2021-04-29,0.7801297307014465,1.2302900552749634,0.9086999893188477,1.213592290878296,1.395673394203186,108.50499725341797,0.727300226688385
2021-04-30,0.777762234210968,1.227620005607605,0.9089999794960022,1.2127091884613037,1.3952839374542236,108.90399932861328,0.7247374653816223
2021-05-03,0.7722997665405273,1.227910041809082,0.9128999710083008,1.2027760744094849,1.3819791078567505,109.28299713134766,0.7169898152351379
2021-05-04,0.7758914828300476,1.2280100584030151,0.9115399718284607,1.2061271667480469,1.3903758525848389,109.08699798583984,0.7198076248168945
2021-05-05,0.7713799476623535,1.2300200462341309,0.9133999943733215,1.2015043497085571,1.388811707496643,109.3290023803711,0.7162697911262512
2021-05-06,0.7751199007034302,1.2267099618911743,0.9131100177764893,1.2007973194122314,1.3909753561019897,109.21900177001953,0.7219278216362
2021-05-07,0.7787312865257263,1.215399980545044,0.9075899720191956,1.2068549394607544,1.389854073524475,109.05000305175781,0.7232906818389893
2021-05-10,0.7858793139457703,1.211400032043457,0.9004499912261963,1.2171076536178589,1.4041197299957275,108.5719985961914,0.7296074628829956
2021-05-11,0.7838999032974243,1.2093700170516968,0.90038001537323,1.2140932083129883,1.4131278991699219,108.84400177001953,0.7271299362182617
2021-05-12,0.7838096022605896,1.2096400260925293,0.9038400053977966,1.2144500017166138,1.4138271808624268,108.71499633789062,0.7262691855430603
2021-05-13,0.7732301950454712,1.2120599746704102,0.9085999727249146,1.2078505754470825,1.4063708782196045,109.66400146484375,0.7164093852043152
2021-05-14,0.7726202011108398,1.2168300151824951,0.9059399962425232,1.207729458808899,1.4050863981246948,109.51599884033203,0.7182979583740234
2021-05-17,0.7778711318969727,1.2110999822616577,0.901199996471405,1.2150373458862305,1.4101786613464355,109.41200256347656,0.7243909239768982
2021-05-18,0.7773698568344116,1.2061500549316406,0.9033300280570984,1.2156872749328613,1.4148674011230469,109.24199676513672,0.7219122052192688
2021-05-19,0.7789981961250305,1.2072700262069702,0.8974300026893616,1.2223997116088867,1.41880202293396,108.86799621582031,0.7237984538078308
2021-05-20,0.772030234336853,1.213230013847351,0.9040799736976624,1.217285394668579,1.4106162786483765,109.27300262451172,0.7163118720054626
2021-05-21,0.7770001888275146,1.2062499523162842,0.8973000049591064,1.222538709640503,1.4185603857040405,108.86000061035156,0.7196574807167053
2021-05-24,0.7730000615119934,1.2066999673843384,0.8974000215530396,1.2183235883712769,1.4142870903015137,108.91899871826172,0.7173189520835876
2021-05-25,0.7750802040100098,1.2049800157546997,0.8970000147819519,1.2214635610580444,1.415608525276184,108.85099792480469,0.7214798927307129
2021-05-26,0.7753139734268188,1.2064000368118286,0.8956000208854675,1.2249093055725098,1.4143872261047363,108.802001953125,0.7224389910697937
2021-05-27,0.7739902138710022,1.2130099534988403,0.8977299928665161,1.21925950050354,1.4116119146347046,109.16999816894531,0.7278285026550293
2021-05-28,0.774250328540802,1.2070200443267822,0.8970500230789185,1.2193188667297363,1.4203739166259766,109.80899810791016,0.7284275889396667
2021-05-31,0.7710099816322327,1.2077800035476685,0.9001100063323975,1.2190067768096924,1.4180374145507812,109.90699768066406,0.7242912650108337
2021-06-01,0.7743498086929321,1.2060699462890625,0.8984000086784363,1.223286509513855,1.4226775169372559,109.49299621582031,0.7277278900146484
2021-06-02,0.7755900025367737,1.2069000005722046,0.8969799876213074,1.2217769622802734,1.4157087802886963,109.49299621582031,0.7253314852714539
2021-06-03,0.7744301557540894,1.2037999629974365,0.8981999754905701,1.220986247062683,1.4171934127807617,109.59500122070312,0.7233482599258423
2021-06-04,0.7665772438049316,1.2107000350952148,0.9035000205039978,1.2133007049560547,1.4109944105148315,110.26599884033203,0.7148601412773132
2021-06-07,0.7744001746177673,1.2075799703598022,0.8991000056266785,1.2168411016464233,1.4164307117462158,109.61699676513672,0.7209701538085938
2021-06-08,0.7756296992301941,1.2086700201034546,0.8974999785423279,1.2193634510040283,1.41765558719635,109.27400207519531,0.7225485444068909
2021-06-09,0.7736998200416565,1.2111400365829468,0.8967999815940857,1.217285394668579,1.414987564086914,109.46900177001953,0.7190313339233398
2021-06-10,0.7729498147964478,1.211459994316101,0.8956000208854675,1.218200445175171,1.4112334251403809,109.61000061035156,0.7171800136566162
2021-06-11,0.7747998237609863,1.2093000411987305,0.8946499824523926,1.2172558307647705,1.4170126914978027,109.40899658203125,0.7189486026763916
2021-06-14,0.7708911895751953,1.2158000469207764,0.897711992263794,1.2110203504562378,1.411930799484253,109.70899963378906,0.7138981223106384
2021-06-15,0.7712002992630005,1.2141000032424927,0.8991000056266785,1.212224006652832,1.4109944105148315,110.04100036621094,0.7143775820732117
2021-06-16,0.7686217427253723,1.218559980392456,0.8985000252723694,1.2127091884613037,1.4081531763076782,110.08399963378906,0.7122507095336914
2021-06-17,0.7616726756095886,1.2278000116348267,0.9085299968719482,1.1995586156845093,1.3990709781646729,110.7699966430664,0.7071185111999512
2021-06-18,0.7556899189949036,1.2345199584960938,0.9176499843597412,1.1913414001464844,1.3938642740249634,110.32499694824219,0.7015377879142761
2021-06-21,0.7503997683525085,1.2449899911880493,0.9224900007247925,1.1873664855957031,1.381711721420288,110.20099639892578,0.6949077248573303
2021-06-22,0.7534897923469543,1.2369999885559082,0.9186499714851379,1.1912561655044556,1.392540454864502,110.3740005493164,0.6986313462257385
2021-06-23,0.7554810047149658,1.2309999465942383,0.9185900092124939,1.1936734914779663,1.3949919939041138,110.65399932861328,0.7017987370491028
2021-06-24,0.7574437856674194,1.230329990386963,0.9181100130081177,1.1933174133300781,1.3967455625534058,111.01200103759766,0.7045577764511108
2021-06-25,0.7582076191902161,1.2322299480438232,0.9181299805641174,1.1930327415466309,1.3916915655136108,110.9209976196289,0.7063194513320923
2021-06-28,0.7594998478889465,1.2291899919509888,0.9166899919509888,1.1942152976989746,1.389506459236145,110.8219985961914,0.70689857006073
2021-06-29,0.756840169429779,1.2333999872207642,0.9196100234985352,1.1928904056549072,1.3879058361053467,110.60299682617188,0.7048904895782471
2021-06-30,0.7513599991798401,1.2396199703216553,0.9208999872207642,1.1901928186416626,1.3842746019363403,110.53500366210938,0.6989800930023193
2021-07-01,0.7497701644897461,1.2392699718475342,0.9249500036239624,1.1856770515441895,1.3829153776168823,111.1240005493164,0.6996676325798035
2021-07-02,0.7465806603431702,1.244070053100586,0.9258999824523926,1.1846235990524292,1.3759511709213257,111.5719985961914,0.6963691115379333
2021-07-05,0.7518599033355713,1.2330000400543213,0.9215999841690063,1.1856207847595215,1.383125901222229,111.13500213623047,0.7025876045227051
2021-07-06,0.7543002963066101,1.233989953994751,0.9221000075340271,1.186380386352539,1.3856172561645508,110.91600036621094,0.7052086591720581
2021-07-07,0.7494998574256897,1.2458100318908691,0.9246699810028076,1.1824523210525513,1.3805670738220215,110.60199737548828,0.7017691731452942
2021-07-08,0.7484413981437683,1.248170018196106,0.9254000186920166,1.17933988571167,1.3801099061965942,110.63500213623047,0.7013409733772278
2021-07-09,0.7433286309242249,1.2527999877929688,0.9147400259971619,1.184800386428833,1.3790820837020874,109.8010025024414,0.6949077248573303
2021-07-12,0.749007523059845,1.2446999549865723,0.9140400290489197,1.187295913696289,1.3899506330490112,110.21499633789062,0.7006186246871948
2021-07-13,0.7480998039245605,1.245519995689392,0.9150199890136719,1.186521053314209,1.3886960744857788,110.32499694824219,0.6986606121063232
2021-07-14,0.7441999316215515,1.2520999908447266,0.9187999963760376,1.1775373220443726,1.3806052207946777,110.59500122070312,0.6944106817245483
2021-07-15,0.7480382323265076,1.2515499591827393,0.9146900177001953,1.1833338737487793,1.385809302330017,109.98400115966797,0.7038784027099609
2021-07-16,0.7423000931739807,1.2589000463485718,0.9178000092506409,1.1811814308166504,1.3829728364944458,109.77799987792969,0.7011492252349854
2021-07-19,0.7390999794006348,1.2616900205612183,0.9185299873352051,1.1814005374908447,1.3763866424560547,109.8740005493164,0.6994816660881042
2021-07-20,0.7339202165603638,1.2746000289916992,0.9185000061988831,1.1793843507766724,1.3669979572296143,109.53399658203125,0.693600058555603
2021-07-21,0.7338911294937134,1.2675100564956665,0.9212300181388855,1.1784114837646484,1.3633265495300293,109.91999816894531,0.6923816800117493
2021-07-22,0.7352616786956787,1.256890058517456,0.9175699949264526,1.179273009300232,1.3714035749435425,110.25499725341797,0.696097731590271
2021-07-23,0.7380498647689819,1.2563999891281128,0.9191200137138367,1.1772738695144653,1.377389669418335,110.13999938964844,0.69810950756073
2021-07-26,0.7368219494819641,1.2567499876022339,0.9195299744606018,1.1773432493209839,1.3757808208465576,110.54399871826172,0.6983678936958313
2021-07-27,0.738825261592865,1.253999948501587,0.9154599905014038,1.1807769536972046,1.3829153776168823,110.302001953125,0.7004797458648682
2021-07-28,0.7366374135017395,1.259119987487793,0.9143999814987183,1.1823126077651978,1.3882719278335571,109.80599975585938,0.6963497400283813
2021-07-29,0.7377101182937622,1.2519700527191162,0.909500002861023,1.1845955848693848,1.3906852006912231,109.89099884033203,0.6960588693618774
2021-07-30,0.739609956741333,1.2449300289154053,0.9057199954986572,1.1892997026443481,1.3964334726333618,109.40899658203125,0.7011098861694336
2021-08-02,0.7342305779457092,1.2466700077056885,0.9059100151062012,1.186704158782959,1.3896223306655884,109.70600128173828,0.6974901556968689
2021-08-03,0.7360599637031555,1.2501100301742554,0.905269980430603,1.1874650716781616,1.3892748355865479,109.26899719238281,0.6987192630767822
2021-08-04,0.7396799921989441,1.2533299922943115,0.9038199782371521,1.1869436502456665,1.391788363456726,108.99099731445312,0.7045776844024658
2021-08-05,0.7382999658584595,1.2545000314712524,0.9064000248908997,1.1837401390075684,1.3890432119369507,109.52899932861328,0.7044088840484619
2021-08-06,0.7402998805046082,1.2501300573349,0.906499981880188,1.1835720539093018,1.3927576541900635,109.75199890136719,0.7048507928848267
2021-08-09,0.7337833642959595,1.2570899724960327,0.9156000018119812,1.1749500036239624,1.3868471384048462,110.25900268554688,0.6993300318717957
2021-08-10,0.733100175857544,1.2573800086975098,0.9205999970436096,1.17384672164917,1.3849073648452759,110.30599975585938,0.6991980075836182
2021-08-11,0.7343798875808716,1.2518999576568604,0.9229599833488464,1.172333002090454,1.3836042881011963,110.5979995727539,0.7006480693817139
2021-08-12,0.7374087572097778,1.2506799697875977,0.921459972858429,1.1741899251937866,1.3866932392120361,110.3740005493164,0.7041807174682617
2021-08-13,0.734149694442749,1.2519999742507935,0.9230599999427795,1.173626184463501,1.3811582326889038,110.40299987792969,0.7005204558372498
2021-08-16,0.736572265625,1.2516000270843506,0.9154000282287598,1.179467797279358,1.3863856792449951,109.6240005493164,0.703982412815094
2021-08-17,0.7341066002845764,1.2569600343704224,0.9125000238418579,1.177994966506958,1.3842746019363403,109.2969970703125,0.7028493285179138
2021-08-18,0.7255598902702332,1.2626500129699707,0.9147499799728394,1.1709738969802856,1.3740416765213013,109.53700256347656,0.6927894949913025
2021-08-19,0.7230997681617737,1.2663099765777588,0.9175599813461304,1.1703298091888428,1.3743815422058105,109.84200286865234,0.6874505877494812
2021-08-20,0.714620053768158,1.2831300497055054,0.9189199805259705,1.1676595211029053,1.3630849123001099,109.76799774169922,0.6820305585861206
2021-08-23,0.7139797210693359,1.2826000452041626,0.9171199798583984,1.1697548627853394,1.3625277280807495,109.83999633789062,0.6830880641937256
2021-08-24,0.7209597229957581,1.2651000022888184,0.9122999906539917,1.1744533777236938,1.37247633934021,109.6780014038086,0.6894079446792603
2021-08-25,0.724879801273346,1.259600043296814,0.913100004196167,1.175309181213379,1.3725517988204956,109.7300033569336,0.6938084959983826
2021-08-26,0.727660059928894,1.258870005607605,0.913640022277832,1.1774401664733887,1.3766520023345947,109.97599792480469,0.6972820162773132
2021-08-27,0.7238398790359497,1.268489956855774,0.9179400205612183,1.1756407022476196,1.3702384233474731,110.0479965209961,0.694531261920929
2021-08-30,0.731598436832428,1.2611000537872314,0.9111999869346619,1.1799006462097168,1.3762996196746826,109.86499786376953,0.7012377381324768
2021-08-31,0.7291233539581299,1.260890007019043,0.9171800017356873,1.1796904802322388,1.376045823097229,109.94400024414062,0.6998194456100464
2021-09-01,0.7317901849746704,1.2616100311279297,0.9153000116348267,1.1810280084609985,1.3753398656845093,110.05599975585938,0.7051689028739929
2021-09-02,0.7368001937866211,1.2621699571609497,0.9155169725418091,1.1840906143188477,1.3771638870239258,110.09600067138672,0.7065889835357666
2021-09-03,0.7399300932884216,1.25518000125885,0.9144899845123291,1.1876484155654907,1.383680820465088,109.94499969482422,0.7110706567764282
2021-09-06,0.7445018887519836,1.2530299425125122,0.9138399958610535,1.1885942220687866,1.3859245777130127,109.76399993896484,0.7151899337768555
2021-09-07,0.7436713576316833,1.2534300088882446,0.9148799777030945,1.1875073909759521,1.3839489221572876,109.81999969482422,0.7136587500572205
2021-09-08,0.7386598587036133,1.264639973640442,0.9194499850273132,1.184356927871704,1.3779798746109009,110.2959976196289,0.7097585201263428
2021-09-09,0.7363770008087158,1.2694000005722046,0.9218400120735168,1.1819101572036743,1.3767657279968262,110.21800231933594,0.7098290324211121
2021-09-10,0.7370826601982117,1.266260027885437,0.9165099859237671,1.1825922727584839,1.3839681148529053,109.78099822998047,0.7105098962783813
2021-09-13,0.7368110418319702,1.2679500579833984,0.9181399941444397,1.1811953783035278,1.3840830326080322,109.91500091552734,0.711657702922821
2021-09-14,0.7365902066230774,1.264799952507019,0.921999990940094,1.1811953783035278,1.3838149309158325,109.99400329589844,0.7114601731300354
2021-09-15,0.7317097783088684,1.2690000534057617,0.9200800061225891,1.1804981231689453,1.381024718284607,109.71900177001953,0.7095721364021301
2021-09-16,0.7341200709342957,1.2618099451065063,0.9197099804878235,1.1819995641708374,1.3848881721496582,109.38300323486328,0.7132006287574768
2021-09-17,0.7291499972343445,1.268149971961975,0.9273599982261658,1.176747441291809,1.3797005414962769,109.6989974975586,0.7070900201797485
2021-09-20,0.7264010310173035,1.2763999700546265,0.9320399761199951,1.1729930639266968,1.3729662895202637,109.97100067138672,0.7033585906028748
2021-09-21,0.7259702086448669,1.2802400588989258,0.9276700019836426,1.1730204820632935,1.366269588470459,109.43699645996094,0.7017691731452942
2021-09-22,0.7227997779846191,1.282080054283142,0.9235000014305115,1.17229163646698,1.3657469749450684,109.14900207519531,0.6997313499450684
2021-09-23,0.7233999967575073,1.2785899639129639,0.9262999892234802,1.168770432472229,1.3617113828659058,109.8219985961914,0.6991002559661865
2021-09-24,0.7299802899360657,1.2661999464035034,0.9244999885559082,1.1740258932113647,1.3722503185272217,110.32599639892578,0.7065390348434448
2021-09-27,0.7266121506690979,1.2649400234222412,0.9244700074195862,1.1723054647445679,1.3669044971466064,110.76399993896484,0.7016608715057373
2021-09-28,0.7280601263046265,1.262619972229004,0.9255890250205994,1.1696795225143433,1.3701633214950562,110.96399688720703,0.700790524482727
2021-09-29,0.7244277596473694,1.267699956893921,0.9291599988937378,1.1686338186264038,1.354224443435669,111.52799987792969,0.6960008144378662
2021-09-30,0.7179998159408569,1.27538001537323,0.934249997138977,1.1601601839065552,1.3426424264907837,111.93599700927734,0.6872379779815674
2021-10-01,0.7231180667877197,1.268399953842163,0.932479977607727,1.1574475765228271,1.346982717514038,111.46099853515625,0.6896799206733704
2021-10-04,0.7275214195251465,1.2625000476837158,0.9295700192451477,1.160725712776184,1.3570915460586548,110.9469985961914,0.6941889524459839
2021-10-05,0.7289697527885437,1.2589800357818604,0.9249600172042847,1.1618449687957764,1.3607479333877563,110.96800231933594,0.6961801052093506
2021-10-06,0.7290754914283752,1.258270025253296,0.9283999800682068,1.1596084833145142,1.3627691268920898,111.48699951171875,0.6956700682640076
2021-10-07,0.728141188621521,1.258620023727417,0.9276999831199646,1.1555349826812744,1.3592127561569214,111.41300201416016,0.6915820240974426
2021-10-08,0.7316797971725464,1.254699945449829,0.9283999800682068,1.1559758186340332,1.3620266914367676,111.66200256347656,0.6938180923461914
2021-10-11,0.729490339756012,1.2484099864959717,0.9278500080108643,1.1566041707992554,1.361655831336975,112.2699966430664,0.6921613216400146
2021-10-12,0.7348402738571167,1.248039960861206,0.9275500178337097,1.1553747653961182,1.3590649366378784,113.38800048828125,0.6943287253379822
2021-10-13,0.7335088849067688,1.2476099729537964,0.9304599761962891,1.15340256690979,1.3578838109970093,113.51899719238281,0.6925591230392456
2021-10-14,0.7386069893836975,1.2436800003051758,0.923799991607666,1.1599582433700562,1.366923213005066,113.3010025024414,0.6972284913063049
2021-10-15,0.741379976272583,1.2374600172042847,0.9243699908256531,1.159151554107666,1.3668859004974365,113.83399963378906,0.7035713195800781
2021-10-18,0.7424786686897278,1.2373700141906738,0.9235299825668335,1.1597026586532593,1.376159429550171,114.3239974975586,0.7084611654281616
2021-10-19,0.7417000532150269,1.237220048904419,0.9232779741287231,1.161386251449585,1.373645305633545,114.28500366210938,0.7091901898384094
2021-10-20,0.7477194666862488,1.2353999614715576,0.9229999780654907,1.1631964445114136,1.3793197870254517,114.54299926757812,0.7155686020851135
2021-10-21,0.7515299320220947,1.2324399948120117,0.9187999963760376,1.1655012369155884,1.3822999000549316,114.38899993896484,0.71986985206604
2021-10-22,0.7463700175285339,1.237030029296875,0.9181100130081177,1.1625338792800903,1.379120111465454,113.8499984741211,0.7155993580818176
2021-10-25,0.7469096779823303,1.237130045890808,0.9165530204772949,1.1640088558197021,1.3762730360031128,113.66400146484375,0.7150722742080688
2021-10-26,0.7491798400878906,1.2379000186920166,0.9198899865150452,1.161170482635498,1.37644362449646,113.76499938964844,0.7166198492050171
2021-10-27,0.7512978315353394,1.2391400337219238,0.9196000099182129,1.1598236560821533,1.3766140937805176,114.18800354003906,0.7168099284172058
2021-10-28,0.7500750422477722,1.2369699478149414,0.9179999828338623,1.1600120067596436,1.3732868432998657,113.7760009765625,0.7163888216018677
2021-10-29,0.7531600594520569,1.2346099615097046,0.9115399718284607,1.1683608293533325,1.380071759223938,113.61599731445312,0.7195124626159668
2021-11-01,0.7518287897109985,1.2382899522781372,0.9161400198936462,1.1556684970855713,1.36832594871521,114.23600006103516,0.7176483869552612
2021-11-02,0.7520498633384705,1.2373900413513184,0.9093400239944458,1.1599582433700562,1.365541934967041,114.09400177001953,0.7179214954376221
2021-11-03,0.7438998222351074,1.2408000230789185,0.9146000146865845,1.1579434871673584,1.3617392778396606,113.96199798583984,0.7125806212425232
2021-11-04,0.746900200843811,1.237779974937439,0.9113100171089172,1.1615750789642334,1.3694878816604614,114.06999969482422,0.7176278233528137
2021-11-05,0.740932822227478,1.2451000213623047,0.9126799702644348,1.1555349826812744,1.3508602380752563,113.83699798583984,0.7109695672988892
2021-11-08,0.7395902872085571,1.2450799942016602,0.9119700193405151,1.1568851470947266,1.349127173423767,113.4749984741211,0.7109189629554749
2021-11-09,0.7414799928665161,1.2442200183868408,0.9132800102233887,1.159151554107666,1.3564507961273193,113.25399780273438,0.7162498235702515
2021-11-10,0.7376197576522827,1.2436000108718872,0.9107000231742859,1.1595547199249268,1.3560001850128174,112.91200256347656,0.712520182132721
2021-11-11,0.7334120869636536,1.2486499547958374,0.9178199768066406,1.148593544960022,1.3412736654281616,113.90499877929688,0.7066788077354431
2021-11-12,0.7291999459266663,1.2588499784469604,0.921209990978241,1.145081877708435,1.3366482257843018,114.04299926757812,0.7024001479148865
2021-11-15,0.7332506775856018,1.2545299530029297,0.9211000204086304,1.144164800643921,1.341705560684204,113.98100280761719,0.7043195366859436
2021-11-16,0.734489917755127,1.2513999938964844,0.92535001039505,1.1366478204727173,1.3408420085906982,114.13200378417969,0.704170823097229
2021-11-17,0.7301614880561829,1.2565699815750122,0.9303100109100342,1.1321182250976562,1.3424620628356934,114.90399932861328,0.6991999745368958
2021-11-18,0.7268604040145874,1.2611199617385864,0.9285299777984619,1.1321182250976562,1.34916353225708,114.19000244140625,0.7003781795501709
2021-11-19,0.7279000878334045,1.260349988937378,0.925599992275238,1.1368415355682373,1.3499648571014404,114.28199768066406,0.7042104601860046
2021-11-22,0.7231698036193848,1.2653499841690063,0.9293000102043152,1.1275737285614014,1.3434540033340454,114.13800048828125,0.6991393566131592
2021-11-23,0.7228044867515564,1.2701300382614136,0.9322999715805054,1.12421452999115,1.3397642374038696,114.79000091552734,0.6949608325958252
2021-11-24,0.7222198247909546,1.267590045928955,0.9333900213241577,1.1244926452636719,1.337595820426941,115.14099884033203,0.6952894330024719
2021-11-25,0.7202001214027405,1.2661700248718262,0.9337999820709229,1.1202975511550903,1.333066701889038,115.40799713134766,0.6875309348106384
2021-11-26,0.7173703908920288,1.2663700580596924,0.9352800250053406,1.1209630966186523,1.331416130065918,115.06900024414062,0.6844392418861389
2021-11-29,0.7142806053161621,1.2724800109863281,0.9243199825286865,1.1293182373046875,1.334098219871521,113.71900177001953,0.6826311349868774
2021-11-30,0.714580237865448,1.273800015449524,0.9228699803352356,1.1293437480926514,1.3315047025680542,113.80400085449219,0.6830694675445557
2021-12-01,0.7124998569488525,1.2774300575256348,0.9194999933242798,1.1330289840698242,1.3295927047729492,113.29900360107422,0.6824913620948792
2021-12-02,0.7107598185539246,1.2810900211334229,0.9205999970436096,1.1319515705108643,1.3280000686645508,112.88200378417969,0.6814100742340088
2021-12-03,0.70878005027771,1.2817699909210205,0.9197999835014343,1.1306205987930298,1.3299994468688965,113.02200317382812,0.6812081933021545
2021-12-06,0.7017898559570312,1.2817000150680542,0.9184899926185608,1.1304799318313599,1.3237318992614746,113.04199981689453,0.6757396459579468
2021-12-07,0.7049203515052795,1.2762000560760498,0.9254999756813049,1.128668189048767,1.326435923576355,113.45800018310547,0.6749687790870667
2021-12-08,0.712259829044342,1.2645800113677979,0.9243999719619751,1.1276500225067139,1.3246086835861206,113.5250015258789,0.6786198616027832
2021-12-09,0.7170000672340393,1.265220046043396,0.9200000166893005,1.1345586776733398,1.3210039138793945,113.68399810791016,0.6808279156684875
2021-12-10,0.7146124243736267,1.270840048789978,0.9237899780273438,1.1293309926986694,1.3224014043807983,113.447998046875,0.6795694231987
2021-12-13,0.7166095972061157,1.2719899415969849,0.9210699796676636,1.131183385848999,1.3257148265838623,113.5009994506836,0.6795879006385803
2021-12-14,0.7133176326751709,1.2807600498199463,0.9223799705505371,1.1285407543182373,1.3213530778884888,113.5770034790039,0.6752012372016907
2021-12-15,0.7106002569198608,1.2867100238800049,0.9240000247955322,1.1261261701583862,1.323050618171692,113.74299621582031,0.673632025718689
2021-12-16,0.7166501879692078,1.2836500406265259,0.9244400262832642,1.1290758848190308,1.3263126611709595,114.13600158691406,0.6778098344802856
2021-12-17,0.717560887336731,1.2779699563980103,0.9188399910926819,1.1334141492843628,1.3323739767074585,113.66300201416016,0.6796294450759888
2021-12-20,0.7116981744766235,1.2898499965667725,0.9232900142669678,1.1243535280227661,1.3229438066482544,113.51799774169922,0.6731604337692261
2021-12-21,0.7109498381614685,1.2935999631881714,0.921720027923584,1.1277517080307007,1.3210004568099976,113.66200256347656,0.671312153339386
2021-12-22,0.7147799134254456,1.2922999858856201,0.9230200052261353,1.128757357597351,1.3269639015197754,113.99400329589844,0.6765991449356079
2021-12-23,0.72139972448349,1.2851200103759766,0.919439971446991,1.1328877210617065,1.3352025747299194,114.12100219726562,0.6805823445320129
2021-12-24,0.7233200073242188,1.2823899984359741,0.9186000227928162,1.132733702659607,1.3406623601913452,114.45800018310547,0.6822212934494019
2021-12-27,0.7231285572052002,1.2813999652862549,0.9187809824943542,1.1324259042739868,1.3404303789138794,114.33300018310547,0.6815192699432373
2021-12-28,0.7236999869346619,1.2786999940872192,0.9171599745750427,1.1330032348632812,1.344266653060913,114.79199981689453,0.6817998886108398
2021-12-29,0.7233999967575073,1.2812999486923218,0.9168999791145325,1.1314777135849,1.3433277606964111,114.77300262451172,0.6805600523948669
2021-12-30,0.7258790135383606,1.2782599925994873,0.9136000275611877,1.1360150575637817,1.349879264831543,114.947998046875,0.6839711666107178
2021-12-31,0.7249801754951477,1.274440050125122,0.9136999845504761,1.132502794265747,1.349837303161621,115.06300354003906,0.6830414533615112
2022-01-03,0.7268181443214417,1.2658799886703491,0.9119750261306763,1.1373459100723267,1.3522284030914307,115.14199829101562,0.6840693950653076
2022-01-04,0.7197999358177185,1.275130033493042,0.9183300137519836,1.1302244663238525,1.3483266830444336,115.3280029296875,0.6789695620536804
2022-01-05,0.7238802313804626,1.2704399824142456,0.9162099957466125,1.1283625364303589,1.353143334388733,116.17400360107422,0.6813613176345825
2022-01-06,0.7220800518989563,1.2760100364685059,0.917389988899231,1.1313496828079224,1.3555645942687988,116.12799835205078,0.6793201565742493
2022-01-07,0.7162600159645081,1.2730200290679932,0.9214000105857849,1.1296881437301636,1.353363037109375,115.86499786376953,0.674040675163269
2022-01-10,0.7179111242294312,1.2646900415420532,0.9188399910926819,1.1353960037231445,1.3592311143875122,115.61799621582031,0.6775985956192017
2022-01-11,0.71809983253479,1.2664999961853027,0.9272000193595886,1.1330417394638062,1.3580313920974731,115.27799987792969,0.6766495108604431
2022-01-12,0.7209799885749817,1.2577500343322754,0.9235000014305115,1.1366478204727173,1.3633265495300293,115.33100128173828,0.678380012512207
2022-01-13,0.7282207608222961,1.2501599788665771,0.914139986038208,1.144164800643921,1.3709993362426758,114.67500305175781,0.6846923232078552
2022-01-14,0.7282260060310364,1.2507799863815308,0.9110400080680847,1.1457115411758423,1.3713659048080444,114.11799621582031,0.6861910820007324
2022-01-17,0.7216517329216003,1.2542200088500977,0.9144920110702515,1.1410704851150513,1.367353081703186,114.30599975585938,0.6808279156684875
2022-01-18,0.7210798263549805,1.2515699863433838,0.9139099717140198,1.1410574913024902,1.364800214767456,114.57099914550781,0.6797999143600464
2022-01-19,0.7187501788139343,1.249750018119812,0.9170699715614319,1.1329647302627563,1.3600261211395264,114.55400085449219,0.6771718859672546
2022-01-20,0.721700131893158,1.2510900497436523,0.9156000018119812,1.1343399286270142,1.3608589172363281,114.34700012207031,0.6780300140380859
2022-01-21,0.7217090129852295,1.2500300407409668,0.9168400168418884,1.1313753128051758,1.359767198562622,113.99299621582031,0.6750781536102295
2022-01-24,0.7187884449958801,1.256100058555603,0.9126399755477905,1.1341469287872314,1.3555830717086792,113.78500366210938,0.6722598671913147
2022-01-25,0.715449869632721,1.2625499963760376,0.9140899777412415,1.1324130296707153,1.3489269018173218,114.01100158691406,0.6704614758491516
2022-01-26,0.7158800363540649,1.2615900039672852,0.9177460074424744,1.130454421043396,1.3510775566101074,113.875,0.6690887808799744
2022-01-27,0.7122999429702759,1.2658499479293823,0.9239490032196045,1.1243535280227661,1.3468012809753418,114.72100067138672,0.666058361530304
2022-01-28,0.7035500407218933,1.2745699882507324,0.930869996547699,1.1147029399871826,1.3388315439224243,115.35199737548828,0.6584405303001404
2022-01-31,0.6997998356819153,1.2759100198745728,0.9311299920082092,1.1152374744415283,1.3403388261795044,115.26200103759766,0.6551920771598816
2022-02-01,0.7068301439285278,1.2717399597167969,0.927079975605011,1.12296462059021,1.3445378541946411,115.12100219726562,0.657799482345581
2022-02-02,0.7133991122245789,1.2689599990844727,0.9209399819374084,1.1273956298828125,1.352539300918579,114.73600006103516,0.6637285947799683
2022-02-03,0.7120797634124756,1.2686400413513184,0.9189599752426147,1.1299946308135986,1.3565024137496948,114.38200378417969,0.66118985414505
2022-02-04,0.7145000696182251,1.2678500413894653,0.9203699827194214,1.14357590675354,1.359841227531433,114.95700073242188,0.666640043258667
2022-02-07,0.7080298066139221,1.274530053138733,0.9251199960708618,1.145514726638794,1.3533447980880737,115.2239990234375,0.6619886159896851
2022-02-08,0.7129998207092285,1.2665599584579468,0.9230499863624573,1.1442956924438477,1.353780746459961,115.06300354003906,0.663790225982666
2022-02-09,0.7145919799804688,1.2705399990081787,0.925000011920929,1.142126202583313,1.3547565937042236,115.53099822998047,0.6649501919746399
2022-02-10,0.7177411317825317,1.26760995388031,0.9242200255393982,1.142152190208435,1.3533265590667725,115.60199737548828,0.667931318283081
2022-02-11,0.7161697745323181,1.2732000350952148,0.9256500005722046,1.1415525674819946,1.3551788330078125,116.0469970703125,0.6667110919952393
2022-02-14,0.7144796252250671,1.2723499536514282,0.9247199892997742,1.1365057229995728,1.3569625616073608,115.58399963378906,0.6646682024002075
2022-02-15,0.7132098078727722,1.272860050201416,0.9245100021362305,1.1306334733963013,1.3532898426055908,115.53600311279297,0.6618002653121948
2022-02-16,0.7149087190628052,1.2723699808120728,0.9254400134086609,1.1356796026229858,1.3541145324707031,115.63500213623047,0.6640812158584595
2022-02-17,0.7194502949714661,1.2695399522781372,0.9215999841690063,1.1375269889831543,1.3584926128387451,115.38700103759766,0.6681097745895386
2022-02-18,0.71893310546875,1.2704800367355347,0.9196000099182129,1.1366478204727173,1.3618782758712769,114.86599731445312,0.6691021919250488
2022-02-21,0.7171697616577148,1.2756600379943848,0.9208999872207642,1.131721019744873,1.359342098236084,114.96099853515625,0.6689589619636536
2022-02-22,0.718450129032135,1.2755999565124512,0.9157099723815918,1.1309658288955688,1.3596007823944092,114.60900115966797,0.6695995330810547
2022-02-23,0.7226895689964294,1.276710033416748,0.9215599894523621,1.13291335105896,1.3589357137680054,115.09600067138672,0.6741815805435181
2022-02-24,0.7227997779846191,1.2733900547027588,0.9174200296401978,1.1305694580078125,1.3545730113983154,114.89800262451172,0.6770801544189453
2022-02-25,0.7160200476646423,1.2809499502182007,0.9258400201797485,1.11906898021698,1.337327480316162,115.57099914550781,0.6687889695167542
2022-02-28,0.7186489701271057,1.2755199670791626,0.926596999168396,1.118105411529541,1.337327480316162,115.58499908447266,0.6693216562271118
2022-03-01,0.7262001037597656,1.2666499614715576,0.9175000190734863,1.1215918064117432,1.3422818183898926,115.0780029296875,0.6769197583198547
2022-03-02,0.7261425852775574,1.2723499536514282,0.9185600280761719,1.1132758855819702,1.3335111141204834,114.83300018310547,0.6767502427101135
2022-03-03,0.729341447353363,1.2646100521087646,0.920520007610321,1.1112345457077026,1.33969247341156,115.51899719238281,0.6783018112182617
2022-03-04,0.7336999773979187,1.2670300006866455,0.917900025844574,1.1066844463348389,1.3350956439971924,115.4739990234375,0.680971622467041
2022-03-07,0.7394808530807495,1.2714099884033203,0.9201599955558777,1.087453007698059,1.3212482929229736,114.94999694824219,0.6874505877494812
2022-03-08,0.7328498363494873,1.2801400423049927,0.9254500269889832,1.0865312814712524,1.3112295866012573,115.37300109863281,0.683821439743042
2022-03-09,0.7267916798591614,1.2889000177383423,0.9295600056648254,1.0898232460021973,1.3099292516708374,115.72200012207031,0.6804294586181641
2022-03-10,0.731689989566803,1.2798500061035156,0.9264900088310242,1.107382893562317,1.3185653686523438,115.90899658203125,0.6838401556015015
2022-03-11,0.7365999817848206,1.275589942932129,0.9293799996376038,1.1013944149017334,1.3103240728378296,116.17900085449219,0.6874411702156067
2022-03-14,0.72965008020401,1.2735400199890137,0.9347699880599976,1.093206763267517,1.3050298690795898,117.52899932861328,0.6812685132026672
2022-03-15,0.71986985206604,1.2821099758148193,0.9383000135421753,1.0943193435668945,1.3011853694915771,118.21800231933594,0.674900472164154
2022-03-16,0.7191000580787659,1.2768800258636475,0.940779983997345,1.0969363451004028,1.304648518562317,118.29199981689453,0.6762194037437439
2022-03-17,0.7288799285888672,1.2686799764633179,0.9415599703788757,1.1021955013275146,1.3141123056411743,118.87000274658203,0.6830694675445557
2022-03-18,0.738099992275238,1.263159990310669,0.936020016670227,1.1099518537521362,1.3160406351089478,118.48600006103516,0.6892321705818176
2022-03-21,0.7409987449645996,1.2605799436569214,0.9329299926757812,1.1043134927749634,1.3160839080810547,119.26300048828125,0.689869225025177
2022-03-22,0.7395793199539185,1.2588000297546387,0.9338799715042114,1.101722002029419,1.3168290853500366,119.59400177001953,0.6879708170890808
2022-03-23,0.7462301850318909,1.2582800388336182,0.9334099888801575,1.1029735803604126,1.3266470432281494,121.33999633789062,0.6964321732521057
2022-03-24,0.7499175071716309,1.2559200525283813,0.9307199716567993,1.1006306409835815,1.3206027746200562,121.12699890136719,0.6976322531700134
2022-03-25,0.7514277100563049,1.2520400285720825,0.9294899702072144,1.1009578704833984,1.3195745944976807,122.34600067138672,0.696548581123352
2022-03-28,0.7518231272697449,1.248710036277771,0.9312700033187866,1.098189115524292,1.317627191543579,122.2699966430664,0.6957489848136902
2022-03-29,0.7499501705169678,1.2518199682235718,0.9336699843406677,1.0993843078613281,1.3103584051132202,123.66000366210938,0.6907795071601868
2022-03-30,0.7514672875404358,1.2497899532318115,0.9311500191688538,1.1091516017913818,1.3093804121017456,123.125,0.6943190693855286
2022-03-31,0.7503001093864441,1.24822998046875,0.9229699969291687,1.1161835193634033,1.3138878345489502,122.02100372314453,0.6970681548118591
2022-04-01,0.7491927742958069,1.2498500347137451,0.9231899976730347,1.1072357892990112,1.314699649810791,121.75599670410156,0.6934000253677368
2022-04-04,0.7486487030982971,1.2526500225067139,0.9258999824523926,1.1047282218933105,1.3103755712509155,122.61000061035156,0.6907699704170227
2022-04-05,0.7543901801109314,1.2486200332641602,0.9261999726295471,1.0975863933563232,1.3114582300186157,122.80899810791016,0.6948497891426086
2022-04-06,0.7585699558258057,1.2484400272369385,0.9296000003814697,1.090643286705017,1.3077365159988403,123.65599822998047,0.6947677135467529
2022-04-07,0.7505084872245789,1.2563799619674683,0.9330499768257141,1.0898232460021973,1.307206630706787,123.7229995727539,0.6911519169807434
2022-04-08,0.7478480935096741,1.2586699724197388,0.9344800114631653,1.0864840745925903,1.3069332838058472,124.09600067138672,0.6884918212890625
2022-04-11,0.7446514964103699,1.257599949836731,0.9342399835586548,1.0884946584701538,1.303220272064209,124.38500213623047,0.6835409998893738
2022-04-12,0.7415317296981812,1.264009952545166,0.9312999844551086,1.0877959728240967,1.3024225234985352,125.47200012207031,0.6817794442176819
2022-04-13,0.7454997897148132,1.2634400129318237,0.932640016078949,1.0826143026351929,1.3002548217773438,125.41600036621094,0.6856500506401062
2022-04-14,0.7451497912406921,1.2566200494766235,0.9338499903678894,1.089656949043274,1.312026023864746,125.37699890136719,0.6800777912139893
2022-04-15,0.7410151958465576,1.2603000402450562,0.9429100155830383,1.0820988416671753,1.3070015907287598,126.17900085449219,0.6783432364463806
2022-04-18,0.7393824458122253,1.2615000009536743,0.9423400163650513,1.081525444984436,1.3057557344436646,126.61799621582031,0.6760411262512207
2022-04-19,0.7357593774795532,1.2600200176239014,0.944599986076355,1.0781787633895874,1.3009822368621826,127.0979995727539,0.673632025718689
2022-04-20,0.7393988370895386,1.2603700160980225,0.9520599842071533,1.0794472694396973,1.301371693611145,129.33299255371094,0.6746591329574585
2022-04-21,0.7446997761726379,1.2486200332641602,0.9490000009536743,1.0849870443344116,1.3068820238113403,128.01300048828125,0.6783478260040283
2022-04-22,0.7361114025115967,1.2589099407196045,0.9537000060081482,1.0835175514221191,1.302626132965088,128.4080047607422,0.6724497079849243
2022-04-25,0.7236937284469604,1.2720999717712402,0.9556000232696533,1.0811045169830322,1.2830876111984253,128.60499572753906,0.6625105142593384
2022-04-26,0.717849850654602,1.2735600471496582,0.9582899808883667,1.0714209079742432,1.2739989757537842,127.74400329589844,0.6618615388870239
2022-04-27,0.714600145816803,1.2806099653244019,0.9622300267219543,1.0643619298934937,1.2583998441696167,127.26599884033203,0.6575616598129272
2022-04-28,0.7125704288482666,1.2813999652862549,0.9686700105667114,1.0555092096328735,1.2541857957839966,128.3939971923828,0.6542190313339233
2022-04-29,0.710883617401123,1.280460000038147,0.9717000126838684,1.0504201650619507,1.2463854551315308,130.81100463867188,0.6493085026741028
2022-05-02,0.7065390348434448,1.2853000164031982,0.9741700291633606,1.0535964965820312,1.2573871612548828,130.01100158691406,0.6456194519996643
2022-05-03,0.7050997614860535,1.2874000072479248,0.977840006351471,1.0509058237075806,1.2498282194137573,130.11199951171875,0.6441307067871094
2022-05-04,0.7103786468505859,1.2833800315856934,0.9787600040435791,1.0528532266616821,1.2500405311584473,130.11599731445312,0.643430233001709
2022-05-05,0.7252898812294006,1.2737200260162354,0.9731900095939636,1.0622477531433105,1.261813759803772,129.22300720214844,0.6551019549369812
2022-05-06,0.712100088596344,1.2826999425888062,0.9851999878883362,1.0539740324020386,1.2364147901535034,130.3300018310547,0.6430289149284363
2022-05-09,0.7046997547149658,1.2918200492858887,0.989329993724823,1.053219199180603,1.2326656579971313,130.74899291992188,0.6389204859733582
2022-05-10,0.6957392692565918,1.3008400201797485,0.9926999807357788,1.056579828262329,1.2338824272155762,130.3769989013672,0.6323590874671936
2022-05-11,0.693600058555603,1.3031200170516968,0.9957000017166138,1.0532968044281006,1.2309207916259766,130.3509979248047,0.6289980411529541
2022-05-12,0.692750096321106,1.2994400262832642,0.9944599866867065,1.05124831199646,1.2234212160110474,129.8350067138672,0.6284801959991455
2022-05-13,0.6871907711029053,1.3023099899291992,1.0030499696731567,1.0379581451416016,1.220613718032837,128.58799743652344,0.6247188448905945
2022-05-16,0.6946181058883667,1.2906999588012695,1.0022300481796265,1.0400632619857788,1.2258507013320923,129.4320068359375,0.6288912296295166
2022-05-17,0.6972820162773132,1.284999966621399,1.0017199516296387,1.0438958406448364,1.2324832677841187,128.92300415039062,0.6311417818069458
2022-05-18,0.7032843232154846,1.280809998512268,0.9937999844551086,1.0547856092453003,1.2484394311904907,129.45399475097656,0.6359097957611084
2022-05-19,0.695900022983551,1.2884199619293213,0.9871399998664856,1.0472739934921265,1.2345831394195557,127.91400146484375,0.6295603513717651
2022-05-20,0.7041500210762024,1.2819600105285645,0.9721800088882446,1.057898759841919,1.2462146282196045,127.83200073242188,0.6381499171257019
2022-05-23,0.7062894701957703,1.2812000513076782,0.9749900102615356,1.0569819211959839,1.2504063844680786,127.90299987792969,0.6421493887901306
2022-05-24,0.7088980674743652,1.2787100076675415,0.9659500122070312,1.0682048797607422,1.256754994392395,127.84600067138672,0.6447494626045227
2022-05-25,0.7103200554847717,1.2822400331497192,0.9602000117301941,1.0736525058746338,1.2542959451675415,126.76899719238281,0.6448908448219299
2022-05-26,0.708939790725708,1.2820199728012085,0.9615300297737122,1.0686614513397217,1.258610486984253,127.1520004272461,0.6479789614677429
2022-05-27,0.7098793983459473,1.2773000001907349,0.9585599899291992,1.0732953548431396,1.261734127998352,127.04499816894531,0.6482393741607666
2022-05-30,0.7162810564041138,1.2723699808120728,0.9578499794006348,1.0731456279754639,1.262833595275879,127.28500366210938,0.6534098386764526
2022-05-31,0.7195202112197876,1.2655199766159058,0.9582300186157227,1.0773539543151855,1.2647020816802979,127.78399658203125,0.6558279991149902
2022-06-01,0.7182618379592896,1.2639000415802002,0.9595199823379517,1.0734105110168457,1.2608909606933594,128.73599243164062,0.6518607139587402
2022-06-02,0.7173600792884827,1.2665300369262695,0.963100016117096,1.0654165744781494,1.2483147382736206,130.1219940185547,0.6480587720870972
2022-06-03,0.726900041103363,1.2569799423217773,0.9574400186538696,1.0751069784164429,1.2579249143600464,129.91799926757812,0.6560388207435608
2022-06-06,0.7204922437667847,1.258489966392517,0.9622600078582764,1.0726046562194824,1.249230146408081,130.70700073242188,0.6509103178977966
2022-06-07,0.7188607454299927,1.2580000162124634,0.9713000059127808,1.0691413879394531,1.2523481845855713,132.17599487304688,0.6485589146614075
2022-06-08,0.7220602631568909,1.253659963607788,0.9734899997711182,1.0698620080947876,1.2587324380874634,132.8470001220703,0.6480713486671448
2022-06-09,0.7186489701271057,1.2552000284194946,0.9788399934768677,1.071765422821045,1.254028558731079,134.42999267578125,0.6443713903427124
2022-06-10,0.7098188996315002,1.2702699899673462,0.980400025844574,1.0619205236434937,1.2492972612380981,134.41799926757812,0.6385695934295654
2022-06-13,0.7018282413482666,1.2797600030899048,0.9894499778747559,1.0489987134933472,1.2274909019470215,134.81399536132812,0.6337296366691589
2022-06-14,0.6941600441932678,1.2890000343322754,0.9966650009155273,1.0415147542953491,1.2144765853881836,134.22500610351562,0.6275415420532227
2022-06-15,0.6889899373054504,1.2944799661636353,0.9994999766349792,1.0440592765808105,1.201258897781372,135.29400634765625,0.6226804852485657
2022-06-16,0.7016903758049011,1.2873400449752808,0.9946200251579285,1.0456204414367676,1.2174336910247803,134.11500549316406,0.6292592883110046
2022-06-17,0.704049825668335,1.2953799962997437,0.9667400121688843,1.0546854734420776,1.2354830503463745,132.42100524902344,0.6360716223716736
2022-06-20,0.6953000426292419,1.3000500202178955,0.9695600271224976,1.049141764640808,1.2228227853775024,135.2760009765625,0.632559061050415
2022-06-21,0.6969500780105591,1.2981799840927124,0.9671000242233276,1.0520778894424438,1.225174903869629,135.08700561523438,0.6337416768074036
2022-06-22,0.6961801052093506,1.2931900024414062,0.9660199880599976,1.053263545036316,1.2266627550125122,136.2689971923828,0.631780207157135
2022-06-23,0.6905218958854675,1.2963800430297852,0.9617499709129333,1.0564124584197998,1.225084900856018,136.0240020751953,0.6271007657051086
2022-06-24,0.6903502941131592,1.2987099885940552,0.961359977722168,1.052011489868164,1.2260762453079224,134.83999633789062,0.6286184787750244
2022-06-27,0.6943383812904358,1.2897100448608398,0.95728999376297,1.0566133260726929,1.228244662284851,135.06199645996094,0.6314287781715393
2022-06-28,0.6922522783279419,1.2869000434875488,0.9561600089073181,1.0580891370773315,1.2267379760742188,135.43499755859375,0.6294097900390625
2022-06-29,0.6904398798942566,1.2872999906539917,0.9566900134086609,1.0523545742034912,1.2189769744873047,136.0469970703125,0.6237096786499023
2022-06-30,0.6880465745925903,1.2883299589157104,0.9541800022125244,1.04465913772583,1.2131799459457397,136.58900451660156,0.6225099563598633
2022-07-01,0.6897598505020142,1.287369966506958,0.9550899863243103,1.0477677583694458,1.2160863876342773,135.78599548339844,0.6240288615226746
2022-07-04,0.6815796494483948,1.288599967956543,0.9584000110626221,1.0433948040008545,1.2102727890014648,135.04299926757812,0.6208789348602295
2022-07-05,0.6873797178268433,1.285730004310608,0.9608299732208252,1.0433186292648315,1.211445689201355,135.83999633789062,0.6215696930885315
2022-07-06,0.6793201565742493,1.3034800291061401,0.9684979915618896,1.0257673263549805,1.19491446018219,135.52099609375,0.6165912747383118
2022-07-07,0.6786000728607178,1.3034000396728516,0.9702000021934509,1.0186411142349243,1.1923214197158813,135.96600341796875,0.6155001521110535
2022-07-08,0.6849000453948975,1.2965999841690063,0.973800003528595,1.0169836282730103,1.2028049230575562,135.91299438476562,0.6179094910621643
2022-07-11,0.6845798492431641,1.294700026512146,0.9777299761772156,1.0166114568710327,1.2016630172729492,136.30099487304688,0.6186090111732483
2022-07-12,0.6743316054344177,1.2994799613952637,0.9827399849891663,1.004752516746521,1.1900936365127563,137.38800048828125,0.6122311353683472
2022-07-13,0.674700140953064,1.303130030632019,0.9818699955940247,1.0033109188079834,1.1877753734588623,136.7259979248047,0.612321138381958
2022-07-14,0.6732302308082581,1.300089955329895,0.9807999730110168,1.0032706260681152,1.186380386352539,137.6280059814453,0.6108586192131042
2022-07-15,0.6754885315895081,1.3107999563217163,0.9829999804496765,1.0025665760040283,1.1839643716812134,138.9669952392578,0.6130305528640747
2022-07-18,0.6814774870872498,1.3009400367736816,0.975600004196167,1.009631872177124,1.1888344287872314,138.31399536132812,0.6189689040184021
2022-07-19,0.6810198426246643,1.2981300354003906,0.9775000214576721,1.0145177841186523,1.194828748703003,138.22900390625,0.6153202652931213
2022-07-20,0.6897978782653809,1.2870899438858032,0.9688000082969666,1.0231330394744873,1.2003505229949951,138.1909942626953,0.6233597993850708
2022-07-21,0.6887384057044983,1.2883000373840332,0.9714699983596802,1.0182781219482422,1.1971746683120728,138.39500427246094,0.6225215792655945
2022-07-22,0.692290186882019,1.2877999544143677,0.9661999940872192,1.0221081972122192,1.1996161937713623,137.09800720214844,0.6243990063667297
2022-07-25,0.6904694437980652,1.2924599647521973,0.9629999995231628,1.0200231075286865,1.1986957788467407,136.31199645996094,0.6233908534049988
2022-07-26,0.6951202750205994,1.2850699424743652,0.9642900228500366,1.022494912147522,1.2055164575576782,136.43099975585938,0.625840961933136
2022-07-27,0.6947387456893921,1.287369966506958,0.9622399806976318,1.0129557847976685,1.2036880254745483,136.97000122070312,0.624130129814148
2022-07-28,0.6994900107383728,1.2817100286483765,0.9581900238990784,1.0209290981292725,1.2163082361221313,136.11099243164062,0.6260290145874023
2022-07-29,0.7000839710235596,1.2806999683380127,0.9544199705123901,1.0192328691482544,1.2173447608947754,134.39700317382812,0.6295682787895203
2022-08-01,0.6971215605735779,1.281559944152832,0.9530699849128723,1.0208247900009155,1.2167373895645142,133.40699768066406,0.6279119849205017
2022-08-02,0.7023902535438538,1.284309983253479,0.9501000046730042,1.0261356830596924,1.2254151105880737,131.57200622558594,0.6331799030303955
2022-08-03,0.6890298128128052,1.288789987564087,0.9584800004959106,1.015568733215332,1.2142995595932007,133.37899780273438,0.6221303939819336
2022-08-04,0.693899929523468,1.2853599786758423,0.9611899852752686,1.015764594078064,1.2138278484344482,133.96200561523438,0.6267392039299011
2022-08-05,0.6959198713302612,1.287019968032837,0.9540799856185913,1.024779200553894,1.215849757194519,132.62100219726562,0.6297110319137573
2022-08-08,0.6902502179145813,1.294450044631958,0.9622399806976318,1.0170871019363403,1.2059526443481445,135.0570068359375,0.6239704489707947
2022-08-09,0.6987700462341309,1.2856999635696411,0.9548799991607666,1.0197629928588867,1.208473801612854,134.83999633789062,0.6289387345314026
2022-08-10,0.6957005858421326,1.2885899543762207,0.9541699886322021,1.0208144187927246,1.207423210144043,135.18699645996094,0.6285789608955383
2022-08-11,0.7078142762184143,1.277400016784668,0.942300021648407,1.0300782918930054,1.2212995290756226,132.8300018310547,0.64063960313797
2022-08-12,0.7102898359298706,1.2762900590896606,0.94132000207901,1.0316723585128784,1.2196162939071655,132.99400329589844,0.6434219479560852
2022-08-15,0.7116677761077881,1.2779500484466553,0.9417999982833862,1.0256409645080566,1.2127974033355713,133.28799438476562,0.6449490785598755
2022-08-16,0.7020002603530884,1.2903599739074707,0.9459599852561951,1.0161981582641602,1.205690860748291,133.14300537109375,0.6362901926040649
2022-08-17,0.7019400596618652,1.284540057182312,0.9496600031852722,1.0170663595199585,1.209818959236145,134.27699279785156,0.6343407034873962
2022-08-18,0.693040132522583,1.2917799949645996,0.9513400197029114,1.0180189609527588,1.2045146226882935,134.94400024414062,0.6276084780693054
2022-08-19,0.691119909286499,1.2947100400924683,0.9565899968147278,1.0089900493621826,1.193274736404419,135.7949981689453,0.6245003938674927
2022-08-22,0.6877105832099915,1.300029993057251,0.9588000178337097,1.0035223960876465,1.1818095445632935,137.04100036621094,0.6176198124885559
2022-08-23,0.6878700256347656,1.3048100471496582,0.9643999934196472,0.9939467906951904,1.1766505241394043,137.54600524902344,0.6176690459251404
2022-08-24,0.6923002004623413,1.295799970626831,0.9643800258636475,0.9966909885406494,1.18327796459198,136.73300170898438,0.620728611946106
2022-08-25,0.6907985806465149,1.297029972076416,0.9664599895477295,0.9969095587730408,1.1791757345199585,137.08099365234375,0.6181692481040955
2022-08-26,0.6963981986045837,1.2937599420547485,0.9636499881744385,0.9971283078193665,1.1824007034301758,136.56300354003906,0.6216701865196228
2022-08-29,0.6866905689239502,1.306130051612854,0.968500018119812,0.993867814540863,1.1694538593292236,137.52000427246094,0.6112992763519287
2022-08-30,0.6907508373260498,1.300130009651184,0.9671199917793274,1.0014019012451172,1.172250509262085,138.5959930419922,0.6160708069801331
2022-08-31,0.6857398152351379,1.3089499473571777,0.9739199876785278,1.0025062561035156,1.1659767627716064,138.73399353027344,0.6132185459136963
2022-09-01,0.6828502416610718,1.3141200542449951,0.9790700078010559,1.003905177116394,1.1598505973815918,139.29600524902344,0.6111199259757996
2022-09-02,0.6795302033424377,1.3144999742507935,0.9812899827957153,0.995232880115509,1.154894471168518,140.08099365234375,0.6084908843040466
2022-09-05,0.6790295243263245,1.31427001953125,0.9833499789237976,0.9909427762031555,1.1474601030349731,140.48699951171875,0.6086316108703613
2022-09-06,0.6813998818397522,1.3128999471664429,0.9783999919891357,0.9952229857444763,1.156644344329834,140.42999267578125,0.6105490922927856
2022-09-07,0.6730109453201294,1.3153799772262573,0.9845200181007385,0.9897951483726501,1.151185154914856,143.1510009765625,0.6033000349998474
2022-09-08,0.6751401424407959,1.3129899501800537,0.9769600033760071,0.9995701909065247,1.1519808769226074,144.1280059814453,0.6062516570091248
2022-09-09,0.6765899658203125,1.3080799579620361,0.9686499834060669,1.0012015104293823,1.1521600484848022,143.8560028076172,0.6070399284362793
2022-09-12,0.6846998333930969,1.302299976348877,0.9599199891090393,1.0071406364440918,1.1619395017623901,142.5959930419922,0.611291766166687
2022-09-13,0.689398467540741,1.2979899644851685,0.9527999758720398,1.0129557847976685,1.1689754724502563,142.5850067138672,0.6146697402000427
2022-09-14,0.6743001937866211,1.3162599802017212,0.9603300094604492,0.9982032775878906,1.1506155729293823,144.4040069580078,0.6005104780197144
2022-09-15,0.6751797795295715,1.3160500526428223,0.9618939757347107,0.9984025359153748,1.1544944047927856,142.92300415039062,0.6016883254051208
2022-09-16,0.6687299013137817,1.3246999979019165,0.9617999792098999,0.9988313317298889,1.1452654600143433,143.36500549316406,0.595770001411438
2022-09-19,0.6726998686790466,1.325819969177246,0.9632099866867065,1.002234935760498,1.1433144807815552,142.76499938964844,0.5995599627494812
2022-09-20,0.6733698844909668,1.3243399858474731,0.9640899896621704,1.0029587745666504,1.1443217992782593,143.22300720214844,0.5966800451278687
2022-09-21,0.6694202423095703,1.336300015449524,0.963699996471405,0.997078537940979,1.138057827949524,143.6020050048828,0.5901898741722107
2022-09-22,0.661010205745697,1.3478699922561646,0.9679399728775024,0.983071506023407,1.1255937814712524,144.3159942626953,0.5829408168792725
2022-09-23,0.66454017162323,1.3471100330352783,0.9757000207901001,0.9841550588607788,1.126417875289917,142.27999877929688,0.5848295092582703
2022-09-26,0.653069794178009,1.3580800294876099,0.9824100136756897,0.968992292881012,1.0797386169433594,143.51100158691406,0.5741912722587585
2022-09-27,0.6476000547409058,1.3710600137710571,0.9921299815177917,0.9623712301254272,1.077284336090088,144.45899963378906,0.5665497779846191
2022-09-28,0.6438001394271851,1.372249960899353,0.9915199875831604,0.9596191644668579,1.072754144668579,144.6909942626953,0.5631391406059265
2022-09-29,0.6504995822906494,1.3627899885177612,0.977620005607605,0.9708172082901001,1.0835996866226196,144.3979949951172,0.5718501210212708
2022-09-30,0.6512998938560486,1.3674499988555908,0.9749299883842468,0.9829555749893188,1.1169440746307373,144.43099975585938,0.5742308497428894
2022-10-03,0.6420958042144775,1.378730058670044,0.9856500029563904,0.9792688488960266,1.114057183265686,144.8159942626953,0.5618608593940735
2022-10-04,0.6501798629760742,1.3628100156784058,0.9925600290298462,0.9832068681716919,1.1334141492843628,144.5189971923828,0.5719612836837769
2022-10-05,0.6514102220535278,1.350540041923523,0.9786900281906128,0.998432457447052,1.1451343297958374,143.78700256347656,0.5737300515174866
2022-10-06,0.651269793510437,1.359779953956604,0.9813200235366821,0.9910998940467834,1.13553786277771,144.44900512695312,0.5776006579399109
2022-10-07,0.6414409279823303,1.3740999698638916,0.9899700284004211,0.9789045453071594,1.1162084341049194,145.03900146484375,0.566068708896637
2022-10-10,0.6369832158088684,1.3732099533081055,0.9945600032806396,0.9735012650489807,1.1072726249694824,145.48199462890625,0.56067955493927
2022-10-11,0.6294810771942139,1.377500057220459,0.9995099902153015,0.9710057377815247,1.1076405048370361,145.6739959716797,0.5572396516799927
2022-10-12,0.6266409754753113,1.3791500329971313,0.9976000189781189,0.9700167775154114,1.0967799425125122,145.8699951171875,0.5584813952445984
2022-10-13,0.6277306079864502,1.3815699815750122,0.9973899722099304,0.9707984328269958,1.11055588722229,146.73699951171875,0.561138927936554
2022-10-14,0.630099892616272,1.3760099411010742,1.0014100074768066,0.975134015083313,1.1303905248641968,147.29299926757812,0.5639108419418335
2022-10-17,0.6223937273025513,1.3854999542236328,1.0036699771881104,0.973937451839447,1.124416708946228,148.6320037841797,0.5576000809669495
2022-10-18,0.6298815608024597,1.3712899684906006,0.9955000281333923,0.9846396446228027,1.1353960037231445,148.9709930419922,0.5656684637069702
2022-10-19,0.6316401362419128,1.3726199865341187,0.9936800003051758,0.9863878488540649,1.134429931640625,149.20899963378906,0.5694792866706848
2022-10-20,0.6263701915740967,1.3772799968719482,1.0048099756240845,0.9766482710838318,1.1211013793945312,149.8209991455078,0.566270649433136
2022-10-21,0.6274706721305847,1.3777300119400024,1.0038100481033325,0.9778899550437927,1.1221455335617065,150.17599487304688,0.5669191479682922
2022-10-24,0.6371902227401733,1.3646199703216553,0.9978799819946289,0.9860085844993591,1.1344685554504395,147.81900024414062,0.5763987898826599
2022-10-25,0.6329598426818848,1.3695199489593506,0.9994000196456909,0.9886503219604492,1.1307740211486816,148.88699340820312,0.5704994797706604
2022-10-26,0.6385700106620789,1.3616700172424316,0.9946699738502502,0.9963731169700623,1.146223783493042,147.97999572753906,0.5743198990821838
2022-10-27,0.6493498086929321,1.3552000522613525,0.985010027885437,1.009193778038025,1.1638191938400269,146.13400268554688,0.5839995741844177
2022-10-28,0.6450905799865723,1.3564499616622925,0.9904400110244751,0.9967803955078125,1.1566041707992554,146.2740020751953,0.5828015208244324
2022-10-31,0.6401310563087463,1.3608100414276123,0.9964100122451782,0.9955002665519714,1.159595012664795,147.81199645996094,0.5801911354064941
2022-11-01,0.6409898996353149,1.3610700368881226,1.0014100074768066,0.9886307716369629,1.146815299987793,148.73699951171875,0.5825197100639343
2022-11-02,0.6396700143814087,1.361799955368042,0.9997000098228455,0.9877909421920776,1.1489498615264893,147.9149932861328,0.5847885012626648
2022-11-03,0.6338501572608948,1.3715200424194336,1.0032800436019897,0.9814409017562866,1.1384334564208984,147.89199829101562,0.5813412666320801
2022-11-04,0.6288517117500305,1.3742400407791138,1.0134199857711792,0.9749630093574524,1.1171187162399292,148.39300537109375,0.5769208669662476
2022-11-07,0.6439315676689148,1.3512500524520874,0.9967399835586548,0.9928810596466064,1.1331573724746704,146.84100341796875,0.5894210338592529
2022-11-08,0.6474796533584595,1.3493499755859375,0.9888799786567688,1.0018634796142578,1.1517950296401978,146.62399291992188,0.5940182209014893
2022-11-09,0.65091872215271,1.341539978981018,0.9844499826431274,1.008084774017334,1.1552680730819702,145.2949981689453,0.5963206887245178
2022-11-10,0.6434178352355957,1.3526500463485718,0.9835000038146973,1.0019538402557373,1.1368157863616943,146.20899963378906,0.5886300206184387
2022-11-11,0.6606900691986084,1.333150029182434,0.9649099707603455,1.0192224979400635,1.1695632934570312,141.73399353027344,0.6017788648605347
2022-11-14,0.6698821187019348,1.3253999948501587,0.9440500140190125,1.0328551530838013,1.1799131631851196,139.55299377441406,0.610530436038971
2022-11-15,0.669189989566803,1.3324700593948364,0.9431999921798706,1.0319278240203857,1.175249695777893,140.11500549316406,0.6089985370635986
2022-11-16,0.6769499778747559,1.3273500204086304,0.9429100155830383,1.0357863903045654,1.1880435943603516,138.96499633789062,0.6165608167648315
2022-11-17,0.6739497780799866,1.333549976348877,0.944379985332489,1.0395010709762573,1.191525936126709,139.32200622558594,0.6150288581848145
2022-11-18,0.6689200401306152,1.3321399688720703,0.9526799917221069,1.036172866821289,1.1860145330429077,140.41200256347656,0.6128915548324585
2022-11-21,0.6682080030441284,1.337689995765686,0.9533299803733826,1.0330898761749268,1.1886366605758667,140.2530059814453,0.6167814135551453
2022-11-22,0.6607800126075745,1.3446300029754639,0.9584299921989441,1.0245691537857056,1.1827600002288818,142.09800720214844,0.6098490357398987
2022-11-23,0.66498202085495,1.3362499475479126,0.9510899782180786,1.0311086177825928,1.1894567012786865,141.15499877929688,0.6156498193740845
2022-11-24,0.6743502020835876,1.3343600034713745,0.9406999945640564,1.0416233539581299,1.2073503732681274,139.2779998779297,0.6252813935279846
2022-11-25,0.6765598058700562,1.3336600065231323,0.94336998462677,1.040810227394104,1.2113430500030518,138.60299682617188,0.6259702444076538
2022-11-28,0.6711905002593994,1.3409600257873535,0.947380006313324,1.0367528200149536,1.2054728269577026,139.10000610351562,0.6216701865196228
2022-11-29,0.665198802947998,1.3489899635314941,0.9487900137901306,1.034554123878479,1.1960291862487793,138.718994140625,0.616401195526123
2022-11-30,0.668408989906311,1.3583600521087646,0.9543099999427795,1.0324499607086182,1.1946860551834106,138.7449951171875,0.6196900010108948
2022-12-01,0.6799598932266235,1.3411999940872192,0.943880021572113,1.042535424232483,1.207749843597412,137.35899353027344,0.6314406991004944
2022-12-02,0.6811015009880066,1.3435499668121338,0.9363899827003479,1.052842140197754,1.2259259223937988,135.14999389648438,0.6369791626930237
2022-12-05,0.6813009977340698,1.3444000482559204,0.9364500045776367,1.0544185638427734,1.2297248840332031,134.47500610351562,0.6404590606689453
2022-12-06,0.6707807779312134,1.3588000535964966,0.942300021648407,1.0496923923492432,1.2192445993423462,136.65199279785156,0.6322599649429321
2022-12-07,0.6698821187019348,1.3649400472640991,0.9420300126075745,1.0469011068344116,1.2133007049560547,136.88600158691406,0.6324390769004822
2022-12-08,0.6726998686790466,1.36489999294281,0.9402700066566467,1.051325798034668,1.2212398052215576,136.38099670410156,0.6354088187217712
2022-12-09,0.6776500344276428,1.3597700595855713,0.9358599781990051,1.0559661388397217,1.2236007452011108,136.61399841308594,0.637860894203186
2022-12-12,0.6781408190727234,1.365530014038086,0.9349899888038635,1.0522217750549316,1.2239153385162354,136.71200561523438,0.6393207907676697
2022-12-13,0.6754000186920166,1.363029956817627,0.9357399940490723,1.0541739463806152,1.2270842790603638,137.50399780273438,0.638781726360321
2022-12-14,0.6842299699783325,1.3555400371551514,0.9289799928665161,1.062665343284607,1.235666275024414,135.58399963378906,0.6453902721405029
2022-12-15,0.6857798099517822,1.3550200462341309,0.9243500232696533,1.0676347017288208,1.2419428825378418,135.34800720214844,0.6453902721405029
2022-12-16,0.6705918908119202,1.365820050239563,0.9276400208473206,1.064056158065796,1.2189176082611084,137.75100708007812,0.6343004107475281
2022-12-19,0.6687487363815308,1.3688600063323975,0.9345800280570984,1.05850350856781,1.2160272598266602,136.69000244140625,0.6371496915817261
2022-12-20,0.6707807779312134,1.364300012588501,0.9287300109863281,1.0614584684371948,1.2153326272964478,136.9949951171875,0.6361606121063232
2022-12-21,0.6688498258590698,1.3599400520324707,0.9261900186538696,1.062699317932129,1.2189176082611084,131.89199829101562,0.6344292163848877
2022-12-22,0.6716818809509277,1.3612699508666992,0.9262999892234802,1.0610079765319824,1.2077397108078003,132.3699951171875,0.6289505958557129
2022-12-23,0.6678001284599304,1.3636800050735474,0.9309999942779541,1.060333013534546,1.203992486000061,132.35699462890625,0.6251992583274841
2022-12-26,0.6712490320205688,1.358970046043396,0.9328799843788147,1.0667804479599,1.206000566482544,132.7899932861328,0.6292901635169983
2022-12-27,0.674458920955658,1.3557000160217285,0.9320099949836731,1.064022183418274,1.2084153890609741,132.76400756835938,0.6306999325752258
2022-12-28,0.6729927659034729,1.3524999618530273,0.9291999936103821,1.0637166500091553,1.2027326822280884,133.48599243164062,0.6273289918899536
2022-12-29,0.6747100949287415,1.3599400520324707,0.9277099967002869,1.062925100326538,1.2028483152389526,134.03399658203125,0.6318396925926208
2022-12-30,0.6766000390052795,1.3552000522613525,0.9228500127792358,1.066075325012207,1.2056326866149902,132.91600036621094,0.6345902681350708
2023-01-02,0.6823097467422485,1.352810025215149,0.923799991607666,1.0709733963012695,1.2120330333709717,130.84500122070312,0.6374799013137817
2023-01-03,0.6805600523948669,1.3559000492095947,0.9240000247955322,1.0677714347839355,1.206287145614624,130.79400634765625,0.6326391100883484
2023-01-04,0.6727999448776245,1.3674099445343018,0.9358000159263611,1.0546854734420776,1.1969740390777588,131.2480010986328,0.6247110962867737
2023-01-05,0.6829108595848083,1.3485100269317627,0.9295899868011475,1.0606365203857422,1.2057054042816162,132.24600219726562,0.6285117864608765
2023-01-06,0.6755697727203369,1.3559900522232056,0.9358299970626831,1.0522217750549316,1.1912277936935425,133.3070068359375,0.6230801343917847
2023-01-09,0.689398467540741,1.3435200452804565,0.9268699884414673,1.0656323432922363,1.2116365432739258,131.86199951171875,0.6359097957611084
2023-01-10,0.6909699440002441,1.3393700122833252,0.920930027961731,1.073318362236023,1.2184869050979614,131.72900390625,0.6369507908821106
2023-01-11,0.6895001530647278,1.3432899713516235,0.9222400188446045,1.0738946199417114,1.2154507637023926,132.1009979248047,0.6371902227401733
2023-01-12,0.6910998225212097,1.343000054359436,0.9309200048446655,1.0766000747680664,1.2159533500671387,131.90199279785156,0.6367682814598083
2023-01-13,0.6967815160751343,1.3375999927520752,0.9272000193595886,1.0860239267349243,1.2217769622802734,129.1719970703125,0.638781726360321
2023-01-16,0.6973500847816467,1.3396199941635132,0.9267200231552124,1.082461953163147,1.2226732969284058,128.0260009765625,0.6385084390640259
2023-01-17,0.6966398358345032,1.3397799730300903,0.9253900051116943,1.0830129384994507,1.2207776308059692,128.3209991455078,0.6389898657798767
2023-01-18,0.6988413333892822,1.3389999866485596,0.9219200015068054,1.0793308019638062,1.228471040725708,128.281005859375,0.6432895064353943
2023-01-19,0.6944000720977783,1.3495800495147705,0.91593998670578,1.0797853469848633,1.2347661256790161,128.53900146484375,0.6445499658584595
2023-01-20,0.691399872303009,1.3463799953460693,0.9154999852180481,1.083388328552246,1.2393262386322021,128.3699951171875,0.6395497918128967
2023-01-23,0.6982703804969788,1.3371000289916992,0.9198899865150452,1.086507797241211,1.240633249282837,129.35400390625,0.648908257484436
2023-01-24,0.702928364276886,1.3370100259780884,0.9216700196266174,1.0874292850494385,1.2379761934280396,130.5970001220703,0.6490219235420227
2023-01-25,0.7046719789505005,1.3374799489974976,0.9222999811172485,1.088814616203308,1.232923984527588,130.23899841308594,0.6493295431137085
2023-01-26,0.7108199596405029,1.3380199670791626,0.9169700145721436,1.0922038555145264,1.2412492036819458,129.23699951171875,0.6484116911888123
2023-01-27,0.7113898396492004,1.3316099643707275,0.920199990272522,1.0894432067871094,1.2415266036987305,129.8000030517578,0.6490893363952637
2023-01-30,0.7107977271080017,1.3303200006484985,0.9208599925041199,1.0871455669403076,1.2400301694869995,129.85400390625,0.6492199301719666
2023-01-31,0.7058099508285522,1.338379979133606,0.925279974937439,1.0850694179534912,1.2353609800338745,130.47900390625,0.6468890905380249
2023-02-01,0.7051399946212769,1.3306000232696533,0.9162499904632568,1.0860947370529175,1.2308903932571411,130.11000061035156,0.6438201069831848
2023-02-02,0.7145000696182251,1.3274999856948853,0.907260000705719,1.1012852191925049,1.2390038967132568,128.6219940185547,0.6516398787498474
2023-02-03,0.7074687480926514,1.3316600322723389,0.9132000207901001,1.0905125141143799,1.222299575805664,128.74600219726562,0.6477187275886536
2023-02-06,0.6920798420906067,1.3399699926376343,0.9263299703598022,1.079086184501648,1.2045146226882935,132.00900268554688,0.6327711939811707
2023-02-07,0.6887801885604858,1.344099998474121,0.927869975566864,1.0730764865875244,1.2026747465133667,132.6230010986328,0.6308802366256714
2023-02-08,0.6964598298072815,1.3390100002288818,0.9216499924659729,1.0729728937149048,1.2054582834243774,131.04200744628906,0.6321991682052612
2023-02-09,0.6930001974105835,1.344499945640564,0.9209100008010864,1.0715816020965576,1.2071462869644165,131.38699340820312,0.6314606666564941
2023-02-10,0.6939384341239929,1.3448699712753296,0.9219740033149719,1.0742292404174805,1.2116806507110596,131.5189971923828,0.6327512264251709
2023-02-13,0.6913477778434753,1.3357399702072144,0.9237899780273438,1.0677714347839355,1.2052258253097534,131.55099487304688,0.6312298774719238
2023-02-14,0.6970000863075256,1.3333100080490112,0.9186199903488159,1.0730419158935547,1.215214490890503,132.33700561523438,0.6361404061317444
2023-02-15,0.6987583041191101,1.3340599536895752,0.92153000831604,1.0735719203948975,1.2174336910247803,132.99099731445312,0.6335489153862
2023-02-16,0.690689742565155,1.3390599489212036,0.9233599901199341,1.0691757202148438,1.2039779424667358,133.9029998779297,0.6279789805412292
2023-02-17,0.6862400770187378,1.3473000526428223,0.9264600276947021,1.0665756464004517,1.197533130645752,134.07400512695312,0.6245394349098206
2023-02-20,0.686940610408783,1.3481999635696411,0.92535001039505,1.0684444904327393,1.2029786109924316,134.3070068359375,0.6236202716827393
2023-02-21,0.6909002065658569,1.3452999591827393,0.9231799840927124,1.068261981010437,1.2039200067520142,134.33599853515625,0.6257705092430115
2023-02-22,0.686190128326416,1.3534899950027466,0.9275000095367432,1.065200924873352,1.2109322547912598,134.9759979248047,0.6216199398040771
2023-02-23,0.6812916994094849,1.3545399904251099,0.9312400221824646,1.0605803728103638,1.204993486404419,134.9320068359375,0.6224014759063721
2023-02-24,0.6810133457183838,1.3543200492858887,0.9336900115013123,1.0598047971725464,1.2017786502838135,134.6280059814453,0.6230801343917847
2023-02-27,0.6735684871673584,1.3593699932098389,0.9400299787521362,1.0554758310317993,1.1952428817749023,136.39500427246094,0.6165608167648315
2023-02-28,0.6743001937866211,1.3573999404907227,0.9355999827384949,1.0611205101013184,1.2061562538146973,136.31700134277344,0.6164202094078064
2023-03-01,0.6730788350105286,1.3645199537277222,0.941868007183075,1.0577309131622314,1.2033549547195435,136.34800720214844,0.6186893582344055
2023-03-02,0.6759798526763916,1.3589600324630737,0.9394699931144714,1.066894292831421,1.2029930353164673,136.19400024414062,0.6256999969482422
2023-03-03,0.6735000014305115,1.3594800233840942,0.9418699741363525,1.0599732398986816,1.1951572895050049,136.7050018310547,0.6221303939819336
2023-03-06,0.6754611730575562,1.3602999448776245,0.9368000030517578,1.0626201629638672,1.2028483152389526,135.86000061035156,0.6209598779678345
2023-03-07,0.6733099818229675,1.3616199493408203,0.9306899905204773,1.0688328742980957,1.2026457786560059,135.99899291992188,0.6198398470878601
2023-03-08,0.6591001749038696,1.3747999668121338,0.9422299861907959,1.05507493019104,1.1827740669250488,137.39100646972656,0.6111199259757996
2023-03-09,0.6594000458717346,1.3799400329589844,0.9408699870109558,1.0549525022506714,1.1850166320800781,137.2259979248047,0.6114711761474609
2023-03-10,0.6591001749038696,1.3831000328063965,0.9328500032424927,1.0584698915481567,1.192250370979309,136.39500427246094,0.6101207137107849
2023-03-13,0.6634203791618347,1.3763799667358398,0.91839998960495,1.0683646202087402,1.2079336643218994,134.97999572753906,0.6160799264907837
2023-03-14,0.6659198999404907,1.373520016670227,0.9124910235404968,1.0725010633468628,1.2171372175216675,133.11399841308594,0.6216315627098083
2023-03-15,0.6689097881317139,1.3688900470733643,0.9144999980926514,1.0727657079696655,1.215214490890503,134.39700317382812,0.6230685114860535
2023-03-16,0.6618300080299377,1.3764899969100952,0.9310299754142761,1.0583354234695435,1.20692777633667,132.9290008544922,0.6164582371711731
2023-03-17,0.6663401126861572,1.3719099760055542,0.9291700124740601,1.0614134073257446,1.2110495567321777,133.3679962158203,0.6203396916389465
2023-03-20,0.6713212132453918,1.3709800243377686,0.9267399907112122,1.0678855180740356,1.2187690734863281,132.28399658203125,0.6273211240768433
2023-03-21,0.6716899871826172,1.3671000003814697,0.9291999936103821,1.071914792060852,1.2276264429092407,131.39199829101562,0.6242586970329285
2023-03-22,0.667789876461029,1.3708800077438354,0.9214699864387512,1.0774236917495728,1.2225087881088257,132.34800720214844,0.6192985773086548
2023-03-23,0.6699314713478088,1.3716700077056885,0.9165199995040894,1.0870392322540283,1.227973222732544,131.1790008544922,0.6232509613037109
2023-03-24,0.6681597828865051,1.3717000484466553,0.9164000153541565,1.0835057497024536,1.228154182434082,130.86500549316406,0.6246915459632874
2023-03-27,0.665530800819397,1.3727400302886963,0.9199000000953674,1.077818512916565,1.2246003150939941,130.8459930419922,0.6211102604866028
2023-03-28,0.6660095453262329,1.3654099702835083,0.9150199890136719,1.0807071924209595,1.229755163192749,131.23300170898438,0.620351254940033
2023-03-29,0.6706907749176025,1.3593300580978394,0.9204000234603882,1.0839520692825317,1.2330456972122192,131.04600524902344,0.6253712773323059
2023-03-30,0.6682482361793518,1.3563100099563599,0.9180999994277954,1.0843634605407715,1.2313603162765503,132.5760040283203,0.6221303939819336
2023-03-31,0.6716818809509277,1.3521900177001953,0.9133800268173218,1.0904649496078491,1.2387275695800781,133.2010040283203,0.6269789338111877
2023-04-03,0.6658897995948792,1.3501800298690796,0.9175099730491638,1.0803335905075073,1.228697419166565,133.3470001220703,0.6224905848503113
2023-04-04,0.6788502335548401,1.343369960784912,0.9127100110054016,1.091226577758789,1.2423131465911865,132.2989959716797,0.6302706599235535
2023-04-05,0.6758081316947937,1.3437999486923218,0.9053999781608582,1.0960105657577515,1.249843716621399,131.48500061035156,0.6315284371376038
2023-04-06,0.6716683506965637,1.3454300165176392,0.9063599705696106,1.090334177017212,1.2463078498840332,130.9340057373047,0.6318516731262207
2023-04-07,0.6676012873649597,1.3494999408721924,0.9043999910354614,1.0920130014419556,1.243900179862976,131.66900634765625,0.6245706081390381
2023-04-10,0.6673500537872314,1.3503999710083008,0.9042699933052063,1.0913575887680054,1.2431625127792358,132.0970001220703,0.6255004405975342
2023-04-11,0.6648299694061279,1.3503400087356567,0.908810019493103,1.086932897567749,1.239218831062317,133.468994140625,0.6227386593818665
2023-04-12,0.6654002070426941,1.346250057220459,0.902899980545044,1.0917507410049438,1.2431007623672485,133.593994140625,0.6195096373558044
2023-04-13,0.6699000597000122,1.343999981880188,0.8957729935646057,1.0999890565872192,1.2492660284042358,133.0850067138672,0.6218286752700806
2023-04-14,0.6783998608589172,1.3339999914169312,0.8889999985694885,1.1054610013961792,1.2525300979614258,132.48699951171875,0.6303500533103943
2023-04-17,0.6705199480056763,1.3365000486373901,0.8948000073432922,1.098659634590149,1.2400178909301758,133.9709930419922,0.6201512217521667
2023-04-18,0.6700401306152344,1.3392000198364258,0.8985099792480469,1.0925379991531372,1.2375471591949463,134.4250030517578,0.618268609046936
2023-04-19,0.6735698580741882,1.3390899896621704,0.8959000110626221,1.0975382328033447,1.2425447702407837,134.04400634765625,0.6215118169784546
2023-04-20,0.6705514192581177,1.3467999696731567,0.8977000117301941,1.095218300819397,1.2428845167160034,134.70399475097656,0.6161999106407166
2023-04-21,0.6743178963661194,1.348080039024353,0.8923199772834778,1.0970927476882935,1.2440905570983887,133.99600219726562,0.6179285645484924
2023-04-24,0.6693485379219055,1.3538399934768677,0.891700029373169,1.0992271900177002,1.2449734210968018,133.96099853515625,0.614341139793396
2023-04-25,0.6703805327415466,1.353369951248169,0.8870900273323059,1.1059499979019165,1.25,134.08399963378906,0.6175889372825623
2023-04-26,0.663640022277832,1.361840009689331,0.8918200135231018,1.0978394746780396,1.2414803504943848,133.71099853515625,0.6147415041923523
2023-04-27,0.6608380675315857,1.363070011138916,0.8908100128173828,1.1047282218933105,1.2471472024917603,133.46499633789062,0.6120887398719788
2023-04-28,0.6630398035049438,1.359969973564148,0.8938800096511841,1.1032048463821411,1.249750018119812,133.802001953125,0.6146394610404968
2023-05-01,0.6612401008605957,1.3559099435806274,0.8948000073432922,1.1010911464691162,1.2557607889175415,136.38600158691406,0.6172115802764893
2023-05-02,0.6622801423072815,1.3552000522613525,0.8958699703216553,1.0969241857528687,1.2485953569412231,137.52099609375,0.6164810061454773
2023-05-03,0.6673001646995544,1.3619500398635864,0.8922500014305115,1.1010911464691162,1.2476606369018555,136.46600341796875,0.6226611733436584
2023-05-04,0.6641517877578735,1.3631900548934937,0.8834199905395508,1.1068925857543945,1.256897211074829,134.54400634765625,0.6208904981613159
2023-05-05,0.6696098446846008,1.3523000478744507,0.885200023651123,1.102292776107788,1.2583364248275757,134.1790008544922,0.6290218234062195
2023-05-08,0.6747683882713318,1.3380000591278076,0.8911700248718262,1.10186767578125,1.2630568742752075,135.19900512695312,0.6299212574958801
2023-05-09,0.6780994534492493,1.3372399806976318,0.8899099826812744,1.0996140241622925,1.2612725496292114,135.072998046875,0.6338581442832947
2023-05-10,0.6766906976699829,1.337499976158142,0.8901600241661072,1.096467137336731,1.2624667882919312,135.28799438476562,0.6338782906532288
2023-05-11,0.6781914234161377,1.3372100591659546,0.8892899751663208,1.098406195640564,1.2626996040344238,134.08700561523438,0.6371212005615234
2023-05-12,0.669989824295044,1.3493000268936157,0.8939999938011169,1.0912145376205444,1.2508130073547363,134.4980010986328,0.6294216513633728
2023-05-15,0.6646903157234192,1.3553999662399292,0.8983799815177917,1.0852696895599365,1.2450973987579346,135.82200622558594,0.6195594668388367
2023-05-16,0.6703001260757446,1.346500039100647,0.8954600095748901,1.0873701572418213,1.2525207996368408,136.0449981689453,0.6243288516998291
2023-05-17,0.6657789945602417,1.3477200269699097,0.8963500261306763,1.0865668058395386,1.2484394311904907,136.42999267578125,0.6237408518791199
2023-05-18,0.6655617952346802,1.3466700315475464,0.8987420201301575,1.0838346481323242,1.2482805252075195,137.61399841308594,0.624609649181366
2023-05-19,0.6629980802536011,1.349769949913025,0.9048699736595154,1.0775396823883057,1.2412338256835938,138.6199951171875,0.6235813498497009
2023-05-22,0.666100025177002,1.3487999439239502,0.8981900215148926,1.0822745561599731,1.2461059093475342,137.69200134277344,0.6284209489822388
2023-05-23,0.6649687886238098,1.3502899408340454,0.8982999920845032,1.0811045169830322,1.243440866470337,138.6719970703125,0.6286303400993347
2023-05-24,0.6613581776618958,1.3499399423599243,0.9013100266456604,1.076971173286438,1.2417269945144653,138.59800720214844,0.6250195503234863
2023-05-25,0.6545102000236511,1.3588500022888184,0.9039999842643738,1.0757315158843994,1.2371032238006592,139.2830047607422,0.610608696937561
2023-05-26,0.6498485803604126,1.3643200397491455,0.9050499796867371,1.0724436044692993,1.2318304777145386,140.01699829101562,0.6053400635719299
2023-05-29,0.6526989340782166,1.3609000444412231,0.9056900143623352,1.0723055601119995,1.2346898317337036,140.87100219726562,0.6057815551757812
2023-05-30,0.6528502106666565,1.3601000308990479,0.9044600129127502,1.0707669258117676,1.234933853149414,140.4409942626953,0.6044487357139587
2023-05-31,0.6517800092697144,1.359969973564148,0.9057999849319458,1.073306918144226,1.241187572479248,139.79200744628906,0.6046789884567261
2023-06-01,0.6506401300430298,1.356600046157837,0.9098899960517883,1.0695186853408813,1.244694471359253,139.1269989013672,0.6025112867355347
2023-06-02,0.657799482345581,1.3443000316619873,0.9055899977684021,1.0760787725448608,1.2525991201400757,138.7480010986328,0.6065789461135864
2023-06-05,0.6599997878074646,1.342829942703247,0.9097200036048889,1.0698620080947876,1.2430236339569092,140.20700073242188,0.6058182716369629
2023-06-06,0.6613494157791138,1.3447999954223633,0.9059000015258789,1.0711798667907715,1.2433171272277832,139.38299560546875,0.6070613265037537
2023-06-07,0.6679089665412903,1.339859962463379,0.9071300029754639,1.0698047876358032,1.2428536415100098,139.52699279785156,0.6078399419784546
2023-06-08,0.665860116481781,1.3371599912643433,0.9095399975776672,1.0707440376281738,1.2445859909057617,139.8990020751953,0.6042296290397644
2023-06-09,0.671259880065918,1.3361999988555908,0.8986999988555908,1.078271746635437,1.2559500932693481,138.86300659179688,0.609440267086029
2023-06-12,0.6744998693466187,1.3336800336837769,0.9031999707221985,1.0750954151153564,1.25809907913208,139.37100219726562,0.6130606532096863
2023-06-13,0.6753101944923401,1.336300015449524,0.90829998254776,1.0762988328933716,1.2515331506729126,139.4600067138672,0.6129103302955627
2023-06-14,0.6769289374351501,1.331470012664795,0.9052600264549255,1.078934907913208,1.2606843709945679,140.177001953125,0.6159418225288391
2023-06-15,0.6796895265579224,1.3326400518417358,0.9000800251960754,1.084304690361023,1.26708984375,139.9770050048828,0.6196900010108948
2023-06-16,0.688029944896698,1.3221900463104248,0.8916400074958801,1.0945948362350464,1.278576135635376,140.26800537109375,0.623538613319397
2023-06-19,0.6875999569892883,1.3198000192642212,0.8942000269889832,1.0942115783691406,1.2830382585525513,141.86700439453125,0.6232001185417175
2023-06-20,0.6851379871368408,1.3209500312805176,0.8957800269126892,1.0924304723739624,1.2794759273529053,141.8990020751953,0.6202396750450134
2023-06-21,0.6788820624351501,1.3225599527359009,0.8976699709892273,1.0920368432998657,1.276535987854004,141.3350067138672,0.6166787147521973
2023-06-22,0.6798702478408813,1.316100001335144,0.892300009727478,1.0992635488510132,1.2772045135498047,141.68800354003906,0.6207093596458435
2023-06-23,0.6760699152946472,1.3145899772644043,0.8948799967765808,1.0958904027938843,1.2747135162353516,143.02999877929688,0.6182800531387329
2023-06-26,0.6680517792701721,1.3164700269699097,0.8957800269126892,1.0906671285629272,1.2729610204696655,143.54100036621094,0.614870011806488
2023-06-27,0.6674498319625854,1.315000057220459,0.895609974861145,1.091048002243042,1.2711971998214722,143.4600067138672,0.6163100004196167
2023-06-28,0.668140172958374,1.3197699785232544,0.893750011920929,1.0957223176956177,1.2744698524475098,143.8820037841797,0.6157407760620117
2023-06-29,0.6600616574287415,1.3251800537109375,0.8966599702835083,1.0915838479995728,1.2642544507980347,144.38900756835938,0.6074300408363342
2023-06-30,0.6619710922241211,1.3250000476837158,0.8991400003433228,1.0868029594421387,1.2614636421203613,144.77999877929688,0.606678307056427
2023-07-03,0.6658321619033813,1.3250000476837158,0.8949999809265137,1.0907504558563232,1.2693254947662354,144.3979949951172,0.6132185459136963
2023-07-04,0.6674097180366516,1.3248000144958496,0.895799994468689,1.091309905052185,1.269293189048767,144.58399963378906,0.6156005859375
2023-07-05,0.6692701578140259,1.322350025177002,0.8966400027275085,1.0884946584701538,1.2717629671096802,144.406005859375,0.619809091091156
2023-07-06,0.6656903028488159,1.3285900354385376,0.8985199928283691,1.0856584310531616,1.2704542875289917,144.48899841308594,0.6176995635032654
2023-07-07,0.6628398895263672,1.3365399837493896,0.8952800035476685,1.0890636444091797,1.2742749452590942,143.9510040283203,0.616351842880249
2023-07-10,0.6688382029533386,1.3278000354766846,0.8888999819755554,1.0969723463058472,1.2838947772979736,142.20899963378906,0.6205899715423584
2023-07-11,0.667900025844574,1.3273999691009521,0.885129988193512,1.100594401359558,1.2864713668823242,141.2969970703125,0.6206515431404114
2023-07-12,0.6693798899650574,1.3227699995040894,0.8787599802017212,1.101406455039978,1.2934770584106445,140.1179962158203,0.6199589371681213
2023-07-13,0.6792786121368408,1.3182799816131592,0.8666099905967712,1.1144545078277588,1.29962956905365,138.31500244140625,0.6305209994316101
2023-07-14,0.6888617873191833,1.3112499713897705,0.8591200113296509,1.1223469972610474,1.3128528594970703,138.0749969482422,0.6391900181770325
2023-07-17,0.6837793588638306,1.3224999904632568,0.8618999719619751,1.1227755546569824,1.3090204000473022,138.6820068359375,0.6365818381309509
2023-07-18,0.6810500025749207,1.3201500177383423,0.8603500127792358,1.1237596273422241,1.307172417640686,138.72900390625,0.6321192383766174
2023-07-19,0.6814821362495422,1.3166199922561646,0.8576499819755554,1.1228890419006348,1.303508996963501,139.02699279785156,0.6296991109848022
2023-07-20,0.6769999265670776,1.3163000345230103,0.85794997215271,1.120523452758789,1.2939791679382324,139.59800720214844,0.6262878179550171
2023-07-21,0.6778190732002258,1.3174200057983398,0.8662599921226501,1.113709807395935,1.2872332334518433,139.86399841308594,0.6230296492576599
2023-07-24,0.6725800037384033,1.3223999738693237,0.8662400245666504,1.112532615661621,1.2853471040725708,141.75,0.6169000864028931
2023-07-25,0.6733009219169617,1.3174599409103394,0.8698899745941162,1.1063170433044434,1.281262755393982,141.52200317382812,0.6200205087661743
2023-07-26,0.6787599325180054,1.3187099695205688,0.8645300269126892,1.1050456762313843,1.2893908023834229,140.91299438476562,0.6216585636138916
2023-07-27,0.6759999394416809,1.3204599618911743,0.8615400195121765,1.1078368425369263,1.292724609375,140.36700439453125,0.6212299466133118
2023-07-28,0.6711859703063965,1.322700023651123,0.8688499927520752,1.0978755950927734,1.2793776988983154,138.86399841308594,0.6187467575073242
2023-07-31,0.6660805344581604,1.3250999450683594,0.8698199987411499,1.1024264097213745,1.2853965759277344,140.75799560546875,0.6160100698471069
2023-08-01,0.6716818809509277,1.319200038909912,0.871649980545044,1.0997591018676758,1.283400535583496,142.322998046875,0.6204898357391357
2023-08-02,0.6617608070373535,1.3268500566482544,0.8723800182342529,1.1007881164550781,1.2795741558074951,142.97000122070312,0.614148736000061
2023-08-03,0.6544999480247498,1.33433997631073,0.8773099780082703,1.0944151878356934,1.2720379829406738,143.343994140625,0.6086301207542419
2023-08-04,0.6561206579208374,1.3350600004196167,0.8742200136184692,1.095158338546753,1.2716336250305176,142.59800720214844,0.6082391738891602
2023-08-07,0.657371461391449,1.3372999429702759,0.8741499781608582,1.1002674102783203,1.2747948169708252,141.87600708007812,0.6100090146064758
2023-08-08,0.6572591066360474,1.3371200561523438,0.8726999759674072,1.100315809249878,1.2782002687454224,142.5240020751953,0.6106571555137634
2023-08-09,0.6531601548194885,1.3424999713897705,0.8755999803543091,1.0958904027938843,1.2741613388061523,143.2779998779297,0.6056678295135498
2023-08-10,0.6536802053451538,1.341879963874817,0.8766999840736389,1.0977671146392822,1.2720056772232056,143.7270050048828,0.606207549571991
2023-08-11,0.6512498259544373,1.344480037689209,0.8767899870872498,1.0981649160385132,1.2670094966888428,144.85400390625,0.6013337969779968
2023-08-14,0.6495404839515686,1.3439799547195435,0.8766199946403503,1.094439148902893,1.2695027589797974,144.81700134277344,0.5984584093093872
2023-08-15,0.6488400101661682,1.3458800315856934,0.8779799938201904,1.0909883975982666,1.2685203552246094,145.43699645996094,0.5974786281585693
2023-08-16,0.6457903981208801,1.3490099906921387,0.8786200284957886,1.0904173851013184,1.2701315879821777,145.60800170898438,0.5957380533218384
2023-08-17,0.6414697170257568,1.353659987449646,0.8801400065422058,1.0874884128570557,1.2728151082992554,146.33299255371094,0.5931304097175598
2023-08-18,0.6406888961791992,1.3545199632644653,0.8782399892807007,1.0874648094177246,1.275022268295288,145.71400451660156,0.5925890803337097
2023-08-21,0.6414697170257568,1.354159951210022,0.8822699785232544,1.087559461593628,1.2741937637329102,145.30499267578125,0.5926803946495056
2023-08-22,0.6414080262184143,1.3543000221252441,0.878462016582489,1.0898351669311523,1.2760798931121826,146.23800659179688,0.5929685831069946
2023-08-23,0.6427999138832092,1.3550100326538086,0.879800021648407,1.0846692323684692,1.2731555700302124,145.76300048828125,0.5940676331520081
2023-08-24,0.6480587720870972,1.352370023727417,0.8774099946022034,1.086578607559204,1.2720541954040527,144.67300415039062,0.5974286794662476
2023-08-25,0.6413956880569458,1.358680009841919,0.8851000070571899,1.07991361618042,1.2592872381210327,146.06700134277344,0.591957688331604
2023-08-28,0.6416714191436768,1.3594000339508057,0.8847299814224243,1.0797386169433594,1.2589701414108276,146.531005859375,0.5910863876342773
2023-08-29,0.6428180932998657,1.3601100444793701,0.8834999799728394,1.0825556516647339,1.2611136436462402,146.46400451660156,0.5907477140426636
2023-08-30,0.647659957408905,1.3558900356292725,0.8789600133895874,1.0869210958480835,1.2636793851852417,145.98800659179688,0.5967476963996887
2023-08-31,0.6478782296180725,1.3535300493240356,0.8781099915504456,1.0932546854019165,1.271179437637329,146.0989990234375,0.5952983498573303
2023-09-01,0.6488408446311951,1.3509700298309326,0.8831999897956848,1.0844104290008545,1.2672826051712036,145.47300720214844,0.5976964831352234
2023-09-04,0.6452862024307251,1.3594499826431274,0.8852900266647339,1.07758629322052,1.2591445446014404,146.0570068359375,0.5942582488059998
2023-09-05,0.6458100080490112,1.3598699569702148,0.8847699761390686,1.0794472694396973,1.2623074054718018,146.54299926757812,0.5937396287918091
2023-09-06,0.6375396251678467,1.3638900518417358,0.8893899917602539,1.0726161003112793,1.2570552825927734,147.4709930419922,0.58841872215271
2023-09-07,0.6383001804351807,1.3638999462127686,0.8913599848747253,1.0724204778671265,1.2498750686645508,147.70899963378906,0.5870990753173828
2023-09-08,0.6377400159835815,1.3683500289916992,0.8926699757575989,1.0697818994522095,1.2475050687789917,147.33099365234375,0.588200032711029
2023-09-11,0.6397993564605713,1.3626999855041504,0.8920000195503235,1.071811318397522,1.2489992380142212,147.11300659179688,0.5901411175727844
2023-09-12,0.643200159072876,1.3578699827194214,0.8912100195884705,1.0750375986099243,1.2508755922317505,146.67799377441406,0.5916810035705566
2023-09-13,0.6428180932998657,1.3551000356674194,0.8913900256156921,1.075326681137085,1.2491724491119385,147.1580047607422,0.5909885764122009
2023-09-14,0.6421617865562439,1.3552500009536743,0.8931999802589417,1.0734220743179321,1.248953938484192,147.3459930419922,0.5920312404632568
2023-09-15,0.6432398557662964,1.3514800071716309,0.896399974822998,1.0637166500091553,1.2401869297027588,147.48199462890625,0.5906001329421997
2023-09-18,0.6440501809120178,1.3521900177001953,0.8968799710273743,1.0668259859085083,1.2397565841674805,147.8679962158203,0.5905383825302124
2023-09-19,0.643960177898407,1.3487000465393066,0.8972499966621399,1.0692671537399292,1.2383747100830078,147.60499572753906,0.5921399593353271
2023-09-20,0.646600067615509,1.3442699909210205,0.8973100185394287,1.0682048797607422,1.2393569946289062,147.74200439453125,0.5951495170593262
2023-09-21,0.6436100006103516,1.3476699590682983,0.8992000222206116,1.065303087234497,1.2328935861587524,148.3209991455078,0.5925294160842896
2023-09-22,0.6409598588943481,1.347749948501587,0.9044700264930725,1.0661548376083374,1.2294225692749023,147.6439971923828,0.5931796431541443
2023-09-25,0.6440999507904053,1.3476999998092651,0.9071000218391418,1.0648492574691772,1.2241849899291992,148.4340057373047,0.595710039138794
2023-09-26,0.6422001123428345,1.345039963722229,0.9120799899101257,1.0591648817062378,1.2213143110275269,148.81100463867188,0.5967299342155457
2023-09-27,0.6393861770629883,1.3519599437713623,0.9157599806785583,1.0569483041763306,1.2146830558776855,149.0449981689453,0.5947707891464233
2023-09-28,0.634759783744812,1.350100040435791,0.9208199977874756,1.0505305528640747,1.2135332822799683,149.4980010986328,0.591621458530426
2023-09-29,0.6427974700927734,1.3490999937057495,0.9147599935531616,1.0562450885772705,1.2204796075820923,149.33700561523438,0.5964398384094238
2023-10-02,0.6437202095985413,1.3573700189590454,0.9154800176620483,1.0565240383148193,1.2193039655685425,149.5399932861328,0.5995886921882629
2023-10-03,0.6362699270248413,1.3676300048828125,0.917900025844574,1.0480751991271973,1.209116816520691,149.8509979248047,0.5941911935806274
2023-10-04,0.6308901309967041,1.3709100484848022,0.9209700226783752,1.0472300052642822,1.2078461647033691,149.19200134277344,0.5913485288619995
2023-10-05,0.6329101920127869,1.3744200468063354,0.9166100025177002,1.0507071018218994,1.2137395143508911,148.96600341796875,0.5918700695037842
2023-10-06,0.6371049880981445,1.3705699443817139,0.9125900268554688,1.0546631813049316,1.2187690734863281,148.46299743652344,0.596640944480896
2023-10-09,0.6371999979019165,1.3661099672317505,0.9086999893188477,1.056747317314148,1.222090482711792,149.16000366210938,0.5972787737846375
2023-10-10,0.6420900225639343,1.358049988746643,0.9048399925231934,1.0578875541687012,1.2250398397445679,148.32699584960938,0.6031108498573303
2023-10-11,0.643347442150116,1.3583600521087646,0.9045500159263611,1.0604791641235352,1.229135513305664,148.6280059814453,0.6041894555091858
2023-10-12,0.6418097615242004,1.3594499826431274,0.9009900093078613,1.0624282360076904,1.2316333055496216,149.03599548339844,0.6019490957260132
2023-10-13,0.6316800117492676,1.3683799505233765,0.9078199863433838,1.0536741018295288,1.2183235883712769,149.7899932861328,0.5921609997749329
2023-10-16,0.6312999725341797,1.3644299507141113,0.9024900197982788,1.0521553754806519,1.215376853942871,149.5659942626953,0.5906604528427124
2023-10-17,0.6337798237800598,1.3614399433135986,0.9004700183868408,1.0554312467575073,1.2211503982543945,149.5780029296875,0.5901515483856201
2023-10-18,0.6362699270248413,1.3653000593185425,0.9001100063323975,1.057305932044983,1.2178784608840942,149.75900268554688,0.5894801616668701
2023-10-19,0.6332400441169739,1.3713799715042114,0.8985700011253357,1.053851842880249,1.214343786239624,149.74200439453125,0.5853909850120544
2023-10-20,0.6326999664306641,1.3715300559997559,0.891789972782135,1.0586491823196411,1.2137248516082764,149.802001953125,0.5842998623847961
2023-10-23,0.6320393085479736,1.370300054550171,0.8931999802589417,1.0589966773986816,1.2163970470428467,149.8800048828125,0.5829306244850159
2023-10-24,0.6336702108383179,1.3688499927520752,0.8906000256538391,1.0669853687286377,1.2250248193740845,149.7689971923828,0.5851101279258728
2023-10-25,0.6360999345779419,1.3741600513458252,0.893060028553009,1.059535264968872,1.216189980506897,149.85400390625,0.5846996307373047
2023-10-26,0.6296999454498291,1.3802900314331055,0.8967000246047974,1.056725025177002,1.210345983505249,150.09800720214844,0.5792199373245239
2023-10-27,0.6335999369621277,1.3813999891281128,0.898829996585846,1.0564459562301636,1.213710069656372,150.36599731445312,0.5828898549079895
2023-10-30,0.6338903307914734,1.3863400220870972,0.902400016784668,1.0562450885772705,1.2113723754882812,149.73300170898438,0.5808415412902832
2023-10-31,0.637100100517273,1.3828599452972412,0.9020599722862244,1.061503529548645,1.2165746688842773,149.11099243164062,0.584030270576477
2023-11-01,0.6339948177337646,1.387660026550293,0.9097999930381775,1.0579099655151367,1.215214490890503,151.29400634765625,0.5807403326034546
2023-11-02,0.642259955406189,1.3834400177001953,0.9055500030517578,1.05870521068573,1.2182197570800781,150.5749969482422,0.5879793763160706
2023-11-03,0.6427900195121765,1.3746999502182007,0.9060999751091003,1.0619093179702759,1.2191851139068604,150.4969940185547,0.5895808935165405
2023-11-06,0.6516865491867065,1.3660600185394287,0.8992099761962891,1.0732147693634033,1.237378716468811,149.44900512695312,0.5996102690696716
2023-11-07,0.6489419341087341,1.369729995727539,0.8992000222206116,1.0721560716629028,1.2345526218414307,149.98899841308594,0.5963000655174255
2023-11-08,0.6430099010467529,1.3768500089645386,0.8999699950218201,1.0696102380752563,1.2291808128356934,150.39599609375,0.5936000347137451
2023-11-09,0.6405698657035828,1.3793200254440308,0.8990799784660339,1.0710422992706299,1.2285012006759644,150.86399841308594,0.5912017226219177
2023-11-10,0.6361699104309082,1.3806999921798706,0.9031500220298767,1.0667576789855957,1.2217023372650146,151.3489990234375,0.5889298915863037
2023-11-13,0.6364598870277405,1.379889965057373,0.9019799828529358,1.069015622138977,1.2228227853775024,151.468994140625,0.5894210338592529
2023-11-14,0.6381002068519592,1.3801499605178833,0.901199996471405,1.0701825618743896,1.228063702583313,151.64599609375,0.5882906913757324
2023-11-15,0.6499837636947632,1.3699400424957275,0.8891000151634216,1.0878314971923828,1.2494533061981201,150.48500061035156,0.6004491448402405
2023-11-16,0.6511502265930176,1.368340015411377,0.8870800137519836,1.0854581594467163,1.2422360181808472,151.21499633789062,0.6028890609741211
2023-11-17,0.6470816731452942,1.3752100467681885,0.888480007648468,1.0853756666183472,1.2414957284927368,150.7050018310547,0.596530556678772
2023-11-20,0.6513597369194031,1.371899962425232,0.8859300017356873,1.090702772140503,1.2454540729522705,149.94200134277344,0.599621057510376
2023-11-21,0.6564001441001892,1.3724100589752197,0.8843600153923035,1.0945948362350464,1.2509069442749023,148.36199951171875,0.6039800047874451
2023-11-22,0.6559097170829773,1.3701000213623047,0.8831800222396851,1.0918222665786743,1.2544218301773071,148.15199279785156,0.6054185032844543
2023-11-23,0.6542789936065674,1.3692500591278076,0.8840299844741821,1.0890873670578003,1.2490007877349854,149.4600067138672,0.6021299958229065
2023-11-24,0.6560100317001343,1.3695000410079956,0.8844699859619141,1.0906314849853516,1.2533526420593262,149.63499450683594,0.604880154132843
2023-11-27,0.658129870891571,1.3630499839782715,0.8822500109672546,1.0940439701080322,1.2600330114364624,149.5709991455078,0.6077501177787781
2023-11-28,0.661250114440918,1.360700011253357,0.8799999952316284,1.0958423614501953,1.2634397745132446,148.45199584960938,0.6103999614715576
2023-11-29,0.6658999919891357,1.3562999963760376,0.8769000172615051,1.100594401359558,1.2712295055389404,147.06300354003906,0.614601731300354
2023-11-30,0.6619009971618652,1.3590199947357178,0.8733199834823608,1.0973695516586304,1.2696397304534912,147.03900146484375,0.6155892014503479
2023-12-01,0.6606799960136414,1.3556499481201172,0.8746600151062012,1.0892059803009033,1.2631685733795166,147.99899291992188,0.6157673001289368
2023-12-04,0.6682884097099304,1.348870038986206,0.8678500056266785,1.088814616203308,1.2713103294372559,146.39300537109375,0.6215388178825378
2023-12-05,0.6617100238800049,1.3538999557495117,0.8725100159645081,1.0837758779525757,1.2634079456329346,147.32699584960938,0.6165000200271606
2023-12-06,0.6554699540138245,1.3590999841690063,0.8749359846115112,1.0793657302856445,1.2594457864761353,147.18499755859375,0.613399088382721
2023-12-07,0.6551401019096375,1.359179973602295,0.8746399879455566,1.076669692993164,1.2558711767196655,147.1840057373047,0.6140506863594055
2023-12-08,0.6594479084014893,1.3598599433898926,0.8754400014877319,1.079214334487915,1.258954405784607,144.2779998779297,0.616158127784729
2023-12-11,0.6579799652099609,1.3580800294876099,0.8796200156211853,1.0765769481658936,1.2554770708084106,144.98300170898438,0.6124711632728577
2023-12-12,0.6565001010894775,1.357800006866455,0.8780999779701233,1.076658010482788,1.2554612159729004,146.0850067138672,0.612291157245636
2023-12-13,0.6564600467681885,1.3585000038146973,0.8751299977302551,1.0798670053482056,1.2570710182189941,145.27999877929688,0.6137492060661316
2023-12-14,0.6665000319480896,1.3508100509643555,0.8709700107574463,1.0886130332946777,1.2622915506362915,142.7729949951172,0.6190800070762634
2023-12-15,0.6702682375907898,1.3407000303268433,0.8671299815177917,1.0993602275848389,1.2771391868591309,142.2790069580078,0.6213298439979553
2023-12-18,0.6698910593986511,1.3381600379943848,0.8706120252609253,1.0895264148712158,1.2672343254089355,142.31300354003906,0.6209907531738281
2023-12-19,0.6703715920448303,1.3397799730300903,0.867110013961792,1.092382788658142,1.2651821374893188,142.7220001220703,0.6213804483413696
2023-12-20,0.6762998700141907,1.3334200382232666,0.8603000044822693,1.0981045961380005,1.2732689380645752,143.88900756835938,0.6270418167114258
2023-12-21,0.6739816665649414,1.335819959640503,0.8624600172042847,1.0945708751678467,1.2641266584396362,143.5229949951172,0.6253986954689026
2023-12-22,0.6796802878379822,1.3283900022506714,0.8562700152397156,1.100618600845337,1.268499493598938,142.07000732421875,0.6294692158699036
2023-12-25,0.6808788776397705,1.3256800174713135,0.8550699949264526,1.102657437324524,1.2677003145217896,142.3419952392578,0.6319299340248108
2023-12-26,0.6806008219718933,1.3250000476837158,0.8557400107383728,1.1020255088806152,1.27048659324646,142.22999572753906,0.6306001543998718
2023-12-27,0.6823800802230835,1.3195199966430664,0.8535799980163574,1.1043012142181396,1.272718071937561,142.46099853515625,0.6328513026237488
2023-12-28,0.6854700446128845,1.320199966430664,0.8423299789428711,1.110864281654358,1.2800819873809814,141.3990020751953,0.6349488496780396
2023-12-29,0.6826302409172058,1.3229600191116333,0.8433600068092346,1.1068191528320312,1.2733986377716064,141.42999267578125,0.6334887742996216
2024-01-01,0.6820491552352905,1.3239200115203857,0.8407589793205261,1.1055831909179688,1.272999882698059,140.95199584960938,0.6319698691368103
2024-01-02,0.6810504198074341,1.3242000341415405,0.8418899774551392,1.1038745641708374,1.2728800773620605,141.12600708007812,0.6315284371376038
2024-01-03,0.6765698194503784,1.332200050354004,0.8501200079917908,1.0941756963729858,1.2623074054718018,142.15499877929688,0.625
2024-01-04,0.6736002564430237,1.3347699642181396,0.8489000201225281,1.0927767753601074,1.2674272060394287,142.99899291992188,0.6251289248466492
2024-01-05,0.6706593036651611,1.3355000019073486,0.8500000238418579,1.0947387218475342,1.2684078216552734,144.76499938964844,0.6231298446655273
2024-01-08,0.6716412901878357,1.3359800577163696,0.8507300019264221,1.0942236185073853,1.271779179573059,144.71600341796875,0.6248789429664612
2024-01-09,0.6720001101493835,1.3349000215530396,0.8478999733924866,1.095170259475708,1.274518609046936,144.22999572753906,0.6251797676086426
2024-01-10,0.6684702038764954,1.338919997215271,0.852370023727417,1.0932426452636719,1.2712942361831665,144.42799377441406,0.6238303184509277
2024-01-11,0.6703999042510986,1.3378499746322632,0.8504999876022339,1.0975141525268555,1.274518609046936,145.73399353027344,0.6229597926139832
2024-01-12,0.6698498129844666,1.3379900455474854,0.8510100245475769,1.0981649160385132,1.2777756452560425,145.04600524902344,0.6242314577102661
2024-01-15,0.6689097881317139,1.340939998626709,0.8533200025558472,1.0945708751678467,1.273658275604248,145.1490020751953,0.6232999563217163
2024-01-16,0.6650399565696716,1.3435800075531006,0.8559799790382385,1.0945708751678467,1.2716174125671387,145.79400634765625,0.6190685629844666
2024-01-17,0.6588900089263916,1.3489999771118164,0.861299991607666,1.087878942489624,1.26385498046875,147.24600219726562,0.6140884160995483
2024-01-18,0.6551997661590576,1.3502800464630127,0.8643220067024231,1.0885775089263916,1.2676842212677002,148.1179962158203,0.611340343952179
2024-01-19,0.6582845449447632,1.348620057106018,0.8680800199508667,1.0879143476486206,1.2709871530532837,148.1280059814453,0.6120250821113586
2024-01-22,0.6595479249954224,1.3431600332260132,0.8684800267219543,1.089229702949524,1.2699863910675049,148.12100219726562,0.6118303537368774
2024-01-23,0.6570599675178528,1.347790002822876,0.8691200017929077,1.088020920753479,1.2706964015960693,148.14199829101562,0.607389509677887
2024-01-24,0.6586300730705261,1.3456000089645386,0.8695999979972839,1.0857881307601929,1.269196629524231,148.25100708007812,0.610340416431427
2024-01-25,0.6576697826385498,1.3525400161743164,0.8630200028419495,1.088174819946289,1.271876335144043,147.59100341796875,0.6108586192131042
2024-01-26,0.6585879921913147,1.3477699756622314,0.8669000267982483,1.0847046375274658,1.270825743675232,147.72300720214844,0.6108884811401367
2024-01-29,0.6578601002693176,1.3453999757766724,0.864139974117279,1.0843517780303955,1.2697607278823853,148.13999938964844,0.609289824962616
2024-01-30,0.6614194512367249,1.3411400318145752,0.8613200187683105,1.0834470987319946,1.2713264226913452,147.46800231933594,0.613481879234314
2024-01-31,0.659480094909668,1.3401700258255005,0.8618599772453308,1.08433997631073,1.269551157951355,147.36900329589844,0.613180935382843
2024-02-01,0.656150758266449,1.3435499668121338,0.862339973449707,1.0803920030593872,1.2678449153900146,146.99600219726562,0.611190915107727
2024-02-02,0.6574898362159729,1.3382999897003174,0.8576200008392334,1.0874648094177246,1.27472984790802,146.4510040283203,0.6145714521408081
2024-02-05,0.6505080461502075,1.3470100164413452,0.8669800162315369,1.0780043601989746,1.2621959447860718,148.50100708007812,0.6064502000808716
2024-02-06,0.6480293273925781,1.3543000221252441,0.8707000017166138,1.0741831064224243,1.2534469366073608,148.63999938964844,0.6053085327148438
2024-02-07,0.6529674530029297,1.34893000125885,0.8694999814033508,1.075719952583313,1.2606525421142578,147.8179931640625,0.6099792718887329
2024-02-08,0.6521880626678467,1.3464000225067139,0.8739100098609924,1.077574610710144,1.2627378702163696,148.08599853515625,0.6109594106674194
2024-02-09,0.6497599482536316,1.3459999561309814,0.873449981212616,1.0777255296707153,1.2620525360107422,149.25900268554688,0.6107914447784424
2024-02-12,0.6525583267211914,1.3457800149917603,0.8741599917411804,1.0798202753067017,1.2637271881103516,149.16700744628906,0.6147717237472534
2024-02-13,0.6528898477554321,1.3455300331115723,0.8758000135421753,1.0772264003753662,1.2627538442611694,149.40499877929688,0.6127901673316956
2024-02-14,0.6453399062156677,1.3565800189971924,0.8874099850654602,1.0708931684494019,1.2590652704238892,150.7239990234375,0.6057815551757812
2024-02-15,0.6498798131942749,1.3538700342178345,0.8851000070571899,1.0732147693634033,1.2568340301513672,150.54400634765625,0.609061598777771
2024-02-16,0.6525498628616333,1.3465299606323242,0.879800021648407,1.0773887634277344,1.259921908378601,149.9459991455078,0.6111199259757996
2024-02-19,0.6537913680076599,1.3477799892425537,0.880649983882904,1.0784927606582642,1.2611136436462402,150.09100341796875,0.6136400103569031
2024-02-20,0.6530783176422119,1.3497999906539917,0.8827469944953918,1.0775396823883057,1.2587641477584839,150.27000427246094,0.6142581701278687
2024-02-21,0.6553500890731812,1.3521900177001953,0.8818100094795227,1.0813149213790894,1.2627378702163696,149.93899536132812,0.616819441318512
2024-02-22,0.6553199887275696,1.3496999740600586,0.8792499899864197,1.0820403099060059,1.2638070583343506,150.35499572753906,0.6180316805839539
2024-02-23,0.6559101939201355,1.348140001296997,0.8799499869346619,1.0825674533843994,1.266367793083191,150.48300170898438,0.6195287704467773
2024-02-26,0.6565384864807129,1.3507200479507446,0.8812500238418579,1.0820051431655884,1.2672665119171143,150.4980010986328,0.6186893582344055
2024-02-27,0.6539598107337952,1.3501299619674683,0.8798999786376953,1.0850930213928223,1.268455982208252,150.5659942626953,0.6167091131210327
2024-02-28,0.6543898582458496,1.3531700372695923,0.8787999749183655,1.084481120109558,1.268166422843933,150.4949951171875,0.6170287728309631
2024-02-29,0.6494700312614441,1.3577500581741333,0.8787099719047546,1.0838816165924072,1.2663036584854126,150.656005859375,0.6097100377082825
2024-03-01,0.6498401165008545,1.3573700189590454,0.8844000101089478,1.0804970264434814,1.2625465393066406,150.09500122070312,0.6085797548294067
2024-03-04,0.6527883410453796,1.355239987373352,0.8833400011062622,1.084269404411316,1.26603102684021,150.10499572753906,0.6103813648223877
2024-03-05,0.6507620811462402,1.357200026512146,0.885200023651123,1.0855170488357544,1.269196629524231,150.46600341796875,0.6096594333648682
2024-03-06,0.6503900289535522,1.3589999675750732,0.8835800290107727,1.0855995416641235,1.27048659324646,150.0489959716797,0.6087798476219177
2024-03-07,0.6566298604011536,1.3512699604034424,0.882099986076355,1.089953899383545,1.2735446691513062,149.2689971923828,0.6127901673316956
2024-03-08,0.6621301770210266,1.3451999425888062,0.8770999908447266,1.0950144529342651,1.2815583944320679,147.8679962158203,0.6178789138793945
2024-03-11,0.6624314785003662,1.348449945449829,0.8775100111961365,1.0942955017089844,1.2855123281478882,146.7740020751953,0.6179400086402893
2024-03-12,0.6615506410598755,1.347749948501587,0.8772500157356262,1.093135118484497,1.2819806337356567,146.73199462890625,0.6170782446861267
2024-03-13,0.6607297658920288,1.349310040473938,0.8773900270462036,1.0927767753601074,1.2795906066894531,147.61900329589844,0.614960789680481
2024-03-14,0.6627599000930786,1.3466299772262573,0.8783800005912781,1.0955302715301514,1.2802129983901978,147.62100219726562,0.6165000200271606
2024-03-15,0.6579297780990601,1.3537700176239014,0.8842700123786926,1.0883406400680542,1.2745835781097412,148.29600524902344,0.6124786734580994
2024-03-18,0.6557978987693787,1.3546099662780762,0.8835899829864502,1.0882576704025269,1.2731393575668335,148.9550018310547,0.608698308467865
2024-03-19,0.655750572681427,1.3534799814224243,0.8875100016593933,1.087393879890442,1.272718071937561,149.1439971923828,0.6082687973976135
2024-03-20,0.6526401042938232,1.3573100566864014,0.8885400295257568,1.0863306522369385,1.2719409465789795,151.03500366210938,0.6048984527587891
2024-03-21,0.6597799062728882,1.347190022468567,0.8855500221252441,1.0937210321426392,1.2798361778259277,150.75999450683594,0.6089614629745483
2024-03-22,0.657418966293335,1.3526999950408936,0.8976799845695496,1.0862362384796143,1.2661913633346558,151.63299560546875,0.6046388149261475
2024-03-25,0.6515804529190063,1.3611500263214111,0.8976200222969055,1.0807539224624634,1.25979483127594,151.30499267578125,0.5990211963653564
2024-03-26,0.6538896560668945,1.3584599494934082,0.8994699716567993,1.0838228464126587,1.2637910842895508,151.3730010986328,0.6001608371734619
2024-03-27,0.6538982391357422,1.3581000566482544,0.9036499857902527,1.0832358598709106,1.2628495693206787,151.52999877929688,0.6007593870162964
2024-03-28,0.6521999835968018,1.3586000204086304,0.9054999947547913,1.0813382863998413,1.261670470237732,151.28700256347656,0.5992509126663208
2024-03-29,0.6516780853271484,1.353600025177002,0.9010699987411499,1.0794472694396973,1.26262629032135,151.44000244140625,0.5974700450897217
2024-04-01,0.6533001661300659,1.3521900177001953,0.9020000100135803,1.0792726278305054,1.2637271881103516,151.3979949951172,0.5986589789390564
2024-04-02,0.6487903594970703,1.3573700189590454,0.9050700068473816,1.0737217664718628,1.2545477151870728,151.58099365234375,0.5952416062355042
2024-04-03,0.651439905166626,1.3564300537109375,0.9078199863433838,1.076855182647705,1.2576876878738403,151.5399932861328,0.5969401001930237
2024-04-04,0.6568998694419861,1.3523800373077393,0.9028900265693665,1.0838346481323242,1.2651821374893188,151.58099365234375,0.6014711856842041
2024-04-05,0.6587702035903931,1.354449987411499,0.9015100002288818,1.0837054252624512,1.26401948928833,151.29200744628906,0.6027800440788269
2024-04-08,0.6570215821266174,1.3604099750518799,0.9031699895858765,1.0830481052398682,1.2625305652618408,151.69000244140625,0.6004491448402405
2024-04-09,0.6604998111724854,1.3570799827575684,0.9050099849700928,1.0863661766052246,1.2658709287643433,151.84300231933594,0.6034383773803711
2024-04-10,0.662850022315979,1.3572900295257568,0.9029800295829773,1.0859296321868896,1.2677645683288574,151.77699279785156,0.6067924499511719
2024-04-11,0.6507201194763184,1.3687000274658203,0.9130399823188782,1.074171543121338,1.2537612915039062,152.96400451660156,0.5974607467651367
2024-04-12,0.6540607213973999,1.368690013885498,0.9098299741744995,1.0726851224899292,1.2554770708084106,153.19200134277344,0.600121259689331
2024-04-15,0.6475803256034851,1.3758000135421753,0.9137700200080872,1.0649627447128296,1.2461835145950317,153.2830047607422,0.594558596611023
2024-04-16,0.644250214099884,1.3786300420761108,0.9115999937057495,1.0625749826431274,1.2447409629821777,154.20599365234375,0.5902804136276245
2024-04-17,0.6412801146507263,1.3818800449371338,0.912559986114502,1.0621461868286133,1.2431007623672485,154.697998046875,0.5892091989517212
2024-04-18,0.6439813375473022,1.3771799802780151,0.9103999733924866,1.0669398307800293,1.2453765869140625,154.3419952392578,0.5912995934486389
2024-04-19,0.6424699425697327,1.3769299983978271,0.9121000170707703,1.0644185543060303,1.2437657117843628,154.61000061035156,0.5903501510620117
2024-04-22,0.6425991654396057,1.373900055885315,0.9109830260276794,1.065825343132019,1.2375777959823608,154.63999938964844,0.5900297164916992
2024-04-23,0.6452862024307251,1.3700499534606934,0.9118899703025818,1.065405249595642,1.2350252866744995,154.81300354003906,0.5921199917793274
2024-04-24,0.6488901376724243,1.3660600185394287,0.9114000201225281,1.0704345703125,1.2453300952911377,154.74400329589844,0.5936902165412903
2024-04-25,0.6496999263763428,1.370419979095459,0.9144399762153625,1.0699878931045532,1.2459505796432495,155.25900268554688,0.593591570854187
2024-04-26,0.6523199677467346,1.3658000230789185,0.9125199913978577,1.072961449623108,1.2509069442749023,155.5970001220703,0.5958410501480103
2024-04-29,0.6541398763656616,1.36558997631073,0.9136880040168762,1.0706866979599,1.2510477304458618,158.2239990234375,0.5947707891464233
2024-04-30,0.6561899185180664,1.36667001247406,0.9107199907302856,1.0715701580047607,1.2559815645217896,156.31399536132812,0.5971611142158508
2024-05-01,0.6478001475334167,1.3776999711990356,0.9194899797439575,1.0666552782058716,1.2490164041519165,157.7220001220703,0.5879517197608948
2024-05-02,0.653190016746521,1.3723000288009644,0.9163600206375122,1.0721560716629028,1.2539342641830444,155.70399475097656,0.5930107831954956
2024-05-03,0.6571398973464966,1.3666199445724487,0.9097700119018555,1.073306918144226,1.2540600299835205,153.0449981689453,0.5963882803916931
2024-05-06,0.6609079837799072,1.3691500425338745,0.9059399962425232,1.0758124589920044,1.2541072368621826,153.5659942626953,0.6007593870162964
2024-05-07,0.6623920202255249,1.3670899868011475,0.9067000150680542,1.0767507553100586,1.2559815645217896,154.23699951171875,0.6009507179260254
2024-05-08,0.6589199900627136,1.3733199834823608,0.9084799885749817,1.0750491619110107,1.25014066696167,154.7480010986328,0.5997199416160583
2024-05-09,0.657680094242096,1.3727200031280518,0.9079899787902832,1.0746910572052002,1.2493284940719604,155.41900634765625,0.6004202961921692
2024-05-10,0.6620998978614807,1.3677799701690674,0.9058499932289124,1.078515887260437,1.2525677680969238,155.38900756835938,0.6036205291748047
2024-05-13,0.6601008772850037,1.3676999807357788,0.9064499735832214,1.077040672302246,1.2522854804992676,155.8179931640625,0.6018512845039368
2024-05-14,0.6612882018089294,1.366569995880127,0.9078999757766724,1.079354166984558,1.2561867237091064,156.23300170898438,0.6023406982421875
2024-05-15,0.6626027226448059,1.365280032157898,0.9067000150680542,1.0814552307128906,1.2585265636444092,156.4980010986328,0.6043282151222229
2024-05-16,0.6701065301895142,1.3596999645233154,0.9005299806594849,1.0889805555343628,1.2690032720565796,154.28199768066406,0.6130606532096863
2024-05-17,0.6683151721954346,1.3614599704742432,0.9059900045394897,1.0867793560028076,1.2672007083892822,155.37899780273438,0.6124201416969299
2024-05-20,0.6700705885887146,1.3607900142669678,0.9086999893188477,1.0875475406646729,1.2706480026245117,155.75399780273438,0.6136701107025146
2024-05-21,0.6672093272209167,1.3621000051498413,0.9101200103759766,1.086082935333252,1.2710840702056885,156.3699951171875,0.6108101606369019
2024-05-22,0.6667097806930542,1.3640300035476685,0.9111599922180176,1.0855170488357544,1.2711325883865356,156.25100708007812,0.6093807816505432
2024-05-23,0.6619185209274292,1.368899941444397,0.9150000214576721,1.0825204849243164,1.2721028327941895,156.70399475097656,0.6100090146064758
2024-05-24,0.6601487994194031,1.3732099533081055,0.914330005645752,1.0812681913375854,1.2694060802459717,156.97300720214844,0.609730064868927
2024-05-27,0.6624007821083069,1.3666000366210938,0.9143999814987183,1.0847634077072144,1.2736095190048218,156.8699951171875,0.6121711730957031
2024-05-28,0.6655617952346802,1.3628900051116943,0.9132000207901001,1.0861891508102417,1.2772371768951416,156.84500122070312,0.6152294278144836
2024-05-29,0.6647999286651611,1.3645999431610107,0.9122899770736694,1.0851871967315674,1.275835633277893,157.26199340820312,0.6140695810317993
2024-05-30,0.6613699793815613,1.3717000484466553,0.9128000140190125,1.0801819562911987,1.2697993516921997,157.60800170898438,0.6113590598106384
2024-05-31,0.6630301475524902,1.3683300018310547,0.9033100008964539,1.0835410356521606,1.27304208278656,156.9530029296875,0.6116507053375244
2024-06-03,0.6656903028488159,1.3618899583816528,0.9013199806213379,1.0853049755096436,1.2743724584579468,157.17999267578125,0.6148586869239807
2024-06-04,0.669008195400238,1.3628699779510498,0.8950200080871582,1.0907385349273682,1.2810165882110596,156.0760040283203,0.6193599700927734
2024-06-05,0.6646201014518738,1.3676199913024902,0.8899499773979187,1.0881866216659546,1.2773023843765259,155.12399291992188,0.6174706816673279
2024-06-06,0.6657789945602417,1.36899995803833,0.8924999833106995,1.087453007698059,1.2794759273529053,155.9290008544922,0.6196286082267761
2024-06-07,0.6669601202011108,1.366819977760315,0.8897200226783752,1.0894432067871094,1.2793285846710205,155.69700622558594,0.6197015643119812
2024-06-10,0.6582714915275574,1.3759000301361084,0.8960999846458435,1.0778882503509521,1.2729448080062866,156.83299255371094,0.6106199026107788
2024-06-11,0.6608948111534119,1.3761199712753296,0.8965799808502197,1.0764262676239014,1.2726370096206665,157.0399932861328,0.6128314733505249
2024-06-12,0.6607699394226074,1.3754899501800537,0.8977800011634827,1.0740330219268799,1.274047613143921,157.10499572753906,0.614601731300354
2024-06-13,0.6662899851799011,1.372189998626709,0.8942599892616272,1.0813149213790894,1.27962327003479,156.8000030517578,0.6186816692352295
2024-06-14,0.6633102893829346,1.3740999698638916,0.8939300179481506,1.0738831758499146,1.2755101919174194,157.1280059814453,0.6161011457443237
2024-06-17,0.6612882018089294,1.3732999563217163,0.8907300233840942,1.0702168941497803,1.2683112621307373,157.54600524902344,0.6137416958808899
2024-06-18,0.6622077822685242,1.3713300228118896,0.8883000016212463,1.0740677118301392,1.2715997695922852,157.6999969482422,0.613800048828125
2024-06-19,0.6661200523376465,1.3716200590133667,0.8841800093650818,1.0742292404174805,1.2707449197769165,157.87100219726562,0.614058256149292
2024-06-20,0.6675300002098083,1.3705799579620361,0.8842999935150146,1.0751532316207886,1.2721998691558838,157.95799255371094,0.6139414310455322
2024-06-21,0.6660698652267456,1.3684699535369873,0.8914899826049805,1.0706409215927124,1.2660471200942993,158.93099975585938,0.6122798919677734
2024-06-24,0.6635000109672546,1.370129942893982,0.89410001039505,1.0687757730484009,1.2639029026031494,159.86099243164062,0.6111199259757996
2024-06-25,0.6654599905014038,1.3657900094985962,0.8931900262832642,1.0732723474502563,1.268343448638916,159.68600463867188,0.6120513081550598
2024-06-26,0.6644800901412964,1.3661099672317505,0.8952000141143799,1.0709619522094727,1.268399715423584,159.68600463867188,0.6119089722633362
2024-06-27,0.6644783020019531,1.3704500198364258,0.8967000246047974,1.068010926246643,1.262179970741272,160.62100219726562,0.6080284118652344
2024-06-28,0.6650599241256714,1.3699300289154053,0.8985199928283691,1.0708472728729248,1.2645741701126099,160.68699645996094,0.6084686517715454
2024-07-01,0.6674007773399353,1.3672699928283691,0.9002000093460083,1.0735257863998413,1.2648621797561646,160.90699768066406,0.6099197268486023
2024-07-02,0.6654599905014038,1.3737800121307373,0.9031599760055542,1.0737102031707764,1.2645741701126099,161.51199340820312,0.6064796447753906
2024-07-03,0.6668298244476318,1.3676799535751343,0.903689980506897,1.0748412609100342,1.2690355777740479,161.50399780273438,0.6082206964492798
2024-07-04,0.6710900068283081,1.3633300065994263,0.9007599949836731,1.0793308019638062,1.2747784852981567,161.62100219726562,0.6107205748558044
2024-07-05,0.6725085377693176,1.3615200519561768,0.9002500176429749,1.0810693502426147,1.2755752801895142,161.35800170898438,0.611340343952179
2024-07-08,0.6746591329574585,1.363800048828125,0.8952299952507019,1.082602620124817,1.2806508541107178,160.63800048828125,0.6141110062599182
2024-07-09,0.6743202209472656,1.3629499673843384,0.8978099822998047,1.0830950736999512,1.2815583944320679,160.85699462890625,0.6131207942962646
2024-07-10,0.6741496920585632,1.3630000352859497,0.8974000215530396,1.0814785957336426,1.2787723541259766,161.33099365234375,0.6127113103866577
2024-07-11,0.6751797795295715,1.3617199659347534,0.8992000222206116,1.083329677581787,1.285264492034912,161.60699462890625,0.6087983250617981
2024-07-12,0.6768500804901123,1.3624399900436401,0.8960300087928772,1.0872756242752075,1.292373776435852,158.2010040283203,0.6094588041305542
2024-07-15,0.6771998405456543,1.3645999431610107,0.8968899846076965,1.0885539054870605,1.2966804504394531,158.31300354003906,0.6095516681671143
2024-07-16,0.6763300895690918,1.3675999641418457,0.8954700231552124,1.0901559591293335,1.2970000505447388,158.14100646972656,0.6076810956001282
2024-07-17,0.6731998324394226,1.3669500350952148,0.8932200074195862,1.0902509689331055,1.29776930809021,158.35000610351562,0.6069099307060242
2024-07-18,0.6730697751045227,1.3678699731826782,0.8823500275611877,1.094020128250122,1.3007453680038452,155.68600463867188,0.608061671257019
2024-07-19,0.6705500483512878,1.3702000379562378,0.8873000144958496,1.0901559591293335,1.2951691150665283,157.14999389648438,0.6043793559074402
2024-07-22,0.6696308851242065,1.3707000017166138,0.8880100250244141,1.0899182558059692,1.2933096885681152,157.4219970703125,0.6024205088615417
2024-07-23,0.6640105843544006,1.3761199712753296,0.8895000219345093,1.0889805555343628,1.2932428121566772,156.89100646972656,0.5978501439094543
2024-07-24,0.6612094640731812,1.3785799741744995,0.8915200233459473,1.0850694179534912,1.2901561260223389,155.76800537109375,0.595291256904602
2024-07-25,0.6574798822402954,1.3810299634933472,0.8850200176239014,1.0839520692825317,1.289989709854126,153.89100646972656,0.5927295684814453
2024-07-26,0.6542999744415283,1.3819299936294556,0.8806399703025818,1.0851283073425293,1.2856775522232056,153.69700622558594,0.5889801979064941
2024-07-29,0.6554999947547913,1.3827999830245972,0.8842999935150146,1.0853756666183472,1.2868356704711914,154.13900756835938,0.5889000296592712
2024-07-30,0.6551405787467957,1.3855799436569214,0.8860999941825867,1.081946611404419,1.286041259765625,153.83299255371094,0.5877305269241333
2024-07-31,0.6541501879692078,1.3849600553512573,0.8820300102233887,1.0816072225570679,1.2836971282958984,152.6699981689453,0.5902003049850464
2024-08-01,0.6547001004219055,1.3808300495147705,0.8781399726867676,1.082391619682312,1.2853139638900757,149.74400329589844,0.595181405544281
2024-08-02,0.6494898200035095,1.3880599737167358,0.8729000091552734,1.0787602663040161,1.27289617061615,149.2010040283203,0.5936197638511658
2024-08-05,0.6497219204902649,1.3883099555969238,0.8561000227928162,1.0910836458206177,1.278788685798645,145.58399963378906,0.594700038433075
2024-08-06,0.6515498757362366,1.3805299997329712,0.8548300266265869,1.0950982570648193,1.2788705825805664,145.7899932861328,0.5950503945350647
2024-08-07,0.6515001654624939,1.3786499500274658,0.8525500297546387,1.0926215648651123,1.2684721946716309,144.73199462890625,0.5974107980728149
2024-08-08,0.6515973806381226,1.3754700422286987,0.8592699766159058,1.0928125381469727,1.2680377960205078,146.12399291992188,0.5986088514328003
2024-08-09,0.659200131893158,1.3735400438308716,0.8668500185012817,1.0915720462799072,1.2747459411621094,147.66900634765625,0.6007015705108643
2024-08-12,0.6569784283638,1.3735899925231934,0.8650400042533875,1.091381311416626,1.2750385999679565,147.04200744628906,0.5994916558265686
2024-08-13,0.6585316061973572,1.3742300271987915,0.8647300004959106,1.0936251878738403,1.2771228551864624,146.98199462890625,0.6023406982421875
2024-08-14,0.6638598442077637,1.3709100484848022,0.8650500178337097,1.0996986627578735,1.2866700887680054,146.9709930419922,0.6079211831092834
2024-08-15,0.6600006818771362,1.3715699911117554,0.8648059964179993,1.1013215780258179,1.2828736305236816,147.2530059814453,0.6000707745552063
2024-08-16,0.6612488627433777,1.37336003780365,0.8724899888038635,1.0972732305526733,1.2859420776367188,149.2220001220703,0.5980896949768066
2024-08-19,0.6672983765602112,1.3678300380706787,0.867579996585846,1.1024993658065796,1.294716238975525,147.95599365234375,0.6057485342025757
2024-08-20,0.6735321879386902,1.3630000352859497,0.8623700141906738,1.1086474657058716,1.2990386486053467,146.69900512695312,0.6117704510688782
2024-08-21,0.6747274398803711,1.3617299795150757,0.8535599708557129,1.112792730331421,1.3035430908203125,145.3470001220703,0.6157407760620117
2024-08-22,0.6749701499938965,1.3583300113677979,0.8511000275611877,1.115536093711853,1.309346079826355,145.1179962158203,0.6162492632865906
2024-08-23,0.6708199381828308,1.3603399991989136,0.8517000079154968,1.111716389656067,1.3097747564315796,146.20199584960938,0.6143600344657898
2024-08-26,0.6787806153297424,1.3508000373840332,0.847320020198822,1.1187934875488281,1.3212658166885376,144.0,0.6224092245101929
2024-08-27,0.6772910952568054,1.3482099771499634,0.847100019454956,1.1164700984954834,1.3191741704940796,144.51600646972656,0.6205514073371887
2024-08-28,0.6787898540496826,1.3447699546813965,0.8417199850082397,1.117793083190918,1.3257501125335693,143.97500610351562,0.6244106888771057
2024-08-29,0.6783100962638855,1.3476999998092651,0.8418200016021729,1.1124955415725708,1.3193656206130981,144.43299865722656,0.6247500777244568
2024-08-30,0.67958003282547,1.3489099740982056,0.8469399809837341,1.1080454587936401,1.3166210651397705,144.88999938964844,0.6263309121131897
2024-09-02,0.6768001914024353,1.3488999605178833,0.8504999876022339,1.1044842004776,1.3128528594970703,146.38099670410156,0.625
2024-09-03,0.6787299513816833,1.3497300148010254,0.8513699769973755,1.1067456007003784,1.314198613166809,146.7220001220703,0.6230490803718567
2024-09-04,0.6714000701904297,1.3543399572372437,0.8499299883842468,1.1048868894577026,1.3114066123962402,145.35299682617188,0.618739128112793
2024-09-05,0.6716187596321106,1.3508100509643555,0.8460400104522705,1.1080454587936401,1.3144749402999878,143.32400512695312,0.6186702251434326
2024-09-06,0.6740502119064331,1.3500100374221802,0.8438100218772888,1.1111111640930176,1.317748785018921,143.39300537109375,0.6224402189254761
2024-09-09,0.6670802235603333,1.3562099933624268,0.843940019607544,1.1087212562561035,1.3133355379104614,142.48599243164062,0.6171315908432007
2024-09-10,0.6657878756523132,1.3564000129699707,0.8494499921798706,1.1037527322769165,1.307138204574585,143.177001953125,0.6142317652702332
2024-09-11,0.6653298139572144,1.3609600067138672,0.8466200232505798,1.1020983457565308,1.3080273866653442,142.23399353027344,0.6150099039077759
2024-09-12,0.6676998138427734,1.3578399419784546,0.8525999784469604,1.1010911464691162,1.3039510250091553,142.58999633789062,0.6132185459136963
2024-09-13,0.6726899147033691,1.3575799465179443,0.8498799800872803,1.1077877283096313,1.313232183456421,141.49899291992188,0.6187008619308472
2024-09-16,0.6713797450065613,1.3577699661254883,0.8476999998092651,1.1088441610336304,1.3137997388839722,140.7899932861328,0.6164087653160095
2024-09-17,0.6751897931098938,1.3586299419403076,0.8445799946784973,1.1129536628723145,1.3210737705230713,140.7899932861328,0.6196094155311584
2024-09-18,0.6762696504592896,1.3592100143432617,0.8463299870491028,1.1123099327087402,1.3167423009872437,142.01499938964844,0.619398295879364
2024-09-19,0.676369845867157,1.3610700368881226,0.8472999930381775,1.1114816665649414,1.3201146125793457,142.7100067138672,0.6208904981613159
2024-09-20,0.6809576749801636,1.3562699556350708,0.8477799892425537,1.1161960363388062,1.328179955482483,142.85800170898438,0.6237019300460815
2024-09-23,0.6809993982315063,1.3564200401306152,0.8508999943733215,1.1160838603973389,1.331398367881775,144.00399780273438,0.6236202716827393
2024-09-24,0.6834102272987366,1.3529499769210815,0.847320020198822,1.1111727952957153,1.3349887132644653,143.63800048828125,0.6267195343971252
2024-09-25,0.6905400156974792,1.3421000242233276,0.841509997844696,1.1191190481185913,1.3427324295043945,142.96299743652344,0.6352190971374512
2024-09-26,0.6821599006652832,1.3482199907302856,0.850570023059845,1.1131023168563843,1.3315792083740234,144.68299865722656,0.6257195472717285
2024-09-27,0.689280092716217,1.3475699424743652,0.8462399840354919,1.117717981338501,1.341381549835205,145.0760040283203,0.6331197619438171
2024-09-30,0.6918787360191345,1.3508800268173218,0.840499997138977,1.1169815063476562,1.338329792022705,142.7830047607422,0.634981095790863
2024-10-01,0.6915801763534546,1.352720022201538,0.8453099727630615,1.113660216331482,1.3376137018203735,143.7100067138672,0.6345298290252686
2024-10-02,0.6879992485046387,1.3494600057601929,0.846340000629425,1.1063904762268066,1.327404260635376,143.73599243164062,0.6282985806465149
2024-10-03,0.6887099742889404,1.3504899740219116,0.8499100208282471,1.1048502922058105,1.326611876487732,146.58200073242188,0.6261191964149475
2024-10-04,0.6850300431251526,1.3548200130462646,0.8518099784851074,1.103557825088501,1.3130252361297607,146.83999633789062,0.6217281222343445
2024-10-07,0.6800592541694641,1.3579200506210327,0.8586900234222412,1.0974539518356323,1.3125253915786743,148.82000732421875,0.6160784363746643
2024-10-08,0.6755999326705933,1.361799955368042,0.8545799851417542,1.0975743532180786,1.3084723949432373,148.14599609375,0.6128502488136292
2024-10-09,0.6739597916603088,1.3652000427246094,0.8574000000953674,1.0975743532180786,1.309483289718628,148.15899658203125,0.6131395697593689
2024-10-10,0.6717401146888733,1.3709299564361572,0.8604699969291687,1.0943313837051392,1.306830883026123,149.16000366210938,0.6070908308029175
2024-10-11,0.6740997433662415,1.3745700120925903,0.8565499782562256,1.0933860540390015,1.3062163591384888,148.70399475097656,0.6096000075340271
2024-10-14,0.6731105446815491,1.378119945526123,0.858299970626831,1.0925379991531372,1.3049037456512451,149.33399963378906,0.6091692447662354
2024-10-15,0.6725999116897583,1.3802900314331055,0.8621000051498413,1.0909169912338257,1.3067454099655151,149.6699981689453,0.6089614629745483
2024-10-16,0.6682080030441284,1.3781100511550903,0.8625400066375732,1.0884116888046265,1.3065917491912842,149.0989990234375,0.6056311726570129
2024-10-17,0.6664889454841614,1.375499963760376,0.8652999997138977,1.0862481594085693,1.29902184009552,149.5760040283203,0.6058696508407593
2024-10-18,0.6699718832969666,1.3795700073242188,0.8659300208091736,1.0829542875289917,1.301574945449829,150.10000610351562,0.6060715913772583
2024-10-21,0.6716818809509277,1.3799599409103394,0.8649299740791321,1.0868619680404663,1.3052616119384766,149.60000610351562,0.6076700091362
2024-10-22,0.6653094291687012,1.3833500146865845,0.8654099702835083,1.0817828178405762,1.298296570777893,150.60499572753906,0.6023297905921936
2024-10-23,0.6685997843742371,1.3816200494766235,0.8655300140380859,1.079727053642273,1.2982797622680664,151.13800048828125,0.604580283164978
2024-10-24,0.663599967956543,1.3836699724197388,0.8667399883270264,1.0780508518218994,1.291372299194336,152.7689971923828,0.6006186604499817
2024-10-25,0.663702130317688,1.3853299617767334,0.8658699989318848,1.0824151039123535,1.2973365783691406,151.7830047607422,0.6008387804031372
2024-10-28,0.6603406071662903,1.3895599842071533,0.8684599995613098,1.0796570777893066,1.295823574066162,152.95199584960938,0.5979001522064209
2024-10-29,0.6582671999931335,1.3889800310134888,0.8648599982261658,1.0816774368286133,1.2974711656570435,153.1790008544922,0.5986300110816956
2024-10-30,0.6563001871109009,1.3912800550460815,0.8672199845314026,1.0820636749267578,1.3014055490493774,153.2740020751953,0.5971183180809021
2024-10-31,0.6572798490524292,1.3907999992370605,0.8662999868392944,1.0859178304672241,1.2959579229354858,153.20399475097656,0.5971112251281738
2024-11-01,0.657680094242096,1.3935199975967407,0.86353999376297,1.0886130332946777,1.2897733449935913,151.97999572753906,0.5971503853797913
2024-11-04,0.6591914296150208,1.3918800354003906,0.8676000237464905,1.087453007698059,1.2953401803970337,152.28700256347656,0.5987414717674255
2024-11-05,0.6584101915359497,1.3900699615478516,0.8641700148582458,1.0874056816101074,1.2954542636871338,152.2760009765625,0.5973715782165527
2024-11-06,0.6641499996185303,1.3832999467849731,0.8624100089073181,1.093445897102356,1.3043591976165771,151.43499755859375,0.60165935754776
2024-11-07,0.6567001342773438,1.394819974899292,0.8756999969482422,1.073306918144226,1.2883278131484985,154.32000732421875,0.5938806533813477
2024-11-08,0.6676815152168274,1.3867299556732178,0.8727800250053406,1.0795172452926636,1.2982292175292969,153.17999267578125,0.6022282242774963
2024-11-11,0.65845787525177,1.390779972076416,0.8759999871253967,1.0714898109436035,1.2917059659957886,152.9040069580078,0.5966302156448364
2024-11-12,0.6577605605125427,1.3921500444412231,0.8802700042724609,1.066439151763916,1.2874983549118042,153.47999572753906,0.596911609172821
2024-11-13,0.6529401540756226,1.3945499658584595,0.8821600079536438,1.061672568321228,1.2739177942276,154.65499877929688,0.5923293828964233
2024-11-14,0.6492705345153809,1.3992700576782227,0.8857700228691101,1.0564124584197998,1.27068030834198,155.4290008544922,0.5882906913757324
2024-11-15,0.6455498337745667,1.406149983406067,0.8904399871826172,1.0530084371566772,1.266784906387329,156.46800231933594,0.5849800705909729
2024-11-18,0.6463413834571838,1.4085899591445923,0.888670027256012,1.0533745288848877,1.261765956878662,154.66400146484375,0.5863211154937744
2024-11-19,0.650590181350708,1.4022400379180908,0.8831999897956848,1.059490442276001,1.2679253816604614,154.61700439453125,0.5890703797340393
2024-11-20,0.6541501879692078,1.3954999446868896,0.882070004940033,1.0607603788375854,1.2694543600082397,154.71800231933594,0.5919612050056458
2024-11-21,0.6513999700546265,1.3968000411987305,0.883650004863739,1.0546187162399292,1.2655344009399414,155.2949981689453,0.5884000062942505
2024-11-22,0.6510289311408997,1.3980000019073486,0.886900007724762,1.0469341278076172,1.2584789991378784,154.21800231933594,0.5857407450675964
2024-11-25,0.6539880037307739,1.393280029296875,0.890470027923584,1.0479873418807983,1.2593823671340942,154.14599609375,0.5862111449241638
2024-11-26,0.646379828453064,1.4098399877548218,0.8888000249862671,1.0444300174713135,1.2533055543899536,154.3780059814453,0.5811284184455872
2024-11-27,0.6475173830986023,1.405310034751892,0.8862699866294861,1.0491198301315308,1.2573871612548828,153.00900268554688,0.5837098360061646
2024-11-28,0.6497219204902649,1.4026299715042114,0.8820000290870667,1.0562450885772705,1.2677645683288574,151.33599853515625,0.5893411636352539
2024-11-29,0.6507400274276733,1.4007200002670288,0.8823400139808655,1.0563008785247803,1.2696800231933594,151.1739959716797,0.5896400213241577
2024-12-02,0.6502415537834167,1.4012600183486938,0.8820269703865051,1.0545074939727783,1.270163893699646,149.8979949951172,0.5906500220298767
2024-12-03,0.6475300192832947,1.4042999744415283,0.8862800002098083,1.0501223802566528,1.265854835510254,149.50799560546875,0.5884602665901184
2024-12-04,0.6485504508018494,1.4065899848937988,0.8863999843597412,1.0510826110839844,1.2674272060394287,149.64700317382812,0.5882110595703125
2024-12-05,0.6432936787605286,1.4073100090026855,0.8837500214576721,1.051414132118225,1.2701154947280884,150.56700134277344,0.5857201814651489
2024-12-06,0.6449898481369019,1.40215003490448,0.8784199953079224,1.058559536933899,1.2759333848953247,150.20700073242188,0.5882214307785034
2024-12-09,0.639991819858551,1.4147800207138062,0.8786699771881104,1.0565463304519653,1.2749296426773071,150.02999877929688,0.5838802456855774
2024-12-10,0.643790602684021,1.417199969291687,0.8785899877548218,1.0555204153060913,1.2749085426330566,151.4080047607422,0.5858985781669617
2024-12-11,0.6376001834869385,1.4174400568008423,0.8824999928474426,1.0532968044281006,1.2780042886734009,151.8070068359375,0.58022141456604
2024-12-12,0.6383902430534363,1.4148900508880615,0.8832100033760071,1.0506850481033325,1.2766337394714355,152.2449951171875,0.5794212818145752
2024-12-13,0.6375001668930054,1.421720027923584,0.892009973526001,1.0474056005477905,1.2677323818206787,152.58700561523438,0.5770307183265686
2024-12-16,0.6367115378379822,1.4225900173187256,0.8917440176010132,1.051005244255066,1.2627378702163696,153.4530029296875,0.5770706534385681
2024-12-17,0.6376400589942932,1.4234700202941895,0.8940399885177612,1.0517348051071167,1.2690355777740479,154.08599853515625,0.5791997909545898
2024-12-18,0.6341153979301453,1.4309699535369873,0.8924800157546997,1.0495051145553589,1.2710840702056885,153.57200622558594,0.5758113265037537
2024-12-19,0.6206199526786804,1.4460999965667725,0.9017000198364258,1.0350252389907837,1.2567708492279053,154.67300415039062,0.5617314577102661
2024-12-20,0.6233997941017151,1.440310001373291,0.8989899754524231,1.0364949703216553,1.2497968673706055,157.6439971923828,0.562749981880188
2024-12-23,0.6252892017364502,1.4361300468444824,0.8930500149726868,1.0433076620101929,1.256991982460022,156.5330047607422,0.5651601552963257
2024-12-24,0.6244925856590271,1.4374200105667114,0.8984699845314026,1.0405826568603516,1.2534469366073608,157.1649932861328,0.5646591186523438
2024-12-25,0.6239081621170044,1.4362000226974487,0.9003000259399414,1.0402579307556152,1.2536041736602783,157.10699462890625,0.5648000836372375
2024-12-26,0.6244574785232544,1.4353599548339844,0.8994200229644775,1.0399551391601562,1.254374623298645,157.13299560546875,0.5650898814201355
2024-12-27,0.6223007440567017,1.4410400390625,0.8988999724388123,1.0423181056976318,1.2529758214950562,157.7480010986328,0.5625594258308411
2024-12-30,0.6225099563598633,1.4403400421142578,0.9018399715423584,1.0429377555847168,1.257880687713623,157.8730010986328,0.5639394521713257
2024-12-31,0.621999979019165,1.434980034828186,0.9032400250434875,1.040615200996399,1.254909873008728,156.9949951171875,0.5639712810516357
2025-01-02,0.6194201707839966,1.437459945678711,0.9077500104904175,1.0351860523223877,1.2519248723983765,157.718994140625,0.5598414540290833
2025-01-03,0.6200800538063049,1.4402999877929688,0.9120100140571594,1.0268205404281616,1.2380222082138062,157.36199951171875,0.5592997670173645
2025-01-06,0.6220104694366455,1.444000005722046,0.909309983253479,1.0305347442626953,1.2426837682724,157.4810028076172,0.5616084337234497
2025-01-07,0.623910129070282,1.433859944343567,0.9050400257110596,1.0386372804641724,1.2510946989059448,157.7429962158203,0.5639108419418335
2025-01-08,0.6234919428825378,1.4364099502563477,0.9094499945640564,1.034554123878479,1.247785210609436,158.23599243164062,0.5635485649108887
2025-01-09,0.6211604475975037,1.4377000331878662,0.9109500050544739,1.0314701795578003,1.2359870672225952,158.19200134277344,0.5605400204658508
2025-01-10,0.6189700961112976,1.4401600360870361,0.9120699763298035,1.0297601222991943,1.2299367189407349,158.04800415039062,0.5593501329421997
2025-01-13,0.6154982447624207,1.4414900541305542,0.9167699813842773,1.0244431495666504,1.2204945087432861,157.88699340820312,0.5564799308776855
2025-01-14,0.6192100048065186,1.4362800121307373,0.9157800078392029,1.0265253782272339,1.2233314514160156,157.36399841308594,0.5604187846183777
2025-01-15,0.619160532951355,1.4351500272750854,0.9124600291252136,1.0306835174560547,1.221344232559204,158.0500030517578,0.5602993965148926
2025-01-16,0.6235401034355164,1.4326200485229492,0.91211998462677,1.0295268297195435,1.2243348360061646,156.2550048828125,0.562828540802002
2025-01-17,0.6210300922393799,1.439579963684082,0.9111700057983398,1.0301949977874756,1.2236906290054321,155.3560028076172,0.5608084797859192
2025-01-20,0.6195403337478638,1.4474300146102905,0.9146000146865845,1.0277386903762817,1.2171002626419067,156.30599975585938,0.5587310194969177
2025-01-21,0.6281000375747681,1.4302599430084229,0.906059980392456,1.0420682430267334,1.233136773109436,155.24899291992188,0.5681785941123962
2025-01-22,0.6262015104293823,1.4342700242996216,0.9067100286483765,1.0405935049057007,1.2335399389266968,155.7740020751953,0.5660911202430725
2025-01-23,0.6275002360343933,1.4393600225448608,0.9063100218772888,1.0410159826278687,1.231420874595642,156.44000244140625,0.5663604140281677
2025-01-24,0.6283262372016907,1.4378399848937988,0.9074900150299072,1.041601538658142,1.2353914976119995,156.15499877929688,0.5675497651100159
2025-01-27,0.6292909979820251,1.4385099411010742,0.9068400263786316,1.0467586517333984,1.2459352016448975,155.74400329589844,0.5692297220230103
2025-01-28,0.6263799667358398,1.4400999546051025,0.904009997844696,1.0445064306259155,1.2460592985153198,154.90899658203125,0.5668194890022278
2025-01-29,0.6254573464393616,1.4399900436401367,0.9041299819946289,1.0429050922393799,1.2441680431365967,155.5590057373047,0.566559374332428
2025-01-30,0.6239782571792603,1.4399000406265259,0.9062700271606445,1.0425245761871338,1.245530128479004,155.1699981689453,0.5665208697319031
2025-01-31,0.6215001940727234,1.4493000507354736,0.9093689918518066,1.0397279262542725,1.2423903942108154,154.0970001220703,0.5636406540870667
2025-02-03,0.614420473575592,1.4716999530792236,0.9152299761772156,1.024779200553894,1.2291958332061768,155.36300659179688,0.5569603443145752
2025-02-04,0.6217397451400757,1.4417999982833862,0.9116100072860718,1.0327378511428833,1.2431780099868774,155.27699279785156,0.5626797080039978
2025-02-05,0.6251093745231628,1.43340003490448,0.905239999294281,1.0372798442840576,1.2478163242340088,154.13299560546875,0.5648409128189087
2025-02-06,0.6285473704338074,1.4315299987792969,0.9013299942016602,1.0400848388671875,1.2504063844680786,152.6060028076172,0.5689285397529602
2025-02-07,0.6281801462173462,1.430609941482544,0.9050999879837036,1.0385725498199463,1.2437502145767212,151.1929931640625,0.5674885511398315
2025-02-10,0.6258898973464966,1.4331799745559692,0.9107400178909302,1.0311616659164429,1.2391574382781982,151.8459930419922,0.5647388100624084
2025-02-11,0.6271283030509949,1.4336600303649902,0.911329984664917,1.0301525592803955,1.2360633611679077,151.75900268554688,0.5635008811950684
2025-02-12,0.629830002784729,1.4285099506378174,0.9129899740219116,1.0364949703216553,1.245159387588501,152.73899841308594,0.565930962562561
2025-02-13,0.6282985806465149,1.4300700426101685,0.9133999943733215,1.039198637008667,1.2450664043426514,154.2550048828125,0.5641399025917053
2025-02-14,0.6316919922828674,1.4192099571228027,0.903249979019165,1.0461673736572266,1.2563445568084717,152.98899841308594,0.5680010914802551
2025-02-17,0.6356511116027832,1.4184000492095947,0.8998299837112427,1.0489217042922974,1.2584155797958374,152.0229949951172,0.5732991695404053
2025-02-18,0.6356107592582703,1.4184999465942383,0.9007200002670288,1.048536777496338,1.262148141860962,151.44400024414062,0.5732301473617554
2025-02-19,0.6353119015693665,1.4189200401306152,0.9035999774932861,1.044833779335022,1.2625784873962402,151.93099975585938,0.5705190300941467
2025-02-20,0.6341274976730347,1.4240399599075317,0.9045600295066833,1.0421009063720703,1.2584155797958374,151.22000122070312,0.5701189637184143
2025-02-21,0.6404098868370056,1.4176000356674194,0.8980600237846375,1.0500562191009521,1.2670401334762573,149.4080047607422,0.5764286518096924
2025-02-24,0.6370319724082947,1.4211599826812744,0.8984500169754028,1.0474823713302612,1.2649900913238525,149.38699340820312,0.5751191973686218
2025-02-25,0.6338099837303162,1.4276000261306763,0.8973000049591064,1.0461344718933105,1.261781930923462,149.86399841308594,0.5726589560508728
2025-02-26,0.6352877020835876,1.4300700426101685,0.8924000263214111,1.0524100065231323,1.2674431800842285,149.0780029296875,0.5731086134910583
2025-02-27,0.6310780644416809,1.4335999488830566,0.8942999839782715,1.0488777160644531,1.2682307958602905,148.83799743652344,0.5699889063835144
2025-02-28,0.623219907283783,1.444350004196167,0.8999199867248535,1.039511799812317,1.259890079498291,150.01199340820312,0.5627208352088928
2025-03-03,0.6220685243606567,1.444100022315979,0.9025700092315674,1.0413846969604492,1.260398268699646,150.77099609375,0.560519278049469
2025-03-04,0.6215812563896179,1.4490000009536743,0.8966000080108643,1.0485037565231323,1.270147681236267,149.30499267578125,0.5613404512405396
2025-03-05,0.6269985437393188,1.439710021018982,0.8896399736404419,1.062699317932129,1.2794268131256104,149.7989959716797,0.5661584734916687
2025-03-06,0.6338099837303162,1.433859944343567,0.89069002866745,1.0794938802719116,1.2891913652420044,148.8979949951172,0.5729608535766602
2025-03-07,0.6332280039787292,1.429110050201416,0.8833199739456177,1.0787951946258545,1.2885303497314453,148.10800170898438,0.5736609101295471
2025-03-10,0.6303898096084595,1.437019944190979,0.8773400187492371,1.086059331893921,1.2932428121566772,147.60800170898438,0.5710598230361938
2025-03-11,0.6279513835906982,1.4428900480270386,0.8799800276756287,1.0839403867721558,1.2875481843948364,147.06900024414062,0.5695084929466248
2025-03-12,0.6295286417007446,1.4432400465011597,0.8834400177001953,1.0914170742034912,1.294481635093689,148.04200744628906,0.5712099075317383
2025-03-13,0.6327592134475708,1.436169981956482,0.8817700147628784,1.0886249542236328,1.2964283227920532,148.2790069580078,0.5737004280090332
2025-03-14,0.6287410259246826,1.442579984664917,0.8826199769973755,1.085564136505127,1.2958402633666992,147.94900512695312,0.5703107714653015
2025-03-17,0.6326191425323486,1.4369200468063354,0.884090006351471,1.0881274938583374,1.2930588722229004,148.59800720214844,0.5752515196800232
2025-03-18,0.638198733329773,1.4295099973678589,0.881201982498169,1.091917634010315,1.2985326051712036,149.37899780273438,0.5824688673019409
2025-03-19,0.6361202001571655,1.4299499988555908,0.8767449855804443,1.093948245048523,1.3000519275665283,149.45199584960938,0.5818588137626648
2025-03-20,0.6364116668701172,1.4319000244140625,0.8763999938964844,1.0911908149719238,1.3010668754577637,148.49000549316406,0.582160234451294
2025-03-21,0.6303898096084595,1.4322700500488281,0.8813769817352295,1.0856702327728271,1.2967981100082397,148.5959930419922,0.5761895179748535
2025-03-24,0.6288319230079651,1.43326997756958,0.8829200267791748,1.0835762023925781,1.2924572229385376,149.677001953125,0.574540913105011
2025-03-25,0.6285908222198486,1.4316099882125854,0.8826900124549866,1.0803569555282593,1.2924238443374634,150.7740020751953,0.5726786255836487
2025-03-26,0.6309000849723816,1.427299976348877,0.8826500177383423,1.0787487030029297,1.2943308353424072,149.9499969482422,0.573309063911438
2025-03-27,0.6287015080451965,1.4294999837875366,0.8841599822044373,1.0742061138153076,1.2877637147903442,150.47300720214844,0.5718991756439209
2025-03-28,0.6301594376564026,1.4307500123977661,0.8813999891281128,1.080100178718567,1.295202612876892,150.8470001220703,0.5736411809921265
2025-03-31,0.6282907128334045,1.4309099912643433,0.8808500170707703,1.082391619682312,1.2938284873962402,149.61700439453125,0.570711076259613
2025-04-01,0.6241885423660278,1.4390699863433838,0.8838199973106384,1.0818880796432495,1.292089819908142,149.91299438476562,0.5670509338378906
2025-04-02,0.6289584636688232,1.4292099475860596,0.883400022983551,1.0795987844467163,1.292306900024414,149.7830047607422,0.571389377117157
2025-04-03,0.6264698505401611,1.4216500520706177,0.8767899870872498,1.090869426727295,1.3046314716339111,147.8719940185547,0.5727606415748596
2025-04-04,0.6323510408401489,1.4081000089645386,0.8592100143432617,1.1043744087219238,1.308866262435913,146.2310028076172,0.5786601901054382
2025-04-07,0.5987701416015625,1.4241100549697876,0.851610004901886,1.098454475402832,1.2910722494125366,145.43299865722656,0.5541394352912903
2025-04-08,0.5997613072395325,1.4237799644470215,0.8597099781036377,1.0915361642837524,1.2734960317611694,147.78900146484375,0.553709864616394
2025-04-09,0.595528781414032,1.4253000020980835,0.8456599712371826,1.0980443954467773,1.2790995836257935,145.84500122070312,0.5518489480018616
2025-04-10,0.6133614778518677,1.4101300239562988,0.8554499745368958,1.0952062606811523,1.2825446128845215,147.3990020751953,0.5637201070785522
2025-04-11,0.6223394870758057,1.3950999975204468,0.8207600116729736,1.1257838010787964,1.2992074489593506,143.7469940185547,0.5747886300086975
2025-04-14,0.6301316618919373,1.3873900175094604,0.8180599808692932,1.1343141794204712,1.3085237741470337,143.6959991455078,0.5836314558982849
2025-04-15,0.631991446018219,1.3899999856948853,0.8159599900245667,1.1339668035507202,1.3174536228179932,143.2209930419922,0.5866995453834534
2025-04-16,0.6337898373603821,1.3956999778747559,0.8207700252532959,1.1292672157287598,1.323101282119751,143.18099975585938,0.5895496606826782
2025-04-17,0.6372998952865601,1.3859699964523315,0.8137500286102295,1.1396790742874146,1.3233989477157593,141.92799377441406,0.5935387015342712
2025-04-22,0.6421988606452942,1.383430004119873,0.8090500235557556,1.1512778997421265,1.3379716873168945,140.87600708007812,0.600009560585022
2025-04-23,0.6376200914382935,1.3847099542617798,0.8260700106620789,1.1351252794265747,1.327316164970398,142.68800354003906,0.5960683226585388
2025-04-24,0.6365291476249695,1.387410044670105,0.829800009727478,1.132733702659607,1.326453447341919,143.22300720214844,0.5952416062355042
2025-04-25,0.6403483152389526,1.3858000040054321,0.8287400007247925,1.1371906995773315,1.3326226472854614,142.87899780273438,0.5987988114356995
2025-04-28,0.63840651512146,1.3870799541473389,0.8284000158309937,1.1343141794204712,1.3290096521377563,143.84100341796875,0.5949406027793884
2025-04-29,0.6428800821304321,1.3830100297927856,0.8211899995803833,1.1409143209457397,1.3436164855957031,142.17799377441406,0.597200334072113
2025-04-30,0.6386919617652893,1.382680058479309,0.823419988155365,1.1389262676239014,1.3410794734954834,142.2989959716797,0.5936691164970398
2025-05-01,0.6413093209266663,1.3789600133895874,0.8259599804878235,1.1324899196624756,1.3323917388916016,143.00900268554688,0.5938313007354736
2025-05-02,0.6386797428131104,1.3846499919891357,0.828980028629303,1.1296498775482178,1.3286387920379639,145.447998046875,0.5913485288619995
2025-05-05,0.644558310508728,1.3822300434112549,0.8241000175476074,1.1323232650756836,1.3271929025650024,144.62399291992188,0.5952097177505493
2025-05-06,0.6461409330368042,1.3821899890899658,0.8217909932136536,1.1313369274139404,1.3292568922042847,143.6540069580078,0.5961394309997559
2025-05-07,0.6506688594818115,1.3769400119781494,0.8256300091743469,1.1342755556106567,1.335594892501831,143.03500366210938,0.6015110015869141
2025-05-08,0.6434799432754517,1.3834199905395508,0.8239499926567078,1.1306205987930298,1.3294159173965454,143.84800720214844,0.5940182209014893
2025-05-09,0.6392595171928406,1.392449975013733,0.8317999839782715,1.122422695159912,1.323539137840271,146.01499938964844,0.589918315410614
2025-05-12,0.642091691493988,1.3924000263214111,0.8337299823760986,1.12296462059021,1.3289036750793457,145.81199645996094,0.5920698046684265
2025-05-13,0.6371780633926392,1.397420048713684,0.8448699712753296,1.1095577478408813,1.3177834749221802,148.30999755859375,0.5861286520957947
2025-05-14,0.6472617387771606,1.3932000398635864,0.8394299745559692,1.1185556650161743,1.3304418325424194,147.5279998779297,0.593591570854187
2025-05-15,0.6428800821304321,1.3978999853134155,0.8412320017814636,1.1181930303573608,1.3263479471206665,146.64999389648438,0.5896400213241577
2025-05-16,0.640578031539917,1.3954700231552124,0.8345999717712402,1.1192693710327148,1.3306896686553955,145.61300659179688,0.5873715281486511
2025-05-19,0.6410001516342163,1.395259976387024,0.8354499936103821,1.1187559366226196,1.3305498361587524,145.29800415039062,0.5886993408203125
2025-05-20,0.6455819606781006,1.3956899642944336,0.8349900245666504,1.1233429908752441,1.3360053300857544,144.97500610351562,0.5930987000465393
2025-05-21,0.6425999999046326,1.3909300565719604,0.8267120122909546,1.1287955045700073,1.3397821187973022,144.3280029296875,0.5927401185035706
2025-05-22,0.6433101892471313,1.386080026626587,0.8250700235366821,1.133118748664856,1.3419036865234375,143.7550048828125,0.5933485627174377
2025-05-23,0.6409804821014404,1.3858000040054321,0.8283799886703491,1.1281843185424805,1.3419216871261597,143.85800170898438,0.5897617340087891
2025-05-26,0.6501189470291138,1.3737200498580933,0.822409987449646,1.1372811794281006,1.3535828590393066,142.86700439453125,0.5991683602333069
2025-05-27,0.6481007933616638,1.373579978942871,0.8204200267791748,1.1388484239578247,1.3565207719802856,142.65499877929688,0.5994700789451599
2025-05-28,0.6447120904922485,1.38100004196167,0.8272600173950195,1.1337097883224487,1.3513330221176147,144.177001953125,0.5948100686073303
2025-05-29,0.6425207257270813,1.3851100206375122,0.8325499892234802,1.123368263244629,1.3431472778320312,145.69700622558594,0.5959084630012512
2025-05-30,0.6445998549461365,1.3805700540542603,0.8219699859619141,1.1378376483917236,1.3498992919921875,143.7790069580078,0.5978608727455139
2025-06-02,0.644321620464325,1.3726199865341187,0.8222699761390686,1.1353315114974976,1.346728801727295,143.81500244140625,0.5973109006881714
2025-06-03,0.6498401165008545,1.3710700273513794,0.8159400224685669,1.1453442573547363,1.3556748628616333,142.45199584960938,0.6047887206077576
2025-06-04,0.646608829498291,1.371500015258789,0.8228899836540222,1.1384464502334595,1.353143334388733,143.83700561523438,0.6006113886833191
2025-06-05,0.6490682363510132,1.3679100275039673,0.8179699778556824,1.1422044038772583,1.3552155494689941,142.73199462890625,0.6027400493621826
2025-06-06,0.6510501503944397,1.36667001247406,0.8192499876022339,1.1453834772109985,1.3579576015472412,143.54200744628906,0.6042296290397644
2025-06-09,0.6500217914581299,1.3690600395202637,0.8212599754333496,1.1407841444015503,1.3538211584091187,144.6909942626953,0.6024205088615417
2025-06-10,0.6518101692199707,1.3698899745941162,0.8212000131607056,1.1428048610687256,1.3556748628616333,144.5399932861328,0.6050887703895569
2025-06-11,0.6527202129364014,1.3668299913406372,0.8219199776649475,1.143746018409729,1.3508219718933105,144.83799743652344,0.6059100031852722
2025-06-12,0.6509501338005066,1.366569995880127,0.8184000253677368,1.1509333848953247,1.3567416667938232,144.2030029296875,0.6036598682403564
2025-06-13,0.6527999043464661,1.3596500158309937,0.8090000152587891,1.1600254774093628,1.3627691268920898,143.19400024414062,0.6065201163291931
2025-06-16,0.6499997973442078,1.3583999872207642,0.8122159838676453,1.1556684970855713,1.3557006120681763,144.09100341796875,0.603900134563446
2025-06-17,0.6511001586914062,1.357450008392334,0.8137099742889404,1.1551345586776733,1.3565576076507568,144.72900390625,0.6049203872680664
2025-06-18,0.6479797959327698,1.3683600425720215,0.8168699741363525,1.1482638120651245,1.3430029153823853,145.37600708007812,0.6019382476806641
2025-06-19,0.6507408618927002,1.3696000576019287,0.8190600275993347,1.1477497816085815,1.3416515588760376,144.9550018310547,0.6029508709907532
2025-06-20,0.6488786935806274,1.3695499897003174,0.8163899779319763,1.1512778997421265,1.3476725816726685,145.21800231933594,0.6000816226005554
2025-06-23,0.6446704864501953,1.3739299774169922,0.8177499771118164,1.1500862836837769,1.3435983657836914,146.2239990234375,0.5962104797363281
2025-06-24,0.6477800011634827,1.3728599548339844,0.8125799894332886,1.1599044799804688,1.3545364141464233,145.92799377441406,0.5995383262634277
2025-06-25,0.6495999097824097,1.3726600408554077,0.8051499724388123,1.161224365234375,1.361488938331604,144.95700073242188,0.6011313199996948
2025-06-26,0.6523114442825317,1.3711999654769897,0.8037300109863281,1.1683744192123413,1.369187831878662,144.9040069580078,0.6055908203125
2025-06-27,0.654630184173584,1.3643100261688232,0.8008900284767151,1.1692214012145996,1.37247633934021,144.69400024414062,0.6058990359306335
2025-06-30,0.6533215045928955,1.3681399822235107,0.7982500195503235,1.1727453470230103,1.3719680309295654,144.51699829101562,0.6063987016677856
2025-07-01,0.6578081846237183,1.3605400323867798,0.7927200198173523,1.178717017173767,1.3730605840682983,143.8000030517578,0.6092397570610046
2025-07-02,0.6583105325698853,1.3644299507141113,0.790690004825592,1.180553913116455,1.374721646308899,143.40199279785156,0.6100797653198242
2025-07-03,0.6582901477813721,1.3587100505828857,0.7914999723434448,1.18002450466156,1.3650014400482178,143.5260009765625,0.6089392304420471
2025-07-04,0.6577298641204834,1.357300043106079,0.7940999865531921,1.1771491765975952,1.366829752922058,144.6820068359375,0.608009934425354
2025-07-07,0.6551792025566101,1.3603299856185913,0.7940400242805481,1.178078293800354,1.3651504516601562,144.4980010986328,0.6051217317581177
2025-07-08,0.6506096124649048,1.366529941558838,0.7971600294113159,1.1736538410186768,1.3623607158660889,145.89199829101562,0.6007810235023499
2025-07-09,0.6524518728256226,1.3668400049209595,0.7958700060844421,1.1724566221237183,1.3585295677185059,146.8489990234375,0.5993586778640747
2025-07-10,0.6535905003547668,1.368399977684021,0.792930006980896,1.17311692237854,1.3593051433563232,146.11399841308594,0.5998404622077942
2025-07-11,0.6594000458717346,1.365630030632019,0.796720027923584,1.1702749729156494,1.3579576015472412,146.28799438476562,0.6041712164878845
2025-07-14,0.6578081846237183,1.368399977684021,0.7967900037765503,1.1682106256484985,1.3493820428848267,147.2949981689453,0.6006907820701599
2025-07-15,0.6544716358184814,1.3704700469970703,0.7978699803352356,1.1666297912597656,1.3428045511245728,147.79200744628906,0.5971896052360535
2025-07-16,0.651898980140686,1.3716399669647217,0.8014199733734131,1.1607391834259033,1.3393335342407227,148.76100158691406,0.5954294800758362
2025-07-17,0.6525000333786011,1.3689299821853638,0.8009200096130371,1.1635754108428955,1.3411099910736084,148.0030059814453,0.594590425491333
2025-07-18,0.649819016456604,1.3735899925231934,0.8028799891471863,1.161548137664795,1.3432555198669434,148.44200134277344,0.5944314002990723
2025-07-21,0.6512112617492676,1.3724000453948975,0.8011800050735474,1.1630746126174927,1.341597557067871,148.43099975585938,0.5952805876731873
2025-07-22,0.6528096795082092,1.3675800561904907,0.798084020614624,1.1694538593292236,1.348945140838623,147.40899658203125,0.5969614386558533
2025-07-23,0.6554712057113647,1.3604300022125244,0.7936300039291382,1.1739156246185303,1.352155327796936,146.78500366210938,0.600009560585022
2025-07-24,0.6603999137878418,1.3601499795913696,0.7920470237731934,1.1774264574050903,1.3579576015472412,146.3489990234375,0.604781448841095
2025-07-25,0.6597176194190979,1.3640600442886353,0.7948700189590454,1.1756131649017334,1.3510043621063232,147.0050048828125,0.6037116050720215
2025-07-28,0.6572980284690857,1.37021005153656,0.7953699827194214,1.1756821870803833,1.344085931777954,147.81300354003906,0.6019309759140015
2025-07-29,0.6524008512496948,1.3734300136566162,0.8030999898910522,1.1596757173538208,1.336023211479187,148.47900390625,0.5971896052360535
2025-07-30,0.651321530342102,1.3773900270462036,0.8054699897766113,1.1550945043563843,1.3353630304336548,148.44200134277344,0.595461368560791
2025-07-31,0.6447120904922485,1.3825199604034424,0.8132100105285645,1.1429355144500732,1.3257676362991333,149.2259979248047,0.5907686352729797
2025-08-01,0.6429089903831482,1.385699987411499,0.8138999938964844,1.142374038696289,1.3209865093231201,150.77200317382812,0.5888692140579224
2025-08-04,0.6469100117683411,1.3778300285339355,0.8040099740028381,1.158668041229248,1.3289920091629028,147.34300231933594,0.5914185047149658
2025-08-05,0.6474796533584595,1.3767999410629272,0.8070899844169617,1.1584129333496094,1.3297518491744995,146.79299926757812,0.5916984677314758
2025-08-06,0.6472994685173035,1.3770699501037598,0.8069199919700623,1.1579166650772095,1.3299463987350464,147.55999755859375,0.5909292101860046
2025-08-07,0.6500217914581299,1.37391996383667,0.8060500025749207,1.1663167476654053,1.3357912302017212,147.1929931640625,0.59284907579422
2025-08-08,0.6525711417198181,1.3732500076293945,0.8056899905204773,1.1676650047302246,1.345152735710144,146.83700561523438,0.597011387348175
2025-08-11,0.6517715454101562,1.3752700090408325,0.8074700236320496,1.1647952795028687,1.3444474935531616,147.66400146484375,0.5949299931526184
2025-08-12,0.6514403223991394,1.377369999885559,0.8118000030517578,1.1618449687957764,1.3435261249542236,148.125,0.5940499901771545
2025-08-13,0.6529802083969116,1.376960039138794,0.8061400055885315,1.1677058935165405,1.3504207134246826,147.75799560546875,0.5957806706428528
2025-08-14,0.6551706194877625,1.3752100467681885,0.8047199845314026,1.171289324760437,1.3585295677185059,147.1199951171875,0.5981004238128662
2025-08-15,0.6497514843940735,1.381309986114502,0.8075199723243713,1.1651345491409302,1.3530701398849487,147.6909942626953,0.5921083688735962
2025-08-18,0.651296079158783,1.381500005722046,0.8065999746322632,1.1706587076187134,1.3556381464004517,147.26400756835938,0.5928595662117004
2025-08-19,0.6494801044464111,1.380210041999817,0.8074100017547607,1.1668338775634766,1.3508219718933105,147.91600036621094,0.5923784375190735
2025-08-20,0.6454598307609558,1.3866000175476074,0.8077700138092041,1.164252758026123,1.348679542541504,147.7310028076172,0.5897687077522278
2025-08-21,0.6436100006103516,1.387279987335205,0.8041399717330933,1.165175199508667,1.3466380834579468,147.3179931640625,0.5828185081481934
2025-08-22,0.6425496339797974,1.3900400400161743,0.8086699843406677,1.16130530834198,1.3419395685195923,148.38600158691406,0.5822314620018005
2025-08-25,0.6484898924827576,1.3828799724578857,0.8022599816322327,1.1709601879119873,1.35111403465271,147.21499633789062,0.5865412354469299
2025-08-26,0.6481099724769592,1.3859299421310425,0.8061699867248535,1.1618449687957764,1.3453518152236938,147.82200622558594,0.5849184393882751
2025-08-27,0.6495801210403442,1.3833400011062622,0.8037599921226501,1.1639411449432373,1.3478723764419556,147.46200561523438,0.5858402848243713
2025-08-28,0.6511399745941162,1.3781399726867676,0.8015000224113464,1.1647952795028687,1.3503841161727905,147.3159942626953,0.5861183404922485
2025-08-29,0.6532399654388428,1.3749799728393555,0.8015900254249573,1.1681560277938843,1.35111403465271,146.7899932861328,0.5885087847709656
2025-09-01,0.6543598771095276,1.3738399744033813,0.8006399869918823,1.1691803932189941,1.3503841161727905,147.0970001220703,0.5896887183189392
2025-09-02,0.6556801199913025,1.3747400045394897,0.8001499772071838,1.1715912818908691,1.3547931909561157,147.08399963378906,0.5906291007995605
2025-09-03,0.6518301367759705,1.3784500360488892,0.8052899837493896,1.163602590560913,1.3383476734161377,148.54800415039062,0.5861698985099792
2025-09-04,0.6544399857521057,1.3793100118637085,0.8037999868392944,1.16604483127594,1.3441582918167114,147.97999572753906,0.5881107449531555
2025-09-05,0.6521999835968018,1.381500005722046,0.8051300048828125,1.1656913757324219,1.3444474935531616,148.375,0.5851101279258728
2025-09-08,0.655450165271759,1.3833999633789062,0.7991799712181091,1.1713168621063232,1.3492909669876099,148.343994140625,0.5888698697090149
2025-09-09,0.6598090529441833,1.3795000314712524,0.7928100228309631,1.1769136190414429,1.3553073406219482,147.36399841308594,0.5945091247558594
2025-09-10,0.6584700345993042,1.384660005569458,0.7972999811172485,1.1702749729156494,1.352109670639038,147.39199829101562,0.5925999879837036
2025-09-11,0.6619316339492798,1.3860499858856201,0.7986699938774109,1.1703435182571411,1.3534730672836304,147.33200073242188,0.5943783521652222
2025-09-12,0.6668000221252441,1.383370041847229,0.7959499955177307,1.1734747886657715,1.3576626777648926,147.2239990234375,0.5977801084518433
2025-09-15,0.6648998260498047,1.3839000463485718,0.7967000007629395,1.1726491451263428,1.3553440570831299,147.66600036621094,0.5953408479690552
2025-09-16,0.6673001646995544,1.3774000406265259,0.7946599721908569,1.1763737201690674,1.3602666854858398,147.40499877929688,0.596911609172821
2025-09-17,0.6688998937606812,1.3738800287246704,0.7859100103378296,1.1871408224105835,1.365392804145813,146.41299438476562,0.5989401340484619
2025-09-18,0.6652501225471497,1.3769899606704712,0.7883399724960327,1.1826341152191162,1.3629734516143799,146.89100646972656,0.5934189558029175
2025-09-19,0.6617901921272278,1.3791799545288086,0.7925099730491638,1.1791062355041504,1.3556013107299805,147.94700622558594,0.5891293883323669
2025-09-22,0.6589308381080627,1.3782000541687012,0.7962300181388855,1.1736950874328613,1.3464748859405518,148.09500122070312,0.5851306319236755
2025-09-23,0.660199761390686,1.3824900388717651,0.792389988899231,1.1801080703735352,1.3514974117279053,147.72500610351562,0.5868799686431885
2025-09-24,0.6597799062728882,1.3839099407196045,0.7914299964904785,1.1814465522766113,1.3524478673934937,147.61300659179688,0.5856995582580566
2025-09-25,0.6586921215057373,1.3896000385284424,0.7946599721908569,1.1744670867919922,1.3452396392822266,148.75100708007812,0.5816601514816284
2025-09-26,0.6537314653396606,1.3940999507904053,0.8000400066375732,1.166275978088379,1.333653450012207,149.86099243164062,0.5763190388679504
2025-09-29,0.6553998589515686,1.39382004737854,0.7974799871444702,1.170823097229004,1.3408241271972656,149.40499877929688,0.577820897102356
2025-09-30,0.6581978797912598,1.3916200399398804,0.7972000241279602,1.1731443405151367,1.3437248468399048,148.59500122070312,0.5781516432762146
2025-10-01,0.6610700488090515,1.3923499584197998,0.7961999773979187,1.1735849380493164,1.3443390130996704,147.9969940185547,0.5795992612838745
2025-10-02,0.6615498065948486,1.3939499855041504,0.7969099879264832,1.1734058856964111,1.3480178117752075,147.08299255371094,0.5821806192398071
2025-10-03,0.6598090529441833,1.396090030670166,0.7970200181007385,1.1725116968154907,1.3446643352508545,147.14999389648438,0.5819502472877502
2025-10-06,0.6593101024627686,1.3964999914169312,0.7971900105476379,1.171248197555542,1.3433817625045776,149.6060028076172,0.5824688673019409
2025-10-07,0.6616500020027161,1.3946000337600708,0.7949100136756897,1.171028733253479,1.3484903573989868,150.33099365234375,0.5840998888015747
2025-10-08,0.6580505967140198,1.3952800035476685,0.7985900044441223,1.1654603481292725,1.3421016931533813,152.05099487304688,0.5797706246376038
2025-10-09,0.6584500670433044,1.3954600095748901,0.8015000224113464,1.1631964445114136,1.3401411771774292,152.67999267578125,0.5783489346504211
2025-10-10,0.6561291813850403,1.4018800258636475,0.8061699867248535,1.156644344329834,1.3304948806762695,152.96499633789062,0.5752912163734436
2025-10-13,0.6498401165008545,1.3998500108718872,0.8023200035095215,1.160240888595581,1.3336178064346313,152.05599975585938,0.5726786255836487
2025-10-14,0.651159942150116,1.4039000272750854,0.8042899966239929,1.1566845178604126,1.3332622051239014,152.4340057373047,0.5717487335205078
2025-10-15,0.6491301655769348,1.4045000076293945,0.8015300035476685,1.1602274179458618,1.3321610689163208,151.7310028076172,0.5715000629425049
2025-10-16,0.6508001685142517,1.4046000242233276,0.7965499758720398,1.1646324396133423,1.3404465913772583,150.9739990234375,0.5716115236282349
2025-10-17,0.64823979139328,1.4046000242233276,0.7918300032615662,1.1699601411819458,1.3445558547973633,150.1199951171875,0.572701632976532
2025-10-20,0.6501701474189758,1.4015899896621704,0.7935900092124939,1.165745735168457,1.342588186264038,150.89999389648438,0.5731808543205261
2025-10-21,0.6516313552856445,1.4033000469207764,0.7924000024795532,1.164442539215088,1.3405184745788574,150.7740020751953,0.5744485259056091
2025-10-22,0.6491904854774475,1.4019900560379028,0.7967000007629395,1.160038948059082,1.336523175239563,151.89300537109375,0.5742605328559875
2025-10-23,0.6489999890327454,1.3988800048828125,0.7960900068283081,1.1608469486236572,1.3351848125457764,151.95399475097656,0.5736905336380005
2025-10-24,0.6514798402786255,1.3986599445343018,0.7950800061225891,1.1618045568466187,1.332746982574463,152.6020050048828,0.5755196809768677
2025-10-27,0.653398334980011,1.399340033531189,0.7960500121116638,1.1631693840026855,1.3322391510009766,153.06100463867188,0.5760199427604675
2025-10-28,0.6558598279953003,1.3991400003433228,0.7946100234985352,1.165175199508667,1.3341000080108643,152.69200134277344,0.5775506496429443
2025-10-29,0.6585099697113037,1.3938900232315063,0.7928299903869629,1.1657865047454834,1.3279330730438232,151.7310028076172,0.5783589482307434
2025-10-30,0.657680094242096,1.394129991531372,0.7997999787330627,1.1603351831436157,1.3195397853851318,152.7220001220703,0.5764286518096924
2025-10-31,0.6559299826622009,1.398110032081604,0.8015900254249573,1.157246708869934,1.3159106969833374,153.89999389648438,0.5745310187339783
2025-11-03,0.6545702219009399,1.4015400409698486,0.8048999905586243,1.1528042554855347,1.3134735822677612,154.19500732421875,0.5722787976264954
2025-11-04,0.6541078090667725,1.4055399894714355,0.8081300258636475,1.1519144773483276,1.3135254383087158,154.20399475097656,0.5707013010978699
2025-11-05,0.6485601663589478,1.4100899696350098,0.8103299736976624,1.1485539674758911,1.3021697998046875,153.5570068359375,0.5642401576042175
2025-11-06,0.6509907841682434,1.410230040550232,0.8097299933433533,1.1496764421463013,1.3052598237991333,154.072998046875,0.566899836063385
2025-11-07,0.6483898758888245,1.411180019378662,0.805899977684021,1.1549211740493774,1.3140950202941895,152.947998046875,0.5639013051986694
2025-11-10,0.650239884853363,1.404379963874817,0.8070899844169617,1.1543878316879272,1.3142677545547485,153.81700134277344,0.5627208352088928
2025-11-11,0.653488039970398,1.4025499820709229,0.8051599860191345,1.1557220220565796,1.3172974586486816,154.14599609375,0.5643786787986755
2025-11-12,0.6529499292373657,1.4015799760818481,0.8003299832344055,1.1587486267089844,1.3152875900268555,154.0749969482422,0.5657292604446411
2025-11-13,0.6536400318145752,1.4009300470352173,0.797819972038269,1.159218668937683,1.3127838373184204,154.71299743652344,0.566228985786438
2025-11-14,0.6529000401496887,1.4035500288009644,0.7932699918746948,1.1631964445114136,1.3152183294296265,154.63299560546875,0.5650898814201355
2025-11-17,0.6533001661300659,1.4018199443817139,0.7942799925804138,1.1615345478057861,1.3160146474838257,154.5850067138672,0.5676302909851074
2025-11-18,0.6492701172828674,1.4050500392913818,0.796239972114563,1.159057378768921,1.3156163692474365,155.2729949951172,0.5654797554016113
2025-11-19,0.6509018540382385,1.3985099792480469,0.8001999855041504,1.1581177711486816,1.3147515058517456,155.54800415039062,0.5659213662147522
2025-11-20,0.649000883102417,1.4042500257492065,0.8054199814796448,1.154068112373352,1.3061821460723877,156.99200439453125,0.5614413619041443
2025-11-21,0.6449499130249023,1.409119963645935,0.8054800033569336,1.1534557342529297,1.308489441871643,157.36900329589844,0.5591809153556824
2025-11-24,0.6462398767471313,1.4094599485397339,0.8086699843406677,1.1507612466812134,1.3096375465393066,156.68800354003906,0.5613183975219727
2025-11-25,0.6465799808502197,1.4108999967575073,0.8086100220680237,1.1520073413848877,1.3106160163879395,156.93899536132812,0.561381459236145
2025-11-26,0.6470301151275635,1.4102200269699097,0.8079800009727478,1.156483769416809,1.315870761871338,156.22999572753906,0.5624499320983887
2025-11-27,0.6524859666824341,1.4039499759674072,0.8034899830818176,1.1602139472961426,1.3244997262954712,156.23899841308594,0.5707000494003296
2025-11-28,0.653579831123352,1.4026000499725342,0.8046000003814697,1.1599851846694946,1.3241175413131714,156.28399658203125,0.5731000304222107
2025-12-01,0.6551298499107361,1.396939992904663,0.8033400177955627,1.1601465940475464,1.3239772319793701,155.92799377441406,0.5736411809921265
2025-12-02,0.6544001698493958,1.399999976158142,0.8046000003814697,1.1607661247253418,1.3209341764450073,155.5570068359375,0.572619616985321
2025-12-03,0.6573700904846191,1.3969600200653076,0.8028600215911865,1.1627906560897827,1.3219469785690308,155.8070068359375,0.574079155921936
2025-12-04,0.6605019569396973,1.3953100442886353,0.7997599840164185,1.1666841506958008,1.3348817825317383,155.10699462890625,0.5774205327033997
2025-12-05,0.660641610622406,1.3959699869155884,0.8037800192832947,1.1642799377441406,1.3321788311004639,155.14199829101562,0.5759804248809814
2025-12-08,0.6635400652885437,1.3834600448608398,0.8048499822616577,1.164022445678711,1.3324593305587769,155.33999633789062,0.5775999426841736
2025-12-09,0.6627300977706909,1.3848999738693237,0.8066380023956299,1.1641442775726318,1.3326793909072876,155.843994140625,0.5776100158691406
2025-12-10,0.6640987992286682,1.3845499753952026,0.805899977684021,1.1628313064575195,1.3303532600402832,156.83799743652344,0.5779501795768738
2025-12-11,0.6674498319625854,1.3789399862289429,0.7993800044059753,1.1701242923736572,1.3388315439224243,155.7899932861328,0.5817199945449829
2025-12-12,0.6665000319480896,1.3775700330734253,0.7947900295257568,1.1739431619644165,1.339046597480774,155.56700134277344,0.5809191465377808
2025-12-15,0.6647300720214844,1.3767800331115723,0.7961400151252747,1.1737639904022217,1.3367732763290405,155.88800048828125,0.5802315473556519
2025-12-16,0.6641799807548523,1.3769199848175049,0.7960100173950195,1.1754610538482666,1.3380612134933472,155.01499938964844,0.5786099433898926
2025-12-17,0.6634001135826111,1.3756099939346313,0.795199990272522,1.1749500036239624,1.342499852180481,154.7779998779297,0.5785999298095703
2025-12-18,0.6601501107215881,1.3783799409866333,0.795199990272522,1.1742326021194458,1.3374598026275635,155.4949951171875,0.5772998332977295
2025-12-19,0.6613800525665283,1.3776999711990356,0.7940099835395813,1.1725666522979736,1.3385393619537354,155.58599853515625,0.5776106715202332
2025-12-22,0.6610198020935059,1.3790299892425537,0.7958300113677979,1.1708093881607056,1.3377031087875366,157.67599487304688,0.57548987865448
2025-12-23,0.6658400893211365,1.3748699426651,0.7914299964904785,1.1765950918197632,1.3469899892807007,156.8769989013672,0.5797706246376038
2025-12-24,0.6701900959014893,1.3685499429702759,0.7874500155448914,1.179551362991333,1.3513604402542114,156.17599487304688,0.5842998623847961
2025-12-26,0.6705604195594788,1.3672000169754028,0.7880499958992004,1.1785364151000977,1.3508949279785156,156.08999633789062,0.5836417078971863
2025-12-29,0.6714099645614624,1.3668299913406372,0.7892400026321411,1.1772738695144653,1.349727988243103,156.46299743652344,0.582610011100769
2025-12-30,0.6695501804351807,1.3687200546264648,0.7886999845504761,1.1772878170013428,1.3510993719100952,156.01300048828125,0.5808698534965515
2025-12-31,0.6697999835014343,1.3694700002670288,0.791700005531311,1.1747292280197144,1.346719741821289,156.41299438476562,0.5791494250297546
